observation_id,indicator_id,indicator_name,category,subcategory,country_iso3,country_name,comparison_group,period_type,year,period_start,period_end,period_label,value_raw,value_numeric,unit,unit_standardized,value_standardized,standardization_note,indicator_type,source_id,source_name,source_url,source_file_path,source_publication_date,retrieved_at,confidence_tier,uncertainty_note,is_canonical,canonical_selection_reason,source_priority,dedupe_key,normalization_method,notes
obs_0bbdb5da2b8485,ai_concern_more_than_excited_pct,Share more concerned than excited about AI,Social Readiness,social_readiness,KOR,South Korea,KOR/USA/CHN,annual,2025,2025-01-01,2025-12-31,2025,16.0,16.0,percent,percent,16.0,Percent value preserved.,survey_metric,pew_ai_views,How People Around the World View AI,https://www.pewresearch.org/global/2025/10/15/how-people-around-the-world-view-ai/,,,2026-05-03T04:50:10+00:00,medium_high,Survey margin of error.,True,Only observation for indicator/country/period/unit.,9,ai_concern_more_than_excited_pct|KOR|2025-01-01|2025-12-31|percent,mapped_to_master_schema,Share mainly concerned about AI in Pew report text.
obs_5274b6ddb69a10,ai_index_fig_1_8_3_pct_share,"Percentage of top AI authors and inventors by education level and country, 2010–25","Talent, Public Sector, and Defense",pct_share,KOR,South Korea,KOR/USA/CHN,annual,2010,2010-01-01,2010-12-31,2010,0.0565,0.0565,percent,percent,5.65,Converted decimal share to percent.,observed_metric,stanford_ai_index_2026_public_data_bundle,2026 AI Index Report public data bundle,https://hai.stanford.edu/ai-index,1. Research and Development\Data\fig_1.8.3.csv,,2026-05-03T06:51:20+00:00,medium_high,"Korea-specific AI talent, education, graduate, or skills indicator.",True,"Selected by source hierarchy, confidence tier, indicator type, and recency; competed with 3 alternative rows from stanford_ai_index_2026_public_data_bundle.",5,ai_index_fig_1_8_3_pct_share|KOR|2010-01-01|2010-12-31|percent,mapped_to_master_schema,"Source figure: fig_1.8.3; source chapter: 1. Research and Development | Korea-specific AI talent, education, graduate, or skills indicator. | {""country_code"": ""KR"", ""education_label"": ""Bachelor"", ""year"": ""2010""} | Original fields: {""country"": ""South Korea"", ""country_code"": ""KR"", ""education_label"": ""Bachelor"", ""pct_share"": ""0.0565"", ""year"": ""2010""}"
obs_ba76c1f925afe4,ai_index_fig_1_8_3_pct_share,"Percentage of top AI authors and inventors by education level and country, 2010–25","Talent, Public Sector, and Defense",pct_share,KOR,South Korea,KOR/USA/CHN,annual,2011,2011-01-01,2011-12-31,2011,0.0557,0.0557,percent,percent,5.57,Converted decimal share to percent.,observed_metric,stanford_ai_index_2026_public_data_bundle,2026 AI Index Report public data bundle,https://hai.stanford.edu/ai-index,1. Research and Development\Data\fig_1.8.3.csv,,2026-05-03T06:51:20+00:00,medium_high,"Korea-specific AI talent, education, graduate, or skills indicator.",True,"Selected by source hierarchy, confidence tier, indicator type, and recency; competed with 3 alternative rows from stanford_ai_index_2026_public_data_bundle.",5,ai_index_fig_1_8_3_pct_share|KOR|2011-01-01|2011-12-31|percent,mapped_to_master_schema,"Source figure: fig_1.8.3; source chapter: 1. Research and Development | Korea-specific AI talent, education, graduate, or skills indicator. | {""country_code"": ""KR"", ""education_label"": ""Bachelor"", ""year"": ""2011""} | Original fields: {""country"": ""South Korea"", ""country_code"": ""KR"", ""education_label"": ""Bachelor"", ""pct_share"": ""0.0557"", ""year"": ""2011""}"
obs_bab0383250f1be,ai_index_fig_1_8_3_pct_share,"Percentage of top AI authors and inventors by education level and country, 2010–25","Talent, Public Sector, and Defense",pct_share,KOR,South Korea,KOR/USA/CHN,annual,2012,2012-01-01,2012-12-31,2012,0.057,0.057,percent,percent,5.7,Converted decimal share to percent.,observed_metric,stanford_ai_index_2026_public_data_bundle,2026 AI Index Report public data bundle,https://hai.stanford.edu/ai-index,1. Research and Development\Data\fig_1.8.3.csv,,2026-05-03T06:51:20+00:00,medium_high,"Korea-specific AI talent, education, graduate, or skills indicator.",True,"Selected by source hierarchy, confidence tier, indicator type, and recency; competed with 3 alternative rows from stanford_ai_index_2026_public_data_bundle.",5,ai_index_fig_1_8_3_pct_share|KOR|2012-01-01|2012-12-31|percent,mapped_to_master_schema,"Source figure: fig_1.8.3; source chapter: 1. Research and Development | Korea-specific AI talent, education, graduate, or skills indicator. | {""country_code"": ""KR"", ""education_label"": ""Bachelor"", ""year"": ""2012""} | Original fields: {""country"": ""South Korea"", ""country_code"": ""KR"", ""education_label"": ""Bachelor"", ""pct_share"": ""0.057"", ""year"": ""2012""}"
obs_4d2284cfa22035,ai_index_fig_1_8_3_pct_share,"Percentage of top AI authors and inventors by education level and country, 2010–25","Talent, Public Sector, and Defense",pct_share,KOR,South Korea,KOR/USA/CHN,annual,2013,2013-01-01,2013-12-31,2013,0.0617,0.0617,percent,percent,6.17,Converted decimal share to percent.,observed_metric,stanford_ai_index_2026_public_data_bundle,2026 AI Index Report public data bundle,https://hai.stanford.edu/ai-index,1. Research and Development\Data\fig_1.8.3.csv,,2026-05-03T06:51:20+00:00,medium_high,"Korea-specific AI talent, education, graduate, or skills indicator.",True,"Selected by source hierarchy, confidence tier, indicator type, and recency; competed with 4 alternative rows from stanford_ai_index_2026_public_data_bundle.",5,ai_index_fig_1_8_3_pct_share|KOR|2013-01-01|2013-12-31|percent,mapped_to_master_schema,"Source figure: fig_1.8.3; source chapter: 1. Research and Development | Korea-specific AI talent, education, graduate, or skills indicator. | {""country_code"": ""KR"", ""education_label"": ""Bachelor"", ""year"": ""2013""} | Original fields: {""country"": ""South Korea"", ""country_code"": ""KR"", ""education_label"": ""Bachelor"", ""pct_share"": ""0.0617"", ""year"": ""2013""}"
obs_527e700561bbbe,ai_index_fig_1_8_3_pct_share,"Percentage of top AI authors and inventors by education level and country, 2010–25","Talent, Public Sector, and Defense",pct_share,KOR,South Korea,KOR/USA/CHN,annual,2014,2014-01-01,2014-12-31,2014,0.0643,0.0643,percent,percent,6.43,Converted decimal share to percent.,observed_metric,stanford_ai_index_2026_public_data_bundle,2026 AI Index Report public data bundle,https://hai.stanford.edu/ai-index,1. Research and Development\Data\fig_1.8.3.csv,,2026-05-03T06:51:20+00:00,medium_high,"Korea-specific AI talent, education, graduate, or skills indicator.",True,"Selected by source hierarchy, confidence tier, indicator type, and recency; competed with 4 alternative rows from stanford_ai_index_2026_public_data_bundle.",5,ai_index_fig_1_8_3_pct_share|KOR|2014-01-01|2014-12-31|percent,mapped_to_master_schema,"Source figure: fig_1.8.3; source chapter: 1. Research and Development | Korea-specific AI talent, education, graduate, or skills indicator. | {""country_code"": ""KR"", ""education_label"": ""Bachelor"", ""year"": ""2014""} | Original fields: {""country"": ""South Korea"", ""country_code"": ""KR"", ""education_label"": ""Bachelor"", ""pct_share"": ""0.0643"", ""year"": ""2014""}"
obs_d565ba96e68384,ai_index_fig_1_8_3_pct_share,"Percentage of top AI authors and inventors by education level and country, 2010–25","Talent, Public Sector, and Defense",pct_share,KOR,South Korea,KOR/USA/CHN,annual,2015,2015-01-01,2015-12-31,2015,0.0649,0.0649,percent,percent,6.49,Converted decimal share to percent.,observed_metric,stanford_ai_index_2026_public_data_bundle,2026 AI Index Report public data bundle,https://hai.stanford.edu/ai-index,1. Research and Development\Data\fig_1.8.3.csv,,2026-05-03T06:51:20+00:00,medium_high,"Korea-specific AI talent, education, graduate, or skills indicator.",True,"Selected by source hierarchy, confidence tier, indicator type, and recency; competed with 4 alternative rows from stanford_ai_index_2026_public_data_bundle.",5,ai_index_fig_1_8_3_pct_share|KOR|2015-01-01|2015-12-31|percent,mapped_to_master_schema,"Source figure: fig_1.8.3; source chapter: 1. Research and Development | Korea-specific AI talent, education, graduate, or skills indicator. | {""country_code"": ""KR"", ""education_label"": ""Bachelor"", ""year"": ""2015""} | Original fields: {""country"": ""South Korea"", ""country_code"": ""KR"", ""education_label"": ""Bachelor"", ""pct_share"": ""0.0649"", ""year"": ""2015""}"
obs_6f15dc76e672c9,ai_index_fig_1_8_3_pct_share,"Percentage of top AI authors and inventors by education level and country, 2010–25","Talent, Public Sector, and Defense",pct_share,KOR,South Korea,KOR/USA/CHN,annual,2016,2016-01-01,2016-12-31,2016,0.0698,0.0698,percent,percent,6.98,Converted decimal share to percent.,observed_metric,stanford_ai_index_2026_public_data_bundle,2026 AI Index Report public data bundle,https://hai.stanford.edu/ai-index,1. Research and Development\Data\fig_1.8.3.csv,,2026-05-03T06:51:20+00:00,medium_high,"Korea-specific AI talent, education, graduate, or skills indicator.",True,"Selected by source hierarchy, confidence tier, indicator type, and recency; competed with 5 alternative rows from stanford_ai_index_2026_public_data_bundle.",5,ai_index_fig_1_8_3_pct_share|KOR|2016-01-01|2016-12-31|percent,mapped_to_master_schema,"Source figure: fig_1.8.3; source chapter: 1. Research and Development | Korea-specific AI talent, education, graduate, or skills indicator. | {""country_code"": ""KR"", ""education_label"": ""Bachelor"", ""year"": ""2016""} | Original fields: {""country"": ""South Korea"", ""country_code"": ""KR"", ""education_label"": ""Bachelor"", ""pct_share"": ""0.0698"", ""year"": ""2016""}"
obs_e9e66f57a7d10b,ai_index_fig_1_8_3_pct_share,"Percentage of top AI authors and inventors by education level and country, 2010–25","Talent, Public Sector, and Defense",pct_share,KOR,South Korea,KOR/USA/CHN,annual,2017,2017-01-01,2017-12-31,2017,0.0708,0.0708,percent,percent,7.08,Converted decimal share to percent.,observed_metric,stanford_ai_index_2026_public_data_bundle,2026 AI Index Report public data bundle,https://hai.stanford.edu/ai-index,1. Research and Development\Data\fig_1.8.3.csv,,2026-05-03T06:51:20+00:00,medium_high,"Korea-specific AI talent, education, graduate, or skills indicator.",True,"Selected by source hierarchy, confidence tier, indicator type, and recency; competed with 5 alternative rows from stanford_ai_index_2026_public_data_bundle.",5,ai_index_fig_1_8_3_pct_share|KOR|2017-01-01|2017-12-31|percent,mapped_to_master_schema,"Source figure: fig_1.8.3; source chapter: 1. Research and Development | Korea-specific AI talent, education, graduate, or skills indicator. | {""country_code"": ""KR"", ""education_label"": ""Bachelor"", ""year"": ""2017""} | Original fields: {""country"": ""South Korea"", ""country_code"": ""KR"", ""education_label"": ""Bachelor"", ""pct_share"": ""0.0708"", ""year"": ""2017""}"
obs_331c9468c9f151,ai_index_fig_1_8_3_pct_share,"Percentage of top AI authors and inventors by education level and country, 2010–25","Talent, Public Sector, and Defense",pct_share,KOR,South Korea,KOR/USA/CHN,annual,2018,2018-01-01,2018-12-31,2018,0.0716,0.0716,percent,percent,7.16,Converted decimal share to percent.,observed_metric,stanford_ai_index_2026_public_data_bundle,2026 AI Index Report public data bundle,https://hai.stanford.edu/ai-index,1. Research and Development\Data\fig_1.8.3.csv,,2026-05-03T06:51:20+00:00,medium_high,"Korea-specific AI talent, education, graduate, or skills indicator.",True,"Selected by source hierarchy, confidence tier, indicator type, and recency; competed with 5 alternative rows from stanford_ai_index_2026_public_data_bundle.",5,ai_index_fig_1_8_3_pct_share|KOR|2018-01-01|2018-12-31|percent,mapped_to_master_schema,"Source figure: fig_1.8.3; source chapter: 1. Research and Development | Korea-specific AI talent, education, graduate, or skills indicator. | {""country_code"": ""KR"", ""education_label"": ""Bachelor"", ""year"": ""2018""} | Original fields: {""country"": ""South Korea"", ""country_code"": ""KR"", ""education_label"": ""Bachelor"", ""pct_share"": ""0.0716"", ""year"": ""2018""}"
obs_fd7687c985c657,ai_index_fig_1_8_3_pct_share,"Percentage of top AI authors and inventors by education level and country, 2010–25","Talent, Public Sector, and Defense",pct_share,KOR,South Korea,KOR/USA/CHN,annual,2019,2019-01-01,2019-12-31,2019,0.0759,0.0759,percent,percent,7.59,Converted decimal share to percent.,observed_metric,stanford_ai_index_2026_public_data_bundle,2026 AI Index Report public data bundle,https://hai.stanford.edu/ai-index,1. Research and Development\Data\fig_1.8.3.csv,,2026-05-03T06:51:20+00:00,medium_high,"Korea-specific AI talent, education, graduate, or skills indicator.",True,"Selected by source hierarchy, confidence tier, indicator type, and recency; competed with 5 alternative rows from stanford_ai_index_2026_public_data_bundle.",5,ai_index_fig_1_8_3_pct_share|KOR|2019-01-01|2019-12-31|percent,mapped_to_master_schema,"Source figure: fig_1.8.3; source chapter: 1. Research and Development | Korea-specific AI talent, education, graduate, or skills indicator. | {""country_code"": ""KR"", ""education_label"": ""Bachelor"", ""year"": ""2019""} | Original fields: {""country"": ""South Korea"", ""country_code"": ""KR"", ""education_label"": ""Bachelor"", ""pct_share"": ""0.0759"", ""year"": ""2019""}"
obs_8707c731ec9331,ai_index_fig_1_8_3_pct_share,"Percentage of top AI authors and inventors by education level and country, 2010–25","Talent, Public Sector, and Defense",pct_share,KOR,South Korea,KOR/USA/CHN,annual,2020,2020-01-01,2020-12-31,2020,0.0792,0.0792,percent,percent,7.920000000000001,Converted decimal share to percent.,observed_metric,stanford_ai_index_2026_public_data_bundle,2026 AI Index Report public data bundle,https://hai.stanford.edu/ai-index,1. Research and Development\Data\fig_1.8.3.csv,,2026-05-03T06:51:20+00:00,medium_high,"Korea-specific AI talent, education, graduate, or skills indicator.",True,"Selected by source hierarchy, confidence tier, indicator type, and recency; competed with 5 alternative rows from stanford_ai_index_2026_public_data_bundle.",5,ai_index_fig_1_8_3_pct_share|KOR|2020-01-01|2020-12-31|percent,mapped_to_master_schema,"Source figure: fig_1.8.3; source chapter: 1. Research and Development | Korea-specific AI talent, education, graduate, or skills indicator. | {""country_code"": ""KR"", ""education_label"": ""Bachelor"", ""year"": ""2020""} | Original fields: {""country"": ""South Korea"", ""country_code"": ""KR"", ""education_label"": ""Bachelor"", ""pct_share"": ""0.0792"", ""year"": ""2020""}"
obs_12ecb0d1cb2784,ai_index_fig_1_8_3_pct_share,"Percentage of top AI authors and inventors by education level and country, 2010–25","Talent, Public Sector, and Defense",pct_share,KOR,South Korea,KOR/USA/CHN,annual,2021,2021-01-01,2021-12-31,2021,0.0823,0.0823,percent,percent,8.23,Converted decimal share to percent.,observed_metric,stanford_ai_index_2026_public_data_bundle,2026 AI Index Report public data bundle,https://hai.stanford.edu/ai-index,1. Research and Development\Data\fig_1.8.3.csv,,2026-05-03T06:51:20+00:00,medium_high,"Korea-specific AI talent, education, graduate, or skills indicator.",True,"Selected by source hierarchy, confidence tier, indicator type, and recency; competed with 5 alternative rows from stanford_ai_index_2026_public_data_bundle.",5,ai_index_fig_1_8_3_pct_share|KOR|2021-01-01|2021-12-31|percent,mapped_to_master_schema,"Source figure: fig_1.8.3; source chapter: 1. Research and Development | Korea-specific AI talent, education, graduate, or skills indicator. | {""country_code"": ""KR"", ""education_label"": ""Bachelor"", ""year"": ""2021""} | Original fields: {""country"": ""South Korea"", ""country_code"": ""KR"", ""education_label"": ""Bachelor"", ""pct_share"": ""0.0823"", ""year"": ""2021""}"
obs_7d5cc35900da41,ai_index_fig_1_8_3_pct_share,"Percentage of top AI authors and inventors by education level and country, 2010–25","Talent, Public Sector, and Defense",pct_share,KOR,South Korea,KOR/USA/CHN,annual,2022,2022-01-01,2022-12-31,2022,0.0864,0.0864,percent,percent,8.64,Converted decimal share to percent.,observed_metric,stanford_ai_index_2026_public_data_bundle,2026 AI Index Report public data bundle,https://hai.stanford.edu/ai-index,1. Research and Development\Data\fig_1.8.3.csv,,2026-05-03T06:51:20+00:00,medium_high,"Korea-specific AI talent, education, graduate, or skills indicator.",True,"Selected by source hierarchy, confidence tier, indicator type, and recency; competed with 5 alternative rows from stanford_ai_index_2026_public_data_bundle.",5,ai_index_fig_1_8_3_pct_share|KOR|2022-01-01|2022-12-31|percent,mapped_to_master_schema,"Source figure: fig_1.8.3; source chapter: 1. Research and Development | Korea-specific AI talent, education, graduate, or skills indicator. | {""country_code"": ""KR"", ""education_label"": ""Bachelor"", ""year"": ""2022""} | Original fields: {""country"": ""South Korea"", ""country_code"": ""KR"", ""education_label"": ""Bachelor"", ""pct_share"": ""0.0864"", ""year"": ""2022""}"
obs_2ea1994ab66aa3,ai_index_fig_1_8_3_pct_share,"Percentage of top AI authors and inventors by education level and country, 2010–25","Talent, Public Sector, and Defense",pct_share,KOR,South Korea,KOR/USA/CHN,annual,2023,2023-01-01,2023-12-31,2023,0.0899,0.0899,percent,percent,8.99,Converted decimal share to percent.,observed_metric,stanford_ai_index_2026_public_data_bundle,2026 AI Index Report public data bundle,https://hai.stanford.edu/ai-index,1. Research and Development\Data\fig_1.8.3.csv,,2026-05-03T06:51:20+00:00,medium_high,"Korea-specific AI talent, education, graduate, or skills indicator.",True,"Selected by source hierarchy, confidence tier, indicator type, and recency; competed with 5 alternative rows from stanford_ai_index_2026_public_data_bundle.",5,ai_index_fig_1_8_3_pct_share|KOR|2023-01-01|2023-12-31|percent,mapped_to_master_schema,"Source figure: fig_1.8.3; source chapter: 1. Research and Development | Korea-specific AI talent, education, graduate, or skills indicator. | {""country_code"": ""KR"", ""education_label"": ""Bachelor"", ""year"": ""2023""} | Original fields: {""country"": ""South Korea"", ""country_code"": ""KR"", ""education_label"": ""Bachelor"", ""pct_share"": ""0.0899"", ""year"": ""2023""}"
obs_f85e2f3dcf326a,ai_index_fig_1_8_3_pct_share,"Percentage of top AI authors and inventors by education level and country, 2010–25","Talent, Public Sector, and Defense",pct_share,KOR,South Korea,KOR/USA/CHN,annual,2024,2024-01-01,2024-12-31,2024,0.093,0.093,percent,percent,9.3,Converted decimal share to percent.,observed_metric,stanford_ai_index_2026_public_data_bundle,2026 AI Index Report public data bundle,https://hai.stanford.edu/ai-index,1. Research and Development\Data\fig_1.8.3.csv,,2026-05-03T06:51:20+00:00,medium_high,"Korea-specific AI talent, education, graduate, or skills indicator.",True,"Selected by source hierarchy, confidence tier, indicator type, and recency; competed with 5 alternative rows from stanford_ai_index_2026_public_data_bundle.",5,ai_index_fig_1_8_3_pct_share|KOR|2024-01-01|2024-12-31|percent,mapped_to_master_schema,"Source figure: fig_1.8.3; source chapter: 1. Research and Development | Korea-specific AI talent, education, graduate, or skills indicator. | {""country_code"": ""KR"", ""education_label"": ""Bachelor"", ""year"": ""2024""} | Original fields: {""country"": ""South Korea"", ""country_code"": ""KR"", ""education_label"": ""Bachelor"", ""pct_share"": ""0.093"", ""year"": ""2024""}"
obs_5113d9ec9e41c8,ai_index_fig_1_8_3_pct_share,"Percentage of top AI authors and inventors by education level and country, 2010–25","Talent, Public Sector, and Defense",pct_share,KOR,South Korea,KOR/USA/CHN,annual,2025,2025-01-01,2025-12-31,2025,0.096,0.096,percent,percent,9.6,Converted decimal share to percent.,observed_metric,stanford_ai_index_2026_public_data_bundle,2026 AI Index Report public data bundle,https://hai.stanford.edu/ai-index,1. Research and Development\Data\fig_1.8.3.csv,,2026-05-03T06:51:20+00:00,medium_high,"Korea-specific AI talent, education, graduate, or skills indicator.",True,"Selected by source hierarchy, confidence tier, indicator type, and recency; competed with 5 alternative rows from stanford_ai_index_2026_public_data_bundle.",5,ai_index_fig_1_8_3_pct_share|KOR|2025-01-01|2025-12-31|percent,mapped_to_master_schema,"Source figure: fig_1.8.3; source chapter: 1. Research and Development | Korea-specific AI talent, education, graduate, or skills indicator. | {""country_code"": ""KR"", ""education_label"": ""Bachelor"", ""year"": ""2025""} | Original fields: {""country"": ""South Korea"", ""country_code"": ""KR"", ""education_label"": ""Bachelor"", ""pct_share"": ""0.096"", ""year"": ""2025""}"
obs_fc1324596c0aa3,ai_index_fig_1_8_4_female,"Top AI authors and inventors (% of total) by gender, 2010–25","Talent, Public Sector, and Defense",Female,KOR,South Korea,KOR/USA/CHN,annual,2010,2010-01-01,2010-12-31,2010,0.1628,0.1628,percent,percent,16.28,Converted decimal share to percent.,observed_metric,stanford_ai_index_2026_public_data_bundle,2026 AI Index Report public data bundle,https://hai.stanford.edu/ai-index,1. Research and Development\Data\fig_1.8.4.csv,,2026-05-03T06:51:20+00:00,medium_high,"Korea-specific AI talent, education, graduate, or skills indicator.",True,Only observation for indicator/country/period/unit.,5,ai_index_fig_1_8_4_female|KOR|2010-01-01|2010-12-31|percent,mapped_to_master_schema,"Source figure: fig_1.8.4; source chapter: 1. Research and Development | Korea-specific AI talent, education, graduate, or skills indicator. | {""country_code"": ""KR"", ""year"": ""2010""} | Original fields: {""Female"": ""0.1628"", ""Male"": ""0.8372"", ""country"": ""South Korea"", ""country_code"": ""KR"", ""year"": ""2010""}"
obs_cc279c1f2fc8d9,ai_index_fig_1_8_4_female,"Top AI authors and inventors (% of total) by gender, 2010–25","Talent, Public Sector, and Defense",Female,KOR,South Korea,KOR/USA/CHN,annual,2011,2011-01-01,2011-12-31,2011,0.1768,0.1768,percent,percent,17.68,Converted decimal share to percent.,observed_metric,stanford_ai_index_2026_public_data_bundle,2026 AI Index Report public data bundle,https://hai.stanford.edu/ai-index,1. Research and Development\Data\fig_1.8.4.csv,,2026-05-03T06:51:20+00:00,medium_high,"Korea-specific AI talent, education, graduate, or skills indicator.",True,Only observation for indicator/country/period/unit.,5,ai_index_fig_1_8_4_female|KOR|2011-01-01|2011-12-31|percent,mapped_to_master_schema,"Source figure: fig_1.8.4; source chapter: 1. Research and Development | Korea-specific AI talent, education, graduate, or skills indicator. | {""country_code"": ""KR"", ""year"": ""2011""} | Original fields: {""Female"": ""0.1768"", ""Male"": ""0.8232"", ""country"": ""South Korea"", ""country_code"": ""KR"", ""year"": ""2011""}"
obs_7b9530e038421f,ai_index_fig_1_8_4_female,"Top AI authors and inventors (% of total) by gender, 2010–25","Talent, Public Sector, and Defense",Female,KOR,South Korea,KOR/USA/CHN,annual,2012,2012-01-01,2012-12-31,2012,0.1778,0.1778,percent,percent,17.78,Converted decimal share to percent.,observed_metric,stanford_ai_index_2026_public_data_bundle,2026 AI Index Report public data bundle,https://hai.stanford.edu/ai-index,1. Research and Development\Data\fig_1.8.4.csv,,2026-05-03T06:51:20+00:00,medium_high,"Korea-specific AI talent, education, graduate, or skills indicator.",True,Only observation for indicator/country/period/unit.,5,ai_index_fig_1_8_4_female|KOR|2012-01-01|2012-12-31|percent,mapped_to_master_schema,"Source figure: fig_1.8.4; source chapter: 1. Research and Development | Korea-specific AI talent, education, graduate, or skills indicator. | {""country_code"": ""KR"", ""year"": ""2012""} | Original fields: {""Female"": ""0.1778"", ""Male"": ""0.8222"", ""country"": ""South Korea"", ""country_code"": ""KR"", ""year"": ""2012""}"
obs_cffaf589db4664,ai_index_fig_1_8_4_female,"Top AI authors and inventors (% of total) by gender, 2010–25","Talent, Public Sector, and Defense",Female,KOR,South Korea,KOR/USA/CHN,annual,2013,2013-01-01,2013-12-31,2013,0.1827,0.1827,percent,percent,18.27,Converted decimal share to percent.,observed_metric,stanford_ai_index_2026_public_data_bundle,2026 AI Index Report public data bundle,https://hai.stanford.edu/ai-index,1. Research and Development\Data\fig_1.8.4.csv,,2026-05-03T06:51:20+00:00,medium_high,"Korea-specific AI talent, education, graduate, or skills indicator.",True,Only observation for indicator/country/period/unit.,5,ai_index_fig_1_8_4_female|KOR|2013-01-01|2013-12-31|percent,mapped_to_master_schema,"Source figure: fig_1.8.4; source chapter: 1. Research and Development | Korea-specific AI talent, education, graduate, or skills indicator. | {""country_code"": ""KR"", ""year"": ""2013""} | Original fields: {""Female"": ""0.1827"", ""Male"": ""0.8173"", ""country"": ""South Korea"", ""country_code"": ""KR"", ""year"": ""2013""}"
obs_21ad74f7b2646e,ai_index_fig_1_8_4_female,"Top AI authors and inventors (% of total) by gender, 2010–25","Talent, Public Sector, and Defense",Female,KOR,South Korea,KOR/USA/CHN,annual,2014,2014-01-01,2014-12-31,2014,0.1807,0.1807,percent,percent,18.07,Converted decimal share to percent.,observed_metric,stanford_ai_index_2026_public_data_bundle,2026 AI Index Report public data bundle,https://hai.stanford.edu/ai-index,1. Research and Development\Data\fig_1.8.4.csv,,2026-05-03T06:51:20+00:00,medium_high,"Korea-specific AI talent, education, graduate, or skills indicator.",True,Only observation for indicator/country/period/unit.,5,ai_index_fig_1_8_4_female|KOR|2014-01-01|2014-12-31|percent,mapped_to_master_schema,"Source figure: fig_1.8.4; source chapter: 1. Research and Development | Korea-specific AI talent, education, graduate, or skills indicator. | {""country_code"": ""KR"", ""year"": ""2014""} | Original fields: {""Female"": ""0.1807"", ""Male"": ""0.8193"", ""country"": ""South Korea"", ""country_code"": ""KR"", ""year"": ""2014""}"
obs_41e2643f4fdb5d,ai_index_fig_1_8_4_female,"Top AI authors and inventors (% of total) by gender, 2010–25","Talent, Public Sector, and Defense",Female,KOR,South Korea,KOR/USA/CHN,annual,2015,2015-01-01,2015-12-31,2015,0.1785,0.1785,percent,percent,17.849999999999998,Converted decimal share to percent.,observed_metric,stanford_ai_index_2026_public_data_bundle,2026 AI Index Report public data bundle,https://hai.stanford.edu/ai-index,1. Research and Development\Data\fig_1.8.4.csv,,2026-05-03T06:51:20+00:00,medium_high,"Korea-specific AI talent, education, graduate, or skills indicator.",True,Only observation for indicator/country/period/unit.,5,ai_index_fig_1_8_4_female|KOR|2015-01-01|2015-12-31|percent,mapped_to_master_schema,"Source figure: fig_1.8.4; source chapter: 1. Research and Development | Korea-specific AI talent, education, graduate, or skills indicator. | {""country_code"": ""KR"", ""year"": ""2015""} | Original fields: {""Female"": ""0.1785"", ""Male"": ""0.8215"", ""country"": ""South Korea"", ""country_code"": ""KR"", ""year"": ""2015""}"
obs_0878604f120fa4,ai_index_fig_1_8_4_female,"Top AI authors and inventors (% of total) by gender, 2010–25","Talent, Public Sector, and Defense",Female,KOR,South Korea,KOR/USA/CHN,annual,2016,2016-01-01,2016-12-31,2016,0.1829,0.1829,percent,percent,18.29,Converted decimal share to percent.,observed_metric,stanford_ai_index_2026_public_data_bundle,2026 AI Index Report public data bundle,https://hai.stanford.edu/ai-index,1. Research and Development\Data\fig_1.8.4.csv,,2026-05-03T06:51:20+00:00,medium_high,"Korea-specific AI talent, education, graduate, or skills indicator.",True,Only observation for indicator/country/period/unit.,5,ai_index_fig_1_8_4_female|KOR|2016-01-01|2016-12-31|percent,mapped_to_master_schema,"Source figure: fig_1.8.4; source chapter: 1. Research and Development | Korea-specific AI talent, education, graduate, or skills indicator. | {""country_code"": ""KR"", ""year"": ""2016""} | Original fields: {""Female"": ""0.1829"", ""Male"": ""0.8171"", ""country"": ""South Korea"", ""country_code"": ""KR"", ""year"": ""2016""}"
obs_c7bf1ad4d9d637,ai_index_fig_1_8_4_female,"Top AI authors and inventors (% of total) by gender, 2010–25","Talent, Public Sector, and Defense",Female,KOR,South Korea,KOR/USA/CHN,annual,2017,2017-01-01,2017-12-31,2017,0.1797,0.1797,percent,percent,17.97,Converted decimal share to percent.,observed_metric,stanford_ai_index_2026_public_data_bundle,2026 AI Index Report public data bundle,https://hai.stanford.edu/ai-index,1. Research and Development\Data\fig_1.8.4.csv,,2026-05-03T06:51:20+00:00,medium_high,"Korea-specific AI talent, education, graduate, or skills indicator.",True,Only observation for indicator/country/period/unit.,5,ai_index_fig_1_8_4_female|KOR|2017-01-01|2017-12-31|percent,mapped_to_master_schema,"Source figure: fig_1.8.4; source chapter: 1. Research and Development | Korea-specific AI talent, education, graduate, or skills indicator. | {""country_code"": ""KR"", ""year"": ""2017""} | Original fields: {""Female"": ""0.1797"", ""Male"": ""0.8203"", ""country"": ""South Korea"", ""country_code"": ""KR"", ""year"": ""2017""}"
obs_16277a0206cbe7,ai_index_fig_1_8_4_female,"Top AI authors and inventors (% of total) by gender, 2010–25","Talent, Public Sector, and Defense",Female,KOR,South Korea,KOR/USA/CHN,annual,2018,2018-01-01,2018-12-31,2018,0.1852,0.1852,percent,percent,18.52,Converted decimal share to percent.,observed_metric,stanford_ai_index_2026_public_data_bundle,2026 AI Index Report public data bundle,https://hai.stanford.edu/ai-index,1. Research and Development\Data\fig_1.8.4.csv,,2026-05-03T06:51:20+00:00,medium_high,"Korea-specific AI talent, education, graduate, or skills indicator.",True,Only observation for indicator/country/period/unit.,5,ai_index_fig_1_8_4_female|KOR|2018-01-01|2018-12-31|percent,mapped_to_master_schema,"Source figure: fig_1.8.4; source chapter: 1. Research and Development | Korea-specific AI talent, education, graduate, or skills indicator. | {""country_code"": ""KR"", ""year"": ""2018""} | Original fields: {""Female"": ""0.1852"", ""Male"": ""0.8148"", ""country"": ""South Korea"", ""country_code"": ""KR"", ""year"": ""2018""}"
obs_63a18e01d3406b,ai_index_fig_1_8_4_female,"Top AI authors and inventors (% of total) by gender, 2010–25","Talent, Public Sector, and Defense",Female,KOR,South Korea,KOR/USA/CHN,annual,2019,2019-01-01,2019-12-31,2019,0.1818,0.1818,percent,percent,18.18,Converted decimal share to percent.,observed_metric,stanford_ai_index_2026_public_data_bundle,2026 AI Index Report public data bundle,https://hai.stanford.edu/ai-index,1. Research and Development\Data\fig_1.8.4.csv,,2026-05-03T06:51:20+00:00,medium_high,"Korea-specific AI talent, education, graduate, or skills indicator.",True,Only observation for indicator/country/period/unit.,5,ai_index_fig_1_8_4_female|KOR|2019-01-01|2019-12-31|percent,mapped_to_master_schema,"Source figure: fig_1.8.4; source chapter: 1. Research and Development | Korea-specific AI talent, education, graduate, or skills indicator. | {""country_code"": ""KR"", ""year"": ""2019""} | Original fields: {""Female"": ""0.1818"", ""Male"": ""0.8182"", ""country"": ""South Korea"", ""country_code"": ""KR"", ""year"": ""2019""}"
obs_e56643ea96a754,ai_index_fig_1_8_4_female,"Top AI authors and inventors (% of total) by gender, 2010–25","Talent, Public Sector, and Defense",Female,KOR,South Korea,KOR/USA/CHN,annual,2020,2020-01-01,2020-12-31,2020,0.1811,0.1811,percent,percent,18.11,Converted decimal share to percent.,observed_metric,stanford_ai_index_2026_public_data_bundle,2026 AI Index Report public data bundle,https://hai.stanford.edu/ai-index,1. Research and Development\Data\fig_1.8.4.csv,,2026-05-03T06:51:20+00:00,medium_high,"Korea-specific AI talent, education, graduate, or skills indicator.",True,Only observation for indicator/country/period/unit.,5,ai_index_fig_1_8_4_female|KOR|2020-01-01|2020-12-31|percent,mapped_to_master_schema,"Source figure: fig_1.8.4; source chapter: 1. Research and Development | Korea-specific AI talent, education, graduate, or skills indicator. | {""country_code"": ""KR"", ""year"": ""2020""} | Original fields: {""Female"": ""0.1811"", ""Male"": ""0.8189"", ""country"": ""South Korea"", ""country_code"": ""KR"", ""year"": ""2020""}"
obs_020870ae196a25,ai_index_fig_1_8_4_female,"Top AI authors and inventors (% of total) by gender, 2010–25","Talent, Public Sector, and Defense",Female,KOR,South Korea,KOR/USA/CHN,annual,2021,2021-01-01,2021-12-31,2021,0.1856,0.1856,percent,percent,18.56,Converted decimal share to percent.,observed_metric,stanford_ai_index_2026_public_data_bundle,2026 AI Index Report public data bundle,https://hai.stanford.edu/ai-index,1. Research and Development\Data\fig_1.8.4.csv,,2026-05-03T06:51:20+00:00,medium_high,"Korea-specific AI talent, education, graduate, or skills indicator.",True,Only observation for indicator/country/period/unit.,5,ai_index_fig_1_8_4_female|KOR|2021-01-01|2021-12-31|percent,mapped_to_master_schema,"Source figure: fig_1.8.4; source chapter: 1. Research and Development | Korea-specific AI talent, education, graduate, or skills indicator. | {""country_code"": ""KR"", ""year"": ""2021""} | Original fields: {""Female"": ""0.1856"", ""Male"": ""0.8144"", ""country"": ""South Korea"", ""country_code"": ""KR"", ""year"": ""2021""}"
obs_70b93d7dee4be4,ai_index_fig_1_8_4_female,"Top AI authors and inventors (% of total) by gender, 2010–25","Talent, Public Sector, and Defense",Female,KOR,South Korea,KOR/USA/CHN,annual,2022,2022-01-01,2022-12-31,2022,0.1861,0.1861,percent,percent,18.61,Converted decimal share to percent.,observed_metric,stanford_ai_index_2026_public_data_bundle,2026 AI Index Report public data bundle,https://hai.stanford.edu/ai-index,1. Research and Development\Data\fig_1.8.4.csv,,2026-05-03T06:51:20+00:00,medium_high,"Korea-specific AI talent, education, graduate, or skills indicator.",True,Only observation for indicator/country/period/unit.,5,ai_index_fig_1_8_4_female|KOR|2022-01-01|2022-12-31|percent,mapped_to_master_schema,"Source figure: fig_1.8.4; source chapter: 1. Research and Development | Korea-specific AI talent, education, graduate, or skills indicator. | {""country_code"": ""KR"", ""year"": ""2022""} | Original fields: {""Female"": ""0.1861"", ""Male"": ""0.8139"", ""country"": ""South Korea"", ""country_code"": ""KR"", ""year"": ""2022""}"
obs_f013ae9e0d8400,ai_index_fig_1_8_4_female,"Top AI authors and inventors (% of total) by gender, 2010–25","Talent, Public Sector, and Defense",Female,KOR,South Korea,KOR/USA/CHN,annual,2023,2023-01-01,2023-12-31,2023,0.1855,0.1855,percent,percent,18.55,Converted decimal share to percent.,observed_metric,stanford_ai_index_2026_public_data_bundle,2026 AI Index Report public data bundle,https://hai.stanford.edu/ai-index,1. Research and Development\Data\fig_1.8.4.csv,,2026-05-03T06:51:20+00:00,medium_high,"Korea-specific AI talent, education, graduate, or skills indicator.",True,Only observation for indicator/country/period/unit.,5,ai_index_fig_1_8_4_female|KOR|2023-01-01|2023-12-31|percent,mapped_to_master_schema,"Source figure: fig_1.8.4; source chapter: 1. Research and Development | Korea-specific AI talent, education, graduate, or skills indicator. | {""country_code"": ""KR"", ""year"": ""2023""} | Original fields: {""Female"": ""0.1855"", ""Male"": ""0.8145"", ""country"": ""South Korea"", ""country_code"": ""KR"", ""year"": ""2023""}"
obs_b8bfc2b4ee7c4a,ai_index_fig_1_8_4_female,"Top AI authors and inventors (% of total) by gender, 2010–25","Talent, Public Sector, and Defense",Female,KOR,South Korea,KOR/USA/CHN,annual,2024,2024-01-01,2024-12-31,2024,0.1854,0.1854,percent,percent,18.54,Converted decimal share to percent.,observed_metric,stanford_ai_index_2026_public_data_bundle,2026 AI Index Report public data bundle,https://hai.stanford.edu/ai-index,1. Research and Development\Data\fig_1.8.4.csv,,2026-05-03T06:51:20+00:00,medium_high,"Korea-specific AI talent, education, graduate, or skills indicator.",True,Only observation for indicator/country/period/unit.,5,ai_index_fig_1_8_4_female|KOR|2024-01-01|2024-12-31|percent,mapped_to_master_schema,"Source figure: fig_1.8.4; source chapter: 1. Research and Development | Korea-specific AI talent, education, graduate, or skills indicator. | {""country_code"": ""KR"", ""year"": ""2024""} | Original fields: {""Female"": ""0.1854"", ""Male"": ""0.8146"", ""country"": ""South Korea"", ""country_code"": ""KR"", ""year"": ""2024""}"
obs_831219535915ab,ai_index_fig_1_8_4_female,"Top AI authors and inventors (% of total) by gender, 2010–25","Talent, Public Sector, and Defense",Female,KOR,South Korea,KOR/USA/CHN,annual,2025,2025-01-01,2025-12-31,2025,0.1856,0.1856,percent,percent,18.56,Converted decimal share to percent.,observed_metric,stanford_ai_index_2026_public_data_bundle,2026 AI Index Report public data bundle,https://hai.stanford.edu/ai-index,1. Research and Development\Data\fig_1.8.4.csv,,2026-05-03T06:51:20+00:00,medium_high,"Korea-specific AI talent, education, graduate, or skills indicator.",True,Only observation for indicator/country/period/unit.,5,ai_index_fig_1_8_4_female|KOR|2025-01-01|2025-12-31|percent,mapped_to_master_schema,"Source figure: fig_1.8.4; source chapter: 1. Research and Development | Korea-specific AI talent, education, graduate, or skills indicator. | {""country_code"": ""KR"", ""year"": ""2025""} | Original fields: {""Female"": ""0.1856"", ""Male"": ""0.8144"", ""country"": ""South Korea"", ""country_code"": ""KR"", ""year"": ""2025""}"
obs_0cfb5ccd3a51c8,ai_index_fig_1_8_4_male,"Top AI authors and inventors (% of total) by gender, 2010–25","Talent, Public Sector, and Defense",Male,KOR,South Korea,KOR/USA/CHN,annual,2010,2010-01-01,2010-12-31,2010,0.8372,0.8372,percent,percent,83.72,Converted decimal share to percent.,observed_metric,stanford_ai_index_2026_public_data_bundle,2026 AI Index Report public data bundle,https://hai.stanford.edu/ai-index,1. Research and Development\Data\fig_1.8.4.csv,,2026-05-03T06:51:20+00:00,medium_high,"Korea-specific AI talent, education, graduate, or skills indicator.",True,Only observation for indicator/country/period/unit.,5,ai_index_fig_1_8_4_male|KOR|2010-01-01|2010-12-31|percent,mapped_to_master_schema,"Source figure: fig_1.8.4; source chapter: 1. Research and Development | Korea-specific AI talent, education, graduate, or skills indicator. | {""country_code"": ""KR"", ""year"": ""2010""} | Original fields: {""Female"": ""0.1628"", ""Male"": ""0.8372"", ""country"": ""South Korea"", ""country_code"": ""KR"", ""year"": ""2010""}"
obs_a65e7487574f82,ai_index_fig_1_8_4_male,"Top AI authors and inventors (% of total) by gender, 2010–25","Talent, Public Sector, and Defense",Male,KOR,South Korea,KOR/USA/CHN,annual,2011,2011-01-01,2011-12-31,2011,0.8232,0.8232,percent,percent,82.32000000000001,Converted decimal share to percent.,observed_metric,stanford_ai_index_2026_public_data_bundle,2026 AI Index Report public data bundle,https://hai.stanford.edu/ai-index,1. Research and Development\Data\fig_1.8.4.csv,,2026-05-03T06:51:20+00:00,medium_high,"Korea-specific AI talent, education, graduate, or skills indicator.",True,Only observation for indicator/country/period/unit.,5,ai_index_fig_1_8_4_male|KOR|2011-01-01|2011-12-31|percent,mapped_to_master_schema,"Source figure: fig_1.8.4; source chapter: 1. Research and Development | Korea-specific AI talent, education, graduate, or skills indicator. | {""country_code"": ""KR"", ""year"": ""2011""} | Original fields: {""Female"": ""0.1768"", ""Male"": ""0.8232"", ""country"": ""South Korea"", ""country_code"": ""KR"", ""year"": ""2011""}"
obs_84a87a9bfdedda,ai_index_fig_1_8_4_male,"Top AI authors and inventors (% of total) by gender, 2010–25","Talent, Public Sector, and Defense",Male,KOR,South Korea,KOR/USA/CHN,annual,2012,2012-01-01,2012-12-31,2012,0.8222,0.8222,percent,percent,82.22,Converted decimal share to percent.,observed_metric,stanford_ai_index_2026_public_data_bundle,2026 AI Index Report public data bundle,https://hai.stanford.edu/ai-index,1. Research and Development\Data\fig_1.8.4.csv,,2026-05-03T06:51:20+00:00,medium_high,"Korea-specific AI talent, education, graduate, or skills indicator.",True,Only observation for indicator/country/period/unit.,5,ai_index_fig_1_8_4_male|KOR|2012-01-01|2012-12-31|percent,mapped_to_master_schema,"Source figure: fig_1.8.4; source chapter: 1. Research and Development | Korea-specific AI talent, education, graduate, or skills indicator. | {""country_code"": ""KR"", ""year"": ""2012""} | Original fields: {""Female"": ""0.1778"", ""Male"": ""0.8222"", ""country"": ""South Korea"", ""country_code"": ""KR"", ""year"": ""2012""}"
obs_ed371a6f220e09,ai_index_fig_1_8_4_male,"Top AI authors and inventors (% of total) by gender, 2010–25","Talent, Public Sector, and Defense",Male,KOR,South Korea,KOR/USA/CHN,annual,2013,2013-01-01,2013-12-31,2013,0.8173,0.8173,percent,percent,81.73,Converted decimal share to percent.,observed_metric,stanford_ai_index_2026_public_data_bundle,2026 AI Index Report public data bundle,https://hai.stanford.edu/ai-index,1. Research and Development\Data\fig_1.8.4.csv,,2026-05-03T06:51:20+00:00,medium_high,"Korea-specific AI talent, education, graduate, or skills indicator.",True,Only observation for indicator/country/period/unit.,5,ai_index_fig_1_8_4_male|KOR|2013-01-01|2013-12-31|percent,mapped_to_master_schema,"Source figure: fig_1.8.4; source chapter: 1. Research and Development | Korea-specific AI talent, education, graduate, or skills indicator. | {""country_code"": ""KR"", ""year"": ""2013""} | Original fields: {""Female"": ""0.1827"", ""Male"": ""0.8173"", ""country"": ""South Korea"", ""country_code"": ""KR"", ""year"": ""2013""}"
obs_5cceba0dc1f08a,ai_index_fig_1_8_4_male,"Top AI authors and inventors (% of total) by gender, 2010–25","Talent, Public Sector, and Defense",Male,KOR,South Korea,KOR/USA/CHN,annual,2014,2014-01-01,2014-12-31,2014,0.8193,0.8193,percent,percent,81.93,Converted decimal share to percent.,observed_metric,stanford_ai_index_2026_public_data_bundle,2026 AI Index Report public data bundle,https://hai.stanford.edu/ai-index,1. Research and Development\Data\fig_1.8.4.csv,,2026-05-03T06:51:20+00:00,medium_high,"Korea-specific AI talent, education, graduate, or skills indicator.",True,Only observation for indicator/country/period/unit.,5,ai_index_fig_1_8_4_male|KOR|2014-01-01|2014-12-31|percent,mapped_to_master_schema,"Source figure: fig_1.8.4; source chapter: 1. Research and Development | Korea-specific AI talent, education, graduate, or skills indicator. | {""country_code"": ""KR"", ""year"": ""2014""} | Original fields: {""Female"": ""0.1807"", ""Male"": ""0.8193"", ""country"": ""South Korea"", ""country_code"": ""KR"", ""year"": ""2014""}"
obs_1f0b5a7b8f7da1,ai_index_fig_1_8_4_male,"Top AI authors and inventors (% of total) by gender, 2010–25","Talent, Public Sector, and Defense",Male,KOR,South Korea,KOR/USA/CHN,annual,2015,2015-01-01,2015-12-31,2015,0.8215,0.8215,percent,percent,82.15,Converted decimal share to percent.,observed_metric,stanford_ai_index_2026_public_data_bundle,2026 AI Index Report public data bundle,https://hai.stanford.edu/ai-index,1. Research and Development\Data\fig_1.8.4.csv,,2026-05-03T06:51:20+00:00,medium_high,"Korea-specific AI talent, education, graduate, or skills indicator.",True,Only observation for indicator/country/period/unit.,5,ai_index_fig_1_8_4_male|KOR|2015-01-01|2015-12-31|percent,mapped_to_master_schema,"Source figure: fig_1.8.4; source chapter: 1. Research and Development | Korea-specific AI talent, education, graduate, or skills indicator. | {""country_code"": ""KR"", ""year"": ""2015""} | Original fields: {""Female"": ""0.1785"", ""Male"": ""0.8215"", ""country"": ""South Korea"", ""country_code"": ""KR"", ""year"": ""2015""}"
obs_443351911e74f5,ai_index_fig_1_8_4_male,"Top AI authors and inventors (% of total) by gender, 2010–25","Talent, Public Sector, and Defense",Male,KOR,South Korea,KOR/USA/CHN,annual,2016,2016-01-01,2016-12-31,2016,0.8171,0.8171,percent,percent,81.71000000000001,Converted decimal share to percent.,observed_metric,stanford_ai_index_2026_public_data_bundle,2026 AI Index Report public data bundle,https://hai.stanford.edu/ai-index,1. Research and Development\Data\fig_1.8.4.csv,,2026-05-03T06:51:20+00:00,medium_high,"Korea-specific AI talent, education, graduate, or skills indicator.",True,Only observation for indicator/country/period/unit.,5,ai_index_fig_1_8_4_male|KOR|2016-01-01|2016-12-31|percent,mapped_to_master_schema,"Source figure: fig_1.8.4; source chapter: 1. Research and Development | Korea-specific AI talent, education, graduate, or skills indicator. | {""country_code"": ""KR"", ""year"": ""2016""} | Original fields: {""Female"": ""0.1829"", ""Male"": ""0.8171"", ""country"": ""South Korea"", ""country_code"": ""KR"", ""year"": ""2016""}"
obs_4207b38730b9fb,ai_index_fig_1_8_4_male,"Top AI authors and inventors (% of total) by gender, 2010–25","Talent, Public Sector, and Defense",Male,KOR,South Korea,KOR/USA/CHN,annual,2017,2017-01-01,2017-12-31,2017,0.8203,0.8203,percent,percent,82.03,Converted decimal share to percent.,observed_metric,stanford_ai_index_2026_public_data_bundle,2026 AI Index Report public data bundle,https://hai.stanford.edu/ai-index,1. Research and Development\Data\fig_1.8.4.csv,,2026-05-03T06:51:20+00:00,medium_high,"Korea-specific AI talent, education, graduate, or skills indicator.",True,Only observation for indicator/country/period/unit.,5,ai_index_fig_1_8_4_male|KOR|2017-01-01|2017-12-31|percent,mapped_to_master_schema,"Source figure: fig_1.8.4; source chapter: 1. Research and Development | Korea-specific AI talent, education, graduate, or skills indicator. | {""country_code"": ""KR"", ""year"": ""2017""} | Original fields: {""Female"": ""0.1797"", ""Male"": ""0.8203"", ""country"": ""South Korea"", ""country_code"": ""KR"", ""year"": ""2017""}"
obs_df0806b3919196,ai_index_fig_1_8_4_male,"Top AI authors and inventors (% of total) by gender, 2010–25","Talent, Public Sector, and Defense",Male,KOR,South Korea,KOR/USA/CHN,annual,2018,2018-01-01,2018-12-31,2018,0.8148,0.8148,percent,percent,81.47999999999999,Converted decimal share to percent.,observed_metric,stanford_ai_index_2026_public_data_bundle,2026 AI Index Report public data bundle,https://hai.stanford.edu/ai-index,1. Research and Development\Data\fig_1.8.4.csv,,2026-05-03T06:51:20+00:00,medium_high,"Korea-specific AI talent, education, graduate, or skills indicator.",True,Only observation for indicator/country/period/unit.,5,ai_index_fig_1_8_4_male|KOR|2018-01-01|2018-12-31|percent,mapped_to_master_schema,"Source figure: fig_1.8.4; source chapter: 1. Research and Development | Korea-specific AI talent, education, graduate, or skills indicator. | {""country_code"": ""KR"", ""year"": ""2018""} | Original fields: {""Female"": ""0.1852"", ""Male"": ""0.8148"", ""country"": ""South Korea"", ""country_code"": ""KR"", ""year"": ""2018""}"
obs_60bc8dd33c74ba,ai_index_fig_1_8_4_male,"Top AI authors and inventors (% of total) by gender, 2010–25","Talent, Public Sector, and Defense",Male,KOR,South Korea,KOR/USA/CHN,annual,2019,2019-01-01,2019-12-31,2019,0.8182,0.8182,percent,percent,81.82000000000001,Converted decimal share to percent.,observed_metric,stanford_ai_index_2026_public_data_bundle,2026 AI Index Report public data bundle,https://hai.stanford.edu/ai-index,1. Research and Development\Data\fig_1.8.4.csv,,2026-05-03T06:51:20+00:00,medium_high,"Korea-specific AI talent, education, graduate, or skills indicator.",True,Only observation for indicator/country/period/unit.,5,ai_index_fig_1_8_4_male|KOR|2019-01-01|2019-12-31|percent,mapped_to_master_schema,"Source figure: fig_1.8.4; source chapter: 1. Research and Development | Korea-specific AI talent, education, graduate, or skills indicator. | {""country_code"": ""KR"", ""year"": ""2019""} | Original fields: {""Female"": ""0.1818"", ""Male"": ""0.8182"", ""country"": ""South Korea"", ""country_code"": ""KR"", ""year"": ""2019""}"
obs_3d26872896bf52,ai_index_fig_1_8_4_male,"Top AI authors and inventors (% of total) by gender, 2010–25","Talent, Public Sector, and Defense",Male,KOR,South Korea,KOR/USA/CHN,annual,2020,2020-01-01,2020-12-31,2020,0.8189,0.8189,percent,percent,81.89,Converted decimal share to percent.,observed_metric,stanford_ai_index_2026_public_data_bundle,2026 AI Index Report public data bundle,https://hai.stanford.edu/ai-index,1. Research and Development\Data\fig_1.8.4.csv,,2026-05-03T06:51:20+00:00,medium_high,"Korea-specific AI talent, education, graduate, or skills indicator.",True,Only observation for indicator/country/period/unit.,5,ai_index_fig_1_8_4_male|KOR|2020-01-01|2020-12-31|percent,mapped_to_master_schema,"Source figure: fig_1.8.4; source chapter: 1. Research and Development | Korea-specific AI talent, education, graduate, or skills indicator. | {""country_code"": ""KR"", ""year"": ""2020""} | Original fields: {""Female"": ""0.1811"", ""Male"": ""0.8189"", ""country"": ""South Korea"", ""country_code"": ""KR"", ""year"": ""2020""}"
obs_82476535c5a630,ai_index_fig_1_8_4_male,"Top AI authors and inventors (% of total) by gender, 2010–25","Talent, Public Sector, and Defense",Male,KOR,South Korea,KOR/USA/CHN,annual,2021,2021-01-01,2021-12-31,2021,0.8144,0.8144,percent,percent,81.44,Converted decimal share to percent.,observed_metric,stanford_ai_index_2026_public_data_bundle,2026 AI Index Report public data bundle,https://hai.stanford.edu/ai-index,1. Research and Development\Data\fig_1.8.4.csv,,2026-05-03T06:51:20+00:00,medium_high,"Korea-specific AI talent, education, graduate, or skills indicator.",True,Only observation for indicator/country/period/unit.,5,ai_index_fig_1_8_4_male|KOR|2021-01-01|2021-12-31|percent,mapped_to_master_schema,"Source figure: fig_1.8.4; source chapter: 1. Research and Development | Korea-specific AI talent, education, graduate, or skills indicator. | {""country_code"": ""KR"", ""year"": ""2021""} | Original fields: {""Female"": ""0.1856"", ""Male"": ""0.8144"", ""country"": ""South Korea"", ""country_code"": ""KR"", ""year"": ""2021""}"
obs_da5ee9692e8cab,ai_index_fig_1_8_4_male,"Top AI authors and inventors (% of total) by gender, 2010–25","Talent, Public Sector, and Defense",Male,KOR,South Korea,KOR/USA/CHN,annual,2022,2022-01-01,2022-12-31,2022,0.8139,0.8139,percent,percent,81.39,Converted decimal share to percent.,observed_metric,stanford_ai_index_2026_public_data_bundle,2026 AI Index Report public data bundle,https://hai.stanford.edu/ai-index,1. Research and Development\Data\fig_1.8.4.csv,,2026-05-03T06:51:20+00:00,medium_high,"Korea-specific AI talent, education, graduate, or skills indicator.",True,Only observation for indicator/country/period/unit.,5,ai_index_fig_1_8_4_male|KOR|2022-01-01|2022-12-31|percent,mapped_to_master_schema,"Source figure: fig_1.8.4; source chapter: 1. Research and Development | Korea-specific AI talent, education, graduate, or skills indicator. | {""country_code"": ""KR"", ""year"": ""2022""} | Original fields: {""Female"": ""0.1861"", ""Male"": ""0.8139"", ""country"": ""South Korea"", ""country_code"": ""KR"", ""year"": ""2022""}"
obs_229c528a79bb08,ai_index_fig_1_8_4_male,"Top AI authors and inventors (% of total) by gender, 2010–25","Talent, Public Sector, and Defense",Male,KOR,South Korea,KOR/USA/CHN,annual,2023,2023-01-01,2023-12-31,2023,0.8145,0.8145,percent,percent,81.45,Converted decimal share to percent.,observed_metric,stanford_ai_index_2026_public_data_bundle,2026 AI Index Report public data bundle,https://hai.stanford.edu/ai-index,1. Research and Development\Data\fig_1.8.4.csv,,2026-05-03T06:51:20+00:00,medium_high,"Korea-specific AI talent, education, graduate, or skills indicator.",True,Only observation for indicator/country/period/unit.,5,ai_index_fig_1_8_4_male|KOR|2023-01-01|2023-12-31|percent,mapped_to_master_schema,"Source figure: fig_1.8.4; source chapter: 1. Research and Development | Korea-specific AI talent, education, graduate, or skills indicator. | {""country_code"": ""KR"", ""year"": ""2023""} | Original fields: {""Female"": ""0.1855"", ""Male"": ""0.8145"", ""country"": ""South Korea"", ""country_code"": ""KR"", ""year"": ""2023""}"
obs_d2a5d26e7fb63a,ai_index_fig_1_8_4_male,"Top AI authors and inventors (% of total) by gender, 2010–25","Talent, Public Sector, and Defense",Male,KOR,South Korea,KOR/USA/CHN,annual,2024,2024-01-01,2024-12-31,2024,0.8146,0.8146,percent,percent,81.46,Converted decimal share to percent.,observed_metric,stanford_ai_index_2026_public_data_bundle,2026 AI Index Report public data bundle,https://hai.stanford.edu/ai-index,1. Research and Development\Data\fig_1.8.4.csv,,2026-05-03T06:51:20+00:00,medium_high,"Korea-specific AI talent, education, graduate, or skills indicator.",True,Only observation for indicator/country/period/unit.,5,ai_index_fig_1_8_4_male|KOR|2024-01-01|2024-12-31|percent,mapped_to_master_schema,"Source figure: fig_1.8.4; source chapter: 1. Research and Development | Korea-specific AI talent, education, graduate, or skills indicator. | {""country_code"": ""KR"", ""year"": ""2024""} | Original fields: {""Female"": ""0.1854"", ""Male"": ""0.8146"", ""country"": ""South Korea"", ""country_code"": ""KR"", ""year"": ""2024""}"
obs_b09e1d30b6cd98,ai_index_fig_1_8_4_male,"Top AI authors and inventors (% of total) by gender, 2010–25","Talent, Public Sector, and Defense",Male,KOR,South Korea,KOR/USA/CHN,annual,2025,2025-01-01,2025-12-31,2025,0.8144,0.8144,percent,percent,81.44,Converted decimal share to percent.,observed_metric,stanford_ai_index_2026_public_data_bundle,2026 AI Index Report public data bundle,https://hai.stanford.edu/ai-index,1. Research and Development\Data\fig_1.8.4.csv,,2026-05-03T06:51:20+00:00,medium_high,"Korea-specific AI talent, education, graduate, or skills indicator.",True,Only observation for indicator/country/period/unit.,5,ai_index_fig_1_8_4_male|KOR|2025-01-01|2025-12-31|percent,mapped_to_master_schema,"Source figure: fig_1.8.4; source chapter: 1. Research and Development | Korea-specific AI talent, education, graduate, or skills indicator. | {""country_code"": ""KR"", ""year"": ""2025""} | Original fields: {""Female"": ""0.1856"", ""Male"": ""0.8144"", ""country"": ""South Korea"", ""country_code"": ""KR"", ""year"": ""2025""}"
obs_62b0d830d4deed,ai_index_fig_1_8_6_netflow,"Net ow of top AI authors and inventors by country, 2010–25","Talent, Public Sector, and Defense",netflow,KOR,South Korea,KOR/USA/CHN,monthly,2010,2010-04-01,2010-04-30,2010-04,-1,-1.0,count,count,-1.0,Numeric value parsed; no unit conversion applied.,observed_metric,stanford_ai_index_2026_public_data_bundle,2026 AI Index Report public data bundle,https://hai.stanford.edu/ai-index,1. Research and Development\Data\fig_1.8.6.csv,,2026-05-03T06:51:20+00:00,medium_high,"Korea-specific AI talent, education, graduate, or skills indicator.",True,Only observation for indicator/country/period/unit.,5,ai_index_fig_1_8_6_netflow|KOR|2010-04-01|2010-04-30|count,mapped_to_master_schema,"Source figure: fig_1.8.6; source chapter: 1. Research and Development | Korea-specific AI talent, education, graduate, or skills indicator. | {""country_code"": ""KR"", ""year_month"": ""2010-04""} | Original fields: {""country"": ""South Korea"", ""country_code"": ""KR"", ""netflow"": ""-1"", ""year_month"": ""2010-04""}"
obs_9117b121fd696f,ai_index_fig_1_8_6_netflow,"Net ow of top AI authors and inventors by country, 2010–25","Talent, Public Sector, and Defense",netflow,KOR,South Korea,KOR/USA/CHN,monthly,2010,2010-05-01,2010-05-31,2010-05,0.5,0.5,count,count,0.5,Numeric value parsed; no unit conversion applied.,observed_metric,stanford_ai_index_2026_public_data_bundle,2026 AI Index Report public data bundle,https://hai.stanford.edu/ai-index,1. Research and Development\Data\fig_1.8.6.csv,,2026-05-03T06:51:20+00:00,medium_high,"Korea-specific AI talent, education, graduate, or skills indicator.",True,Only observation for indicator/country/period/unit.,5,ai_index_fig_1_8_6_netflow|KOR|2010-05-01|2010-05-31|count,mapped_to_master_schema,"Source figure: fig_1.8.6; source chapter: 1. Research and Development | Korea-specific AI talent, education, graduate, or skills indicator. | {""country_code"": ""KR"", ""year_month"": ""2010-05""} | Original fields: {""country"": ""South Korea"", ""country_code"": ""KR"", ""netflow"": ""0.5"", ""year_month"": ""2010-05""}"
obs_301688ec2cc7e0,ai_index_fig_1_8_6_netflow,"Net ow of top AI authors and inventors by country, 2010–25","Talent, Public Sector, and Defense",netflow,KOR,South Korea,KOR/USA/CHN,monthly,2010,2010-06-01,2010-06-30,2010-06,-0.33333,-0.33333,count,count,-0.33333,Numeric value parsed; no unit conversion applied.,observed_metric,stanford_ai_index_2026_public_data_bundle,2026 AI Index Report public data bundle,https://hai.stanford.edu/ai-index,1. Research and Development\Data\fig_1.8.6.csv,,2026-05-03T06:51:20+00:00,medium_high,"Korea-specific AI talent, education, graduate, or skills indicator.",True,Only observation for indicator/country/period/unit.,5,ai_index_fig_1_8_6_netflow|KOR|2010-06-01|2010-06-30|count,mapped_to_master_schema,"Source figure: fig_1.8.6; source chapter: 1. Research and Development | Korea-specific AI talent, education, graduate, or skills indicator. | {""country_code"": ""KR"", ""year_month"": ""2010-06""} | Original fields: {""country"": ""South Korea"", ""country_code"": ""KR"", ""netflow"": ""-0.33333"", ""year_month"": ""2010-06""}"
obs_b715c4f93d1954,ai_index_fig_1_8_6_netflow,"Net ow of top AI authors and inventors by country, 2010–25","Talent, Public Sector, and Defense",netflow,KOR,South Korea,KOR/USA/CHN,monthly,2010,2010-07-01,2010-07-31,2010-07,-0.5,-0.5,count,count,-0.5,Numeric value parsed; no unit conversion applied.,observed_metric,stanford_ai_index_2026_public_data_bundle,2026 AI Index Report public data bundle,https://hai.stanford.edu/ai-index,1. Research and Development\Data\fig_1.8.6.csv,,2026-05-03T06:51:20+00:00,medium_high,"Korea-specific AI talent, education, graduate, or skills indicator.",True,Only observation for indicator/country/period/unit.,5,ai_index_fig_1_8_6_netflow|KOR|2010-07-01|2010-07-31|count,mapped_to_master_schema,"Source figure: fig_1.8.6; source chapter: 1. Research and Development | Korea-specific AI talent, education, graduate, or skills indicator. | {""country_code"": ""KR"", ""year_month"": ""2010-07""} | Original fields: {""country"": ""South Korea"", ""country_code"": ""KR"", ""netflow"": ""-0.5"", ""year_month"": ""2010-07""}"
obs_8823186c2e26a0,ai_index_fig_1_8_6_netflow,"Net ow of top AI authors and inventors by country, 2010–25","Talent, Public Sector, and Defense",netflow,KOR,South Korea,KOR/USA/CHN,monthly,2010,2010-08-01,2010-08-31,2010-08,-1.4,-1.4,count,count,-1.4,Numeric value parsed; no unit conversion applied.,observed_metric,stanford_ai_index_2026_public_data_bundle,2026 AI Index Report public data bundle,https://hai.stanford.edu/ai-index,1. Research and Development\Data\fig_1.8.6.csv,,2026-05-03T06:51:20+00:00,medium_high,"Korea-specific AI talent, education, graduate, or skills indicator.",True,Only observation for indicator/country/period/unit.,5,ai_index_fig_1_8_6_netflow|KOR|2010-08-01|2010-08-31|count,mapped_to_master_schema,"Source figure: fig_1.8.6; source chapter: 1. Research and Development | Korea-specific AI talent, education, graduate, or skills indicator. | {""country_code"": ""KR"", ""year_month"": ""2010-08""} | Original fields: {""country"": ""South Korea"", ""country_code"": ""KR"", ""netflow"": ""-1.4"", ""year_month"": ""2010-08""}"
obs_7979cad9a900d1,ai_index_fig_1_8_6_netflow,"Net ow of top AI authors and inventors by country, 2010–25","Talent, Public Sector, and Defense",netflow,KOR,South Korea,KOR/USA/CHN,monthly,2010,2010-09-01,2010-09-30,2010-09,-0.5,-0.5,count,count,-0.5,Numeric value parsed; no unit conversion applied.,observed_metric,stanford_ai_index_2026_public_data_bundle,2026 AI Index Report public data bundle,https://hai.stanford.edu/ai-index,1. Research and Development\Data\fig_1.8.6.csv,,2026-05-03T06:51:20+00:00,medium_high,"Korea-specific AI talent, education, graduate, or skills indicator.",True,Only observation for indicator/country/period/unit.,5,ai_index_fig_1_8_6_netflow|KOR|2010-09-01|2010-09-30|count,mapped_to_master_schema,"Source figure: fig_1.8.6; source chapter: 1. Research and Development | Korea-specific AI talent, education, graduate, or skills indicator. | {""country_code"": ""KR"", ""year_month"": ""2010-09""} | Original fields: {""country"": ""South Korea"", ""country_code"": ""KR"", ""netflow"": ""-0.5"", ""year_month"": ""2010-09""}"
obs_e22e92f4bc06d0,ai_index_fig_1_8_6_netflow,"Net ow of top AI authors and inventors by country, 2010–25","Talent, Public Sector, and Defense",netflow,KOR,South Korea,KOR/USA/CHN,monthly,2010,2010-10-01,2010-10-31,2010-10,-0.42857,-0.42857,count,count,-0.42857,Numeric value parsed; no unit conversion applied.,observed_metric,stanford_ai_index_2026_public_data_bundle,2026 AI Index Report public data bundle,https://hai.stanford.edu/ai-index,1. Research and Development\Data\fig_1.8.6.csv,,2026-05-03T06:51:20+00:00,medium_high,"Korea-specific AI talent, education, graduate, or skills indicator.",True,Only observation for indicator/country/period/unit.,5,ai_index_fig_1_8_6_netflow|KOR|2010-10-01|2010-10-31|count,mapped_to_master_schema,"Source figure: fig_1.8.6; source chapter: 1. Research and Development | Korea-specific AI talent, education, graduate, or skills indicator. | {""country_code"": ""KR"", ""year_month"": ""2010-10""} | Original fields: {""country"": ""South Korea"", ""country_code"": ""KR"", ""netflow"": ""-0.42857"", ""year_month"": ""2010-10""}"
obs_50e4c5691310d7,ai_index_fig_1_8_6_netflow,"Net ow of top AI authors and inventors by country, 2010–25","Talent, Public Sector, and Defense",netflow,KOR,South Korea,KOR/USA/CHN,monthly,2010,2010-11-01,2010-11-30,2010-11,-0.375,-0.375,count,count,-0.375,Numeric value parsed; no unit conversion applied.,observed_metric,stanford_ai_index_2026_public_data_bundle,2026 AI Index Report public data bundle,https://hai.stanford.edu/ai-index,1. Research and Development\Data\fig_1.8.6.csv,,2026-05-03T06:51:20+00:00,medium_high,"Korea-specific AI talent, education, graduate, or skills indicator.",True,Only observation for indicator/country/period/unit.,5,ai_index_fig_1_8_6_netflow|KOR|2010-11-01|2010-11-30|count,mapped_to_master_schema,"Source figure: fig_1.8.6; source chapter: 1. Research and Development | Korea-specific AI talent, education, graduate, or skills indicator. | {""country_code"": ""KR"", ""year_month"": ""2010-11""} | Original fields: {""country"": ""South Korea"", ""country_code"": ""KR"", ""netflow"": ""-0.375"", ""year_month"": ""2010-11""}"
obs_1061446c67c9bf,ai_index_fig_1_8_6_netflow,"Net ow of top AI authors and inventors by country, 2010–25","Talent, Public Sector, and Defense",netflow,KOR,South Korea,KOR/USA/CHN,monthly,2010,2010-12-01,2010-12-31,2010-12,-0.33334,-0.33334,count,count,-0.33334,Numeric value parsed; no unit conversion applied.,observed_metric,stanford_ai_index_2026_public_data_bundle,2026 AI Index Report public data bundle,https://hai.stanford.edu/ai-index,1. Research and Development\Data\fig_1.8.6.csv,,2026-05-03T06:51:20+00:00,medium_high,"Korea-specific AI talent, education, graduate, or skills indicator.",True,Only observation for indicator/country/period/unit.,5,ai_index_fig_1_8_6_netflow|KOR|2010-12-01|2010-12-31|count,mapped_to_master_schema,"Source figure: fig_1.8.6; source chapter: 1. Research and Development | Korea-specific AI talent, education, graduate, or skills indicator. | {""country_code"": ""KR"", ""year_month"": ""2010-12""} | Original fields: {""country"": ""South Korea"", ""country_code"": ""KR"", ""netflow"": ""-0.33334"", ""year_month"": ""2010-12""}"
obs_54297ec347df37,ai_index_fig_1_8_6_netflow,"Net ow of top AI authors and inventors by country, 2010–25","Talent, Public Sector, and Defense",netflow,KOR,South Korea,KOR/USA/CHN,monthly,2011,2011-01-01,2011-01-31,2011-01,-0.4,-0.4,count,count,-0.4,Numeric value parsed; no unit conversion applied.,observed_metric,stanford_ai_index_2026_public_data_bundle,2026 AI Index Report public data bundle,https://hai.stanford.edu/ai-index,1. Research and Development\Data\fig_1.8.6.csv,,2026-05-03T06:51:20+00:00,medium_high,"Korea-specific AI talent, education, graduate, or skills indicator.",True,Only observation for indicator/country/period/unit.,5,ai_index_fig_1_8_6_netflow|KOR|2011-01-01|2011-01-31|count,mapped_to_master_schema,"Source figure: fig_1.8.6; source chapter: 1. Research and Development | Korea-specific AI talent, education, graduate, or skills indicator. | {""country_code"": ""KR"", ""year_month"": ""2011-01""} | Original fields: {""country"": ""South Korea"", ""country_code"": ""KR"", ""netflow"": ""-0.4"", ""year_month"": ""2011-01""}"
obs_3028952f6f16de,ai_index_fig_1_8_6_netflow,"Net ow of top AI authors and inventors by country, 2010–25","Talent, Public Sector, and Defense",netflow,KOR,South Korea,KOR/USA/CHN,monthly,2011,2011-02-01,2011-02-28,2011-02,-0.63636,-0.63636,count,count,-0.63636,Numeric value parsed; no unit conversion applied.,observed_metric,stanford_ai_index_2026_public_data_bundle,2026 AI Index Report public data bundle,https://hai.stanford.edu/ai-index,1. Research and Development\Data\fig_1.8.6.csv,,2026-05-03T06:51:20+00:00,medium_high,"Korea-specific AI talent, education, graduate, or skills indicator.",True,Only observation for indicator/country/period/unit.,5,ai_index_fig_1_8_6_netflow|KOR|2011-02-01|2011-02-28|count,mapped_to_master_schema,"Source figure: fig_1.8.6; source chapter: 1. Research and Development | Korea-specific AI talent, education, graduate, or skills indicator. | {""country_code"": ""KR"", ""year_month"": ""2011-02""} | Original fields: {""country"": ""South Korea"", ""country_code"": ""KR"", ""netflow"": ""-0.63636"", ""year_month"": ""2011-02""}"
obs_4725b36d026451,ai_index_fig_1_8_6_netflow,"Net ow of top AI authors and inventors by country, 2010–25","Talent, Public Sector, and Defense",netflow,KOR,South Korea,KOR/USA/CHN,monthly,2011,2011-03-01,2011-03-31,2011-03,-0.33333,-0.33333,count,count,-0.33333,Numeric value parsed; no unit conversion applied.,observed_metric,stanford_ai_index_2026_public_data_bundle,2026 AI Index Report public data bundle,https://hai.stanford.edu/ai-index,1. Research and Development\Data\fig_1.8.6.csv,,2026-05-03T06:51:20+00:00,medium_high,"Korea-specific AI talent, education, graduate, or skills indicator.",True,Only observation for indicator/country/period/unit.,5,ai_index_fig_1_8_6_netflow|KOR|2011-03-01|2011-03-31|count,mapped_to_master_schema,"Source figure: fig_1.8.6; source chapter: 1. Research and Development | Korea-specific AI talent, education, graduate, or skills indicator. | {""country_code"": ""KR"", ""year_month"": ""2011-03""} | Original fields: {""country"": ""South Korea"", ""country_code"": ""KR"", ""netflow"": ""-0.33333"", ""year_month"": ""2011-03""}"
obs_e89a0a7a4ee05b,ai_index_fig_1_8_6_netflow,"Net ow of top AI authors and inventors by country, 2010–25","Talent, Public Sector, and Defense",netflow,KOR,South Korea,KOR/USA/CHN,monthly,2011,2011-04-01,2011-04-30,2011-04,0.33333,0.33333,count,count,0.33333,Numeric value parsed; no unit conversion applied.,observed_metric,stanford_ai_index_2026_public_data_bundle,2026 AI Index Report public data bundle,https://hai.stanford.edu/ai-index,1. Research and Development\Data\fig_1.8.6.csv,,2026-05-03T06:51:20+00:00,medium_high,"Korea-specific AI talent, education, graduate, or skills indicator.",True,Only observation for indicator/country/period/unit.,5,ai_index_fig_1_8_6_netflow|KOR|2011-04-01|2011-04-30|count,mapped_to_master_schema,"Source figure: fig_1.8.6; source chapter: 1. Research and Development | Korea-specific AI talent, education, graduate, or skills indicator. | {""country_code"": ""KR"", ""year_month"": ""2011-04""} | Original fields: {""country"": ""South Korea"", ""country_code"": ""KR"", ""netflow"": ""0.33333"", ""year_month"": ""2011-04""}"
obs_b2aced3835b821,ai_index_fig_1_8_6_netflow,"Net ow of top AI authors and inventors by country, 2010–25","Talent, Public Sector, and Defense",netflow,KOR,South Korea,KOR/USA/CHN,monthly,2011,2011-05-01,2011-05-31,2011-05,0.33333,0.33333,count,count,0.33333,Numeric value parsed; no unit conversion applied.,observed_metric,stanford_ai_index_2026_public_data_bundle,2026 AI Index Report public data bundle,https://hai.stanford.edu/ai-index,1. Research and Development\Data\fig_1.8.6.csv,,2026-05-03T06:51:20+00:00,medium_high,"Korea-specific AI talent, education, graduate, or skills indicator.",True,Only observation for indicator/country/period/unit.,5,ai_index_fig_1_8_6_netflow|KOR|2011-05-01|2011-05-31|count,mapped_to_master_schema,"Source figure: fig_1.8.6; source chapter: 1. Research and Development | Korea-specific AI talent, education, graduate, or skills indicator. | {""country_code"": ""KR"", ""year_month"": ""2011-05""} | Original fields: {""country"": ""South Korea"", ""country_code"": ""KR"", ""netflow"": ""0.33333"", ""year_month"": ""2011-05""}"
obs_c9086d96d4a18c,ai_index_fig_1_8_6_netflow,"Net ow of top AI authors and inventors by country, 2010–25","Talent, Public Sector, and Defense",netflow,KOR,South Korea,KOR/USA/CHN,monthly,2011,2011-06-01,2011-06-30,2011-06,0.25,0.25,count,count,0.25,Numeric value parsed; no unit conversion applied.,observed_metric,stanford_ai_index_2026_public_data_bundle,2026 AI Index Report public data bundle,https://hai.stanford.edu/ai-index,1. Research and Development\Data\fig_1.8.6.csv,,2026-05-03T06:51:20+00:00,medium_high,"Korea-specific AI talent, education, graduate, or skills indicator.",True,Only observation for indicator/country/period/unit.,5,ai_index_fig_1_8_6_netflow|KOR|2011-06-01|2011-06-30|count,mapped_to_master_schema,"Source figure: fig_1.8.6; source chapter: 1. Research and Development | Korea-specific AI talent, education, graduate, or skills indicator. | {""country_code"": ""KR"", ""year_month"": ""2011-06""} | Original fields: {""country"": ""South Korea"", ""country_code"": ""KR"", ""netflow"": ""0.25"", ""year_month"": ""2011-06""}"
obs_326a4a31c29aca,ai_index_fig_1_8_6_netflow,"Net ow of top AI authors and inventors by country, 2010–25","Talent, Public Sector, and Defense",netflow,KOR,South Korea,KOR/USA/CHN,monthly,2011,2011-07-01,2011-07-31,2011-07,0.58333,0.58333,count,count,0.58333,Numeric value parsed; no unit conversion applied.,observed_metric,stanford_ai_index_2026_public_data_bundle,2026 AI Index Report public data bundle,https://hai.stanford.edu/ai-index,1. Research and Development\Data\fig_1.8.6.csv,,2026-05-03T06:51:20+00:00,medium_high,"Korea-specific AI talent, education, graduate, or skills indicator.",True,Only observation for indicator/country/period/unit.,5,ai_index_fig_1_8_6_netflow|KOR|2011-07-01|2011-07-31|count,mapped_to_master_schema,"Source figure: fig_1.8.6; source chapter: 1. Research and Development | Korea-specific AI talent, education, graduate, or skills indicator. | {""country_code"": ""KR"", ""year_month"": ""2011-07""} | Original fields: {""country"": ""South Korea"", ""country_code"": ""KR"", ""netflow"": ""0.58333"", ""year_month"": ""2011-07""}"
obs_7bab5c3fb2cdda,ai_index_fig_1_8_6_netflow,"Net ow of top AI authors and inventors by country, 2010–25","Talent, Public Sector, and Defense",netflow,KOR,South Korea,KOR/USA/CHN,monthly,2011,2011-08-01,2011-08-31,2011-08,0.25,0.25,count,count,0.25,Numeric value parsed; no unit conversion applied.,observed_metric,stanford_ai_index_2026_public_data_bundle,2026 AI Index Report public data bundle,https://hai.stanford.edu/ai-index,1. Research and Development\Data\fig_1.8.6.csv,,2026-05-03T06:51:20+00:00,medium_high,"Korea-specific AI talent, education, graduate, or skills indicator.",True,Only observation for indicator/country/period/unit.,5,ai_index_fig_1_8_6_netflow|KOR|2011-08-01|2011-08-31|count,mapped_to_master_schema,"Source figure: fig_1.8.6; source chapter: 1. Research and Development | Korea-specific AI talent, education, graduate, or skills indicator. | {""country_code"": ""KR"", ""year_month"": ""2011-08""} | Original fields: {""country"": ""South Korea"", ""country_code"": ""KR"", ""netflow"": ""0.25"", ""year_month"": ""2011-08""}"
obs_2456504dad8f16,ai_index_fig_1_8_6_netflow,"Net ow of top AI authors and inventors by country, 2010–25","Talent, Public Sector, and Defense",netflow,KOR,South Korea,KOR/USA/CHN,monthly,2011,2011-09-01,2011-09-30,2011-09,-1,-1.0,count,count,-1.0,Numeric value parsed; no unit conversion applied.,observed_metric,stanford_ai_index_2026_public_data_bundle,2026 AI Index Report public data bundle,https://hai.stanford.edu/ai-index,1. Research and Development\Data\fig_1.8.6.csv,,2026-05-03T06:51:20+00:00,medium_high,"Korea-specific AI talent, education, graduate, or skills indicator.",True,Only observation for indicator/country/period/unit.,5,ai_index_fig_1_8_6_netflow|KOR|2011-09-01|2011-09-30|count,mapped_to_master_schema,"Source figure: fig_1.8.6; source chapter: 1. Research and Development | Korea-specific AI talent, education, graduate, or skills indicator. | {""country_code"": ""KR"", ""year_month"": ""2011-09""} | Original fields: {""country"": ""South Korea"", ""country_code"": ""KR"", ""netflow"": ""-1"", ""year_month"": ""2011-09""}"
obs_13cf9bf9972992,ai_index_fig_1_8_6_netflow,"Net ow of top AI authors and inventors by country, 2010–25","Talent, Public Sector, and Defense",netflow,KOR,South Korea,KOR/USA/CHN,monthly,2011,2011-10-01,2011-10-31,2011-10,-2.16667,-2.16667,count,count,-2.16667,Numeric value parsed; no unit conversion applied.,observed_metric,stanford_ai_index_2026_public_data_bundle,2026 AI Index Report public data bundle,https://hai.stanford.edu/ai-index,1. Research and Development\Data\fig_1.8.6.csv,,2026-05-03T06:51:20+00:00,medium_high,"Korea-specific AI talent, education, graduate, or skills indicator.",True,Only observation for indicator/country/period/unit.,5,ai_index_fig_1_8_6_netflow|KOR|2011-10-01|2011-10-31|count,mapped_to_master_schema,"Source figure: fig_1.8.6; source chapter: 1. Research and Development | Korea-specific AI talent, education, graduate, or skills indicator. | {""country_code"": ""KR"", ""year_month"": ""2011-10""} | Original fields: {""country"": ""South Korea"", ""country_code"": ""KR"", ""netflow"": ""-2.16667"", ""year_month"": ""2011-10""}"
obs_beed7057e752c0,ai_index_fig_1_8_6_netflow,"Net ow of top AI authors and inventors by country, 2010–25","Talent, Public Sector, and Defense",netflow,KOR,South Korea,KOR/USA/CHN,monthly,2011,2011-11-01,2011-11-30,2011-11,-2,-2.0,count,count,-2.0,Numeric value parsed; no unit conversion applied.,observed_metric,stanford_ai_index_2026_public_data_bundle,2026 AI Index Report public data bundle,https://hai.stanford.edu/ai-index,1. Research and Development\Data\fig_1.8.6.csv,,2026-05-03T06:51:20+00:00,medium_high,"Korea-specific AI talent, education, graduate, or skills indicator.",True,Only observation for indicator/country/period/unit.,5,ai_index_fig_1_8_6_netflow|KOR|2011-11-01|2011-11-30|count,mapped_to_master_schema,"Source figure: fig_1.8.6; source chapter: 1. Research and Development | Korea-specific AI talent, education, graduate, or skills indicator. | {""country_code"": ""KR"", ""year_month"": ""2011-11""} | Original fields: {""country"": ""South Korea"", ""country_code"": ""KR"", ""netflow"": ""-2"", ""year_month"": ""2011-11""}"
obs_01929401b4227e,ai_index_fig_1_8_6_netflow,"Net ow of top AI authors and inventors by country, 2010–25","Talent, Public Sector, and Defense",netflow,KOR,South Korea,KOR/USA/CHN,monthly,2011,2011-12-01,2011-12-31,2011-12,-2.5,-2.5,count,count,-2.5,Numeric value parsed; no unit conversion applied.,observed_metric,stanford_ai_index_2026_public_data_bundle,2026 AI Index Report public data bundle,https://hai.stanford.edu/ai-index,1. Research and Development\Data\fig_1.8.6.csv,,2026-05-03T06:51:20+00:00,medium_high,"Korea-specific AI talent, education, graduate, or skills indicator.",True,Only observation for indicator/country/period/unit.,5,ai_index_fig_1_8_6_netflow|KOR|2011-12-01|2011-12-31|count,mapped_to_master_schema,"Source figure: fig_1.8.6; source chapter: 1. Research and Development | Korea-specific AI talent, education, graduate, or skills indicator. | {""country_code"": ""KR"", ""year_month"": ""2011-12""} | Original fields: {""country"": ""South Korea"", ""country_code"": ""KR"", ""netflow"": ""-2.5"", ""year_month"": ""2011-12""}"
obs_dacfe8a0770023,ai_index_fig_1_8_6_netflow,"Net ow of top AI authors and inventors by country, 2010–25","Talent, Public Sector, and Defense",netflow,KOR,South Korea,KOR/USA/CHN,monthly,2012,2012-01-01,2012-01-31,2012-01,-2.83334,-2.83334,count,count,-2.83334,Numeric value parsed; no unit conversion applied.,observed_metric,stanford_ai_index_2026_public_data_bundle,2026 AI Index Report public data bundle,https://hai.stanford.edu/ai-index,1. Research and Development\Data\fig_1.8.6.csv,,2026-05-03T06:51:20+00:00,medium_high,"Korea-specific AI talent, education, graduate, or skills indicator.",True,Only observation for indicator/country/period/unit.,5,ai_index_fig_1_8_6_netflow|KOR|2012-01-01|2012-01-31|count,mapped_to_master_schema,"Source figure: fig_1.8.6; source chapter: 1. Research and Development | Korea-specific AI talent, education, graduate, or skills indicator. | {""country_code"": ""KR"", ""year_month"": ""2012-01""} | Original fields: {""country"": ""South Korea"", ""country_code"": ""KR"", ""netflow"": ""-2.83334"", ""year_month"": ""2012-01""}"
obs_351487c9d1dd5b,ai_index_fig_1_8_6_netflow,"Net ow of top AI authors and inventors by country, 2010–25","Talent, Public Sector, and Defense",netflow,KOR,South Korea,KOR/USA/CHN,monthly,2012,2012-02-01,2012-02-29,2012-02,-2.75,-2.75,count,count,-2.75,Numeric value parsed; no unit conversion applied.,observed_metric,stanford_ai_index_2026_public_data_bundle,2026 AI Index Report public data bundle,https://hai.stanford.edu/ai-index,1. Research and Development\Data\fig_1.8.6.csv,,2026-05-03T06:51:20+00:00,medium_high,"Korea-specific AI talent, education, graduate, or skills indicator.",True,Only observation for indicator/country/period/unit.,5,ai_index_fig_1_8_6_netflow|KOR|2012-02-01|2012-02-29|count,mapped_to_master_schema,"Source figure: fig_1.8.6; source chapter: 1. Research and Development | Korea-specific AI talent, education, graduate, or skills indicator. | {""country_code"": ""KR"", ""year_month"": ""2012-02""} | Original fields: {""country"": ""South Korea"", ""country_code"": ""KR"", ""netflow"": ""-2.75"", ""year_month"": ""2012-02""}"
obs_734d8e852fc2da,ai_index_fig_1_8_6_netflow,"Net ow of top AI authors and inventors by country, 2010–25","Talent, Public Sector, and Defense",netflow,KOR,South Korea,KOR/USA/CHN,monthly,2012,2012-03-01,2012-03-31,2012-03,-3.16667,-3.16667,count,count,-3.16667,Numeric value parsed; no unit conversion applied.,observed_metric,stanford_ai_index_2026_public_data_bundle,2026 AI Index Report public data bundle,https://hai.stanford.edu/ai-index,1. Research and Development\Data\fig_1.8.6.csv,,2026-05-03T06:51:20+00:00,medium_high,"Korea-specific AI talent, education, graduate, or skills indicator.",True,Only observation for indicator/country/period/unit.,5,ai_index_fig_1_8_6_netflow|KOR|2012-03-01|2012-03-31|count,mapped_to_master_schema,"Source figure: fig_1.8.6; source chapter: 1. Research and Development | Korea-specific AI talent, education, graduate, or skills indicator. | {""country_code"": ""KR"", ""year_month"": ""2012-03""} | Original fields: {""country"": ""South Korea"", ""country_code"": ""KR"", ""netflow"": ""-3.16667"", ""year_month"": ""2012-03""}"
obs_be8789de09b7af,ai_index_fig_1_8_6_netflow,"Net ow of top AI authors and inventors by country, 2010–25","Talent, Public Sector, and Defense",netflow,KOR,South Korea,KOR/USA/CHN,monthly,2012,2012-04-01,2012-04-30,2012-04,-3.58333,-3.58333,count,count,-3.58333,Numeric value parsed; no unit conversion applied.,observed_metric,stanford_ai_index_2026_public_data_bundle,2026 AI Index Report public data bundle,https://hai.stanford.edu/ai-index,1. Research and Development\Data\fig_1.8.6.csv,,2026-05-03T06:51:20+00:00,medium_high,"Korea-specific AI talent, education, graduate, or skills indicator.",True,Only observation for indicator/country/period/unit.,5,ai_index_fig_1_8_6_netflow|KOR|2012-04-01|2012-04-30|count,mapped_to_master_schema,"Source figure: fig_1.8.6; source chapter: 1. Research and Development | Korea-specific AI talent, education, graduate, or skills indicator. | {""country_code"": ""KR"", ""year_month"": ""2012-04""} | Original fields: {""country"": ""South Korea"", ""country_code"": ""KR"", ""netflow"": ""-3.58333"", ""year_month"": ""2012-04""}"
obs_3b891ddaa945cb,ai_index_fig_1_8_6_netflow,"Net ow of top AI authors and inventors by country, 2010–25","Talent, Public Sector, and Defense",netflow,KOR,South Korea,KOR/USA/CHN,monthly,2012,2012-05-01,2012-05-31,2012-05,-3.41667,-3.41667,count,count,-3.41667,Numeric value parsed; no unit conversion applied.,observed_metric,stanford_ai_index_2026_public_data_bundle,2026 AI Index Report public data bundle,https://hai.stanford.edu/ai-index,1. Research and Development\Data\fig_1.8.6.csv,,2026-05-03T06:51:20+00:00,medium_high,"Korea-specific AI talent, education, graduate, or skills indicator.",True,Only observation for indicator/country/period/unit.,5,ai_index_fig_1_8_6_netflow|KOR|2012-05-01|2012-05-31|count,mapped_to_master_schema,"Source figure: fig_1.8.6; source chapter: 1. Research and Development | Korea-specific AI talent, education, graduate, or skills indicator. | {""country_code"": ""KR"", ""year_month"": ""2012-05""} | Original fields: {""country"": ""South Korea"", ""country_code"": ""KR"", ""netflow"": ""-3.41667"", ""year_month"": ""2012-05""}"
obs_6bc7fce876e7b9,ai_index_fig_1_8_6_netflow,"Net ow of top AI authors and inventors by country, 2010–25","Talent, Public Sector, and Defense",netflow,KOR,South Korea,KOR/USA/CHN,monthly,2012,2012-06-01,2012-06-30,2012-06,-2.75,-2.75,count,count,-2.75,Numeric value parsed; no unit conversion applied.,observed_metric,stanford_ai_index_2026_public_data_bundle,2026 AI Index Report public data bundle,https://hai.stanford.edu/ai-index,1. Research and Development\Data\fig_1.8.6.csv,,2026-05-03T06:51:20+00:00,medium_high,"Korea-specific AI talent, education, graduate, or skills indicator.",True,Only observation for indicator/country/period/unit.,5,ai_index_fig_1_8_6_netflow|KOR|2012-06-01|2012-06-30|count,mapped_to_master_schema,"Source figure: fig_1.8.6; source chapter: 1. Research and Development | Korea-specific AI talent, education, graduate, or skills indicator. | {""country_code"": ""KR"", ""year_month"": ""2012-06""} | Original fields: {""country"": ""South Korea"", ""country_code"": ""KR"", ""netflow"": ""-2.75"", ""year_month"": ""2012-06""}"
obs_f89ad7f010b4f3,ai_index_fig_1_8_6_netflow,"Net ow of top AI authors and inventors by country, 2010–25","Talent, Public Sector, and Defense",netflow,KOR,South Korea,KOR/USA/CHN,monthly,2012,2012-07-01,2012-07-31,2012-07,-3.16667,-3.16667,count,count,-3.16667,Numeric value parsed; no unit conversion applied.,observed_metric,stanford_ai_index_2026_public_data_bundle,2026 AI Index Report public data bundle,https://hai.stanford.edu/ai-index,1. Research and Development\Data\fig_1.8.6.csv,,2026-05-03T06:51:20+00:00,medium_high,"Korea-specific AI talent, education, graduate, or skills indicator.",True,Only observation for indicator/country/period/unit.,5,ai_index_fig_1_8_6_netflow|KOR|2012-07-01|2012-07-31|count,mapped_to_master_schema,"Source figure: fig_1.8.6; source chapter: 1. Research and Development | Korea-specific AI talent, education, graduate, or skills indicator. | {""country_code"": ""KR"", ""year_month"": ""2012-07""} | Original fields: {""country"": ""South Korea"", ""country_code"": ""KR"", ""netflow"": ""-3.16667"", ""year_month"": ""2012-07""}"
obs_d484d0d1c582ed,ai_index_fig_1_8_6_netflow,"Net ow of top AI authors and inventors by country, 2010–25","Talent, Public Sector, and Defense",netflow,KOR,South Korea,KOR/USA/CHN,monthly,2012,2012-08-01,2012-08-31,2012-08,-2.08333,-2.08333,count,count,-2.08333,Numeric value parsed; no unit conversion applied.,observed_metric,stanford_ai_index_2026_public_data_bundle,2026 AI Index Report public data bundle,https://hai.stanford.edu/ai-index,1. Research and Development\Data\fig_1.8.6.csv,,2026-05-03T06:51:20+00:00,medium_high,"Korea-specific AI talent, education, graduate, or skills indicator.",True,Only observation for indicator/country/period/unit.,5,ai_index_fig_1_8_6_netflow|KOR|2012-08-01|2012-08-31|count,mapped_to_master_schema,"Source figure: fig_1.8.6; source chapter: 1. Research and Development | Korea-specific AI talent, education, graduate, or skills indicator. | {""country_code"": ""KR"", ""year_month"": ""2012-08""} | Original fields: {""country"": ""South Korea"", ""country_code"": ""KR"", ""netflow"": ""-2.08333"", ""year_month"": ""2012-08""}"
obs_2578c0f24117c3,ai_index_fig_1_8_6_netflow,"Net ow of top AI authors and inventors by country, 2010–25","Talent, Public Sector, and Defense",netflow,KOR,South Korea,KOR/USA/CHN,monthly,2012,2012-09-01,2012-09-30,2012-09,-2,-2.0,count,count,-2.0,Numeric value parsed; no unit conversion applied.,observed_metric,stanford_ai_index_2026_public_data_bundle,2026 AI Index Report public data bundle,https://hai.stanford.edu/ai-index,1. Research and Development\Data\fig_1.8.6.csv,,2026-05-03T06:51:20+00:00,medium_high,"Korea-specific AI talent, education, graduate, or skills indicator.",True,Only observation for indicator/country/period/unit.,5,ai_index_fig_1_8_6_netflow|KOR|2012-09-01|2012-09-30|count,mapped_to_master_schema,"Source figure: fig_1.8.6; source chapter: 1. Research and Development | Korea-specific AI talent, education, graduate, or skills indicator. | {""country_code"": ""KR"", ""year_month"": ""2012-09""} | Original fields: {""country"": ""South Korea"", ""country_code"": ""KR"", ""netflow"": ""-2"", ""year_month"": ""2012-09""}"
obs_c359c027c29f1a,ai_index_fig_1_8_6_netflow,"Net ow of top AI authors and inventors by country, 2010–25","Talent, Public Sector, and Defense",netflow,KOR,South Korea,KOR/USA/CHN,monthly,2012,2012-10-01,2012-10-31,2012-10,-0.41667,-0.41667,count,count,-0.41667,Numeric value parsed; no unit conversion applied.,observed_metric,stanford_ai_index_2026_public_data_bundle,2026 AI Index Report public data bundle,https://hai.stanford.edu/ai-index,1. Research and Development\Data\fig_1.8.6.csv,,2026-05-03T06:51:20+00:00,medium_high,"Korea-specific AI talent, education, graduate, or skills indicator.",True,Only observation for indicator/country/period/unit.,5,ai_index_fig_1_8_6_netflow|KOR|2012-10-01|2012-10-31|count,mapped_to_master_schema,"Source figure: fig_1.8.6; source chapter: 1. Research and Development | Korea-specific AI talent, education, graduate, or skills indicator. | {""country_code"": ""KR"", ""year_month"": ""2012-10""} | Original fields: {""country"": ""South Korea"", ""country_code"": ""KR"", ""netflow"": ""-0.41667"", ""year_month"": ""2012-10""}"
obs_a60444b16efa77,ai_index_fig_1_8_6_netflow,"Net ow of top AI authors and inventors by country, 2010–25","Talent, Public Sector, and Defense",netflow,KOR,South Korea,KOR/USA/CHN,monthly,2012,2012-11-01,2012-11-30,2012-11,-0.5,-0.5,count,count,-0.5,Numeric value parsed; no unit conversion applied.,observed_metric,stanford_ai_index_2026_public_data_bundle,2026 AI Index Report public data bundle,https://hai.stanford.edu/ai-index,1. Research and Development\Data\fig_1.8.6.csv,,2026-05-03T06:51:20+00:00,medium_high,"Korea-specific AI talent, education, graduate, or skills indicator.",True,Only observation for indicator/country/period/unit.,5,ai_index_fig_1_8_6_netflow|KOR|2012-11-01|2012-11-30|count,mapped_to_master_schema,"Source figure: fig_1.8.6; source chapter: 1. Research and Development | Korea-specific AI talent, education, graduate, or skills indicator. | {""country_code"": ""KR"", ""year_month"": ""2012-11""} | Original fields: {""country"": ""South Korea"", ""country_code"": ""KR"", ""netflow"": ""-0.5"", ""year_month"": ""2012-11""}"
obs_1078cac1467050,ai_index_fig_1_8_6_netflow,"Net ow of top AI authors and inventors by country, 2010–25","Talent, Public Sector, and Defense",netflow,KOR,South Korea,KOR/USA/CHN,monthly,2012,2012-12-01,2012-12-31,2012-12,0.08334,0.08334,count,count,0.08334,Numeric value parsed; no unit conversion applied.,observed_metric,stanford_ai_index_2026_public_data_bundle,2026 AI Index Report public data bundle,https://hai.stanford.edu/ai-index,1. Research and Development\Data\fig_1.8.6.csv,,2026-05-03T06:51:20+00:00,medium_high,"Korea-specific AI talent, education, graduate, or skills indicator.",True,Only observation for indicator/country/period/unit.,5,ai_index_fig_1_8_6_netflow|KOR|2012-12-01|2012-12-31|count,mapped_to_master_schema,"Source figure: fig_1.8.6; source chapter: 1. Research and Development | Korea-specific AI talent, education, graduate, or skills indicator. | {""country_code"": ""KR"", ""year_month"": ""2012-12""} | Original fields: {""country"": ""South Korea"", ""country_code"": ""KR"", ""netflow"": ""0.08334"", ""year_month"": ""2012-12""}"
obs_625f5b9538dd53,ai_index_fig_1_8_6_netflow,"Net ow of top AI authors and inventors by country, 2010–25","Talent, Public Sector, and Defense",netflow,KOR,South Korea,KOR/USA/CHN,monthly,2013,2013-01-01,2013-01-31,2013-01,-1.33334,-1.33334,count,count,-1.33334,Numeric value parsed; no unit conversion applied.,observed_metric,stanford_ai_index_2026_public_data_bundle,2026 AI Index Report public data bundle,https://hai.stanford.edu/ai-index,1. Research and Development\Data\fig_1.8.6.csv,,2026-05-03T06:51:20+00:00,medium_high,"Korea-specific AI talent, education, graduate, or skills indicator.",True,Only observation for indicator/country/period/unit.,5,ai_index_fig_1_8_6_netflow|KOR|2013-01-01|2013-01-31|count,mapped_to_master_schema,"Source figure: fig_1.8.6; source chapter: 1. Research and Development | Korea-specific AI talent, education, graduate, or skills indicator. | {""country_code"": ""KR"", ""year_month"": ""2013-01""} | Original fields: {""country"": ""South Korea"", ""country_code"": ""KR"", ""netflow"": ""-1.33334"", ""year_month"": ""2013-01""}"
obs_6c0ed530c961d2,ai_index_fig_1_8_6_netflow,"Net ow of top AI authors and inventors by country, 2010–25","Talent, Public Sector, and Defense",netflow,KOR,South Korea,KOR/USA/CHN,monthly,2013,2013-02-01,2013-02-28,2013-02,-1.16667,-1.16667,count,count,-1.16667,Numeric value parsed; no unit conversion applied.,observed_metric,stanford_ai_index_2026_public_data_bundle,2026 AI Index Report public data bundle,https://hai.stanford.edu/ai-index,1. Research and Development\Data\fig_1.8.6.csv,,2026-05-03T06:51:20+00:00,medium_high,"Korea-specific AI talent, education, graduate, or skills indicator.",True,Only observation for indicator/country/period/unit.,5,ai_index_fig_1_8_6_netflow|KOR|2013-02-01|2013-02-28|count,mapped_to_master_schema,"Source figure: fig_1.8.6; source chapter: 1. Research and Development | Korea-specific AI talent, education, graduate, or skills indicator. | {""country_code"": ""KR"", ""year_month"": ""2013-02""} | Original fields: {""country"": ""South Korea"", ""country_code"": ""KR"", ""netflow"": ""-1.16667"", ""year_month"": ""2013-02""}"
obs_c4a0ae67c65612,ai_index_fig_1_8_6_netflow,"Net ow of top AI authors and inventors by country, 2010–25","Talent, Public Sector, and Defense",netflow,KOR,South Korea,KOR/USA/CHN,monthly,2013,2013-03-01,2013-03-31,2013-03,-0.41667,-0.41667,count,count,-0.41667,Numeric value parsed; no unit conversion applied.,observed_metric,stanford_ai_index_2026_public_data_bundle,2026 AI Index Report public data bundle,https://hai.stanford.edu/ai-index,1. Research and Development\Data\fig_1.8.6.csv,,2026-05-03T06:51:20+00:00,medium_high,"Korea-specific AI talent, education, graduate, or skills indicator.",True,Only observation for indicator/country/period/unit.,5,ai_index_fig_1_8_6_netflow|KOR|2013-03-01|2013-03-31|count,mapped_to_master_schema,"Source figure: fig_1.8.6; source chapter: 1. Research and Development | Korea-specific AI talent, education, graduate, or skills indicator. | {""country_code"": ""KR"", ""year_month"": ""2013-03""} | Original fields: {""country"": ""South Korea"", ""country_code"": ""KR"", ""netflow"": ""-0.41667"", ""year_month"": ""2013-03""}"
obs_3be2e1b3e8906b,ai_index_fig_1_8_6_netflow,"Net ow of top AI authors and inventors by country, 2010–25","Talent, Public Sector, and Defense",netflow,KOR,South Korea,KOR/USA/CHN,monthly,2013,2013-04-01,2013-04-30,2013-04,-1.33333,-1.33333,count,count,-1.33333,Numeric value parsed; no unit conversion applied.,observed_metric,stanford_ai_index_2026_public_data_bundle,2026 AI Index Report public data bundle,https://hai.stanford.edu/ai-index,1. Research and Development\Data\fig_1.8.6.csv,,2026-05-03T06:51:20+00:00,medium_high,"Korea-specific AI talent, education, graduate, or skills indicator.",True,Only observation for indicator/country/period/unit.,5,ai_index_fig_1_8_6_netflow|KOR|2013-04-01|2013-04-30|count,mapped_to_master_schema,"Source figure: fig_1.8.6; source chapter: 1. Research and Development | Korea-specific AI talent, education, graduate, or skills indicator. | {""country_code"": ""KR"", ""year_month"": ""2013-04""} | Original fields: {""country"": ""South Korea"", ""country_code"": ""KR"", ""netflow"": ""-1.33333"", ""year_month"": ""2013-04""}"
obs_41d3c616adcaf7,ai_index_fig_1_8_6_netflow,"Net ow of top AI authors and inventors by country, 2010–25","Talent, Public Sector, and Defense",netflow,KOR,South Korea,KOR/USA/CHN,monthly,2013,2013-05-01,2013-05-31,2013-05,-1.33333,-1.33333,count,count,-1.33333,Numeric value parsed; no unit conversion applied.,observed_metric,stanford_ai_index_2026_public_data_bundle,2026 AI Index Report public data bundle,https://hai.stanford.edu/ai-index,1. Research and Development\Data\fig_1.8.6.csv,,2026-05-03T06:51:20+00:00,medium_high,"Korea-specific AI talent, education, graduate, or skills indicator.",True,Only observation for indicator/country/period/unit.,5,ai_index_fig_1_8_6_netflow|KOR|2013-05-01|2013-05-31|count,mapped_to_master_schema,"Source figure: fig_1.8.6; source chapter: 1. Research and Development | Korea-specific AI talent, education, graduate, or skills indicator. | {""country_code"": ""KR"", ""year_month"": ""2013-05""} | Original fields: {""country"": ""South Korea"", ""country_code"": ""KR"", ""netflow"": ""-1.33333"", ""year_month"": ""2013-05""}"
obs_c168d887165a1b,ai_index_fig_1_8_6_netflow,"Net ow of top AI authors and inventors by country, 2010–25","Talent, Public Sector, and Defense",netflow,KOR,South Korea,KOR/USA/CHN,monthly,2013,2013-06-01,2013-06-30,2013-06,-1.58333,-1.58333,count,count,-1.58333,Numeric value parsed; no unit conversion applied.,observed_metric,stanford_ai_index_2026_public_data_bundle,2026 AI Index Report public data bundle,https://hai.stanford.edu/ai-index,1. Research and Development\Data\fig_1.8.6.csv,,2026-05-03T06:51:20+00:00,medium_high,"Korea-specific AI talent, education, graduate, or skills indicator.",True,Only observation for indicator/country/period/unit.,5,ai_index_fig_1_8_6_netflow|KOR|2013-06-01|2013-06-30|count,mapped_to_master_schema,"Source figure: fig_1.8.6; source chapter: 1. Research and Development | Korea-specific AI talent, education, graduate, or skills indicator. | {""country_code"": ""KR"", ""year_month"": ""2013-06""} | Original fields: {""country"": ""South Korea"", ""country_code"": ""KR"", ""netflow"": ""-1.58333"", ""year_month"": ""2013-06""}"
obs_42f16843d3324f,ai_index_fig_1_8_6_netflow,"Net ow of top AI authors and inventors by country, 2010–25","Talent, Public Sector, and Defense",netflow,KOR,South Korea,KOR/USA/CHN,monthly,2013,2013-07-01,2013-07-31,2013-07,-0.41666,-0.41666,count,count,-0.41666,Numeric value parsed; no unit conversion applied.,observed_metric,stanford_ai_index_2026_public_data_bundle,2026 AI Index Report public data bundle,https://hai.stanford.edu/ai-index,1. Research and Development\Data\fig_1.8.6.csv,,2026-05-03T06:51:20+00:00,medium_high,"Korea-specific AI talent, education, graduate, or skills indicator.",True,Only observation for indicator/country/period/unit.,5,ai_index_fig_1_8_6_netflow|KOR|2013-07-01|2013-07-31|count,mapped_to_master_schema,"Source figure: fig_1.8.6; source chapter: 1. Research and Development | Korea-specific AI talent, education, graduate, or skills indicator. | {""country_code"": ""KR"", ""year_month"": ""2013-07""} | Original fields: {""country"": ""South Korea"", ""country_code"": ""KR"", ""netflow"": ""-0.41666"", ""year_month"": ""2013-07""}"
obs_89f408b727804c,ai_index_fig_1_8_6_netflow,"Net ow of top AI authors and inventors by country, 2010–25","Talent, Public Sector, and Defense",netflow,KOR,South Korea,KOR/USA/CHN,monthly,2013,2013-08-01,2013-08-31,2013-08,-3.33334,-3.33334,count,count,-3.33334,Numeric value parsed; no unit conversion applied.,observed_metric,stanford_ai_index_2026_public_data_bundle,2026 AI Index Report public data bundle,https://hai.stanford.edu/ai-index,1. Research and Development\Data\fig_1.8.6.csv,,2026-05-03T06:51:20+00:00,medium_high,"Korea-specific AI talent, education, graduate, or skills indicator.",True,Only observation for indicator/country/period/unit.,5,ai_index_fig_1_8_6_netflow|KOR|2013-08-01|2013-08-31|count,mapped_to_master_schema,"Source figure: fig_1.8.6; source chapter: 1. Research and Development | Korea-specific AI talent, education, graduate, or skills indicator. | {""country_code"": ""KR"", ""year_month"": ""2013-08""} | Original fields: {""country"": ""South Korea"", ""country_code"": ""KR"", ""netflow"": ""-3.33334"", ""year_month"": ""2013-08""}"
obs_b1c30b214de152,ai_index_fig_1_8_6_netflow,"Net ow of top AI authors and inventors by country, 2010–25","Talent, Public Sector, and Defense",netflow,KOR,South Korea,KOR/USA/CHN,monthly,2013,2013-09-01,2013-09-30,2013-09,-3.25,-3.25,count,count,-3.25,Numeric value parsed; no unit conversion applied.,observed_metric,stanford_ai_index_2026_public_data_bundle,2026 AI Index Report public data bundle,https://hai.stanford.edu/ai-index,1. Research and Development\Data\fig_1.8.6.csv,,2026-05-03T06:51:20+00:00,medium_high,"Korea-specific AI talent, education, graduate, or skills indicator.",True,Only observation for indicator/country/period/unit.,5,ai_index_fig_1_8_6_netflow|KOR|2013-09-01|2013-09-30|count,mapped_to_master_schema,"Source figure: fig_1.8.6; source chapter: 1. Research and Development | Korea-specific AI talent, education, graduate, or skills indicator. | {""country_code"": ""KR"", ""year_month"": ""2013-09""} | Original fields: {""country"": ""South Korea"", ""country_code"": ""KR"", ""netflow"": ""-3.25"", ""year_month"": ""2013-09""}"
obs_2b5339c2332771,ai_index_fig_1_8_6_netflow,"Net ow of top AI authors and inventors by country, 2010–25","Talent, Public Sector, and Defense",netflow,KOR,South Korea,KOR/USA/CHN,monthly,2013,2013-10-01,2013-10-31,2013-10,-3.75,-3.75,count,count,-3.75,Numeric value parsed; no unit conversion applied.,observed_metric,stanford_ai_index_2026_public_data_bundle,2026 AI Index Report public data bundle,https://hai.stanford.edu/ai-index,1. Research and Development\Data\fig_1.8.6.csv,,2026-05-03T06:51:20+00:00,medium_high,"Korea-specific AI talent, education, graduate, or skills indicator.",True,Only observation for indicator/country/period/unit.,5,ai_index_fig_1_8_6_netflow|KOR|2013-10-01|2013-10-31|count,mapped_to_master_schema,"Source figure: fig_1.8.6; source chapter: 1. Research and Development | Korea-specific AI talent, education, graduate, or skills indicator. | {""country_code"": ""KR"", ""year_month"": ""2013-10""} | Original fields: {""country"": ""South Korea"", ""country_code"": ""KR"", ""netflow"": ""-3.75"", ""year_month"": ""2013-10""}"
obs_3b13f53da52381,ai_index_fig_1_8_6_netflow,"Net ow of top AI authors and inventors by country, 2010–25","Talent, Public Sector, and Defense",netflow,KOR,South Korea,KOR/USA/CHN,monthly,2013,2013-11-01,2013-11-30,2013-11,-3.75,-3.75,count,count,-3.75,Numeric value parsed; no unit conversion applied.,observed_metric,stanford_ai_index_2026_public_data_bundle,2026 AI Index Report public data bundle,https://hai.stanford.edu/ai-index,1. Research and Development\Data\fig_1.8.6.csv,,2026-05-03T06:51:20+00:00,medium_high,"Korea-specific AI talent, education, graduate, or skills indicator.",True,Only observation for indicator/country/period/unit.,5,ai_index_fig_1_8_6_netflow|KOR|2013-11-01|2013-11-30|count,mapped_to_master_schema,"Source figure: fig_1.8.6; source chapter: 1. Research and Development | Korea-specific AI talent, education, graduate, or skills indicator. | {""country_code"": ""KR"", ""year_month"": ""2013-11""} | Original fields: {""country"": ""South Korea"", ""country_code"": ""KR"", ""netflow"": ""-3.75"", ""year_month"": ""2013-11""}"
obs_6d177325a7b1d0,ai_index_fig_1_8_6_netflow,"Net ow of top AI authors and inventors by country, 2010–25","Talent, Public Sector, and Defense",netflow,KOR,South Korea,KOR/USA/CHN,monthly,2013,2013-12-01,2013-12-31,2013-12,-3.41666,-3.41666,count,count,-3.41666,Numeric value parsed; no unit conversion applied.,observed_metric,stanford_ai_index_2026_public_data_bundle,2026 AI Index Report public data bundle,https://hai.stanford.edu/ai-index,1. Research and Development\Data\fig_1.8.6.csv,,2026-05-03T06:51:20+00:00,medium_high,"Korea-specific AI talent, education, graduate, or skills indicator.",True,Only observation for indicator/country/period/unit.,5,ai_index_fig_1_8_6_netflow|KOR|2013-12-01|2013-12-31|count,mapped_to_master_schema,"Source figure: fig_1.8.6; source chapter: 1. Research and Development | Korea-specific AI talent, education, graduate, or skills indicator. | {""country_code"": ""KR"", ""year_month"": ""2013-12""} | Original fields: {""country"": ""South Korea"", ""country_code"": ""KR"", ""netflow"": ""-3.41666"", ""year_month"": ""2013-12""}"
obs_50007ee605fd24,ai_index_fig_1_8_6_netflow,"Net ow of top AI authors and inventors by country, 2010–25","Talent, Public Sector, and Defense",netflow,KOR,South Korea,KOR/USA/CHN,monthly,2014,2014-01-01,2014-01-31,2014-01,-2.5,-2.5,count,count,-2.5,Numeric value parsed; no unit conversion applied.,observed_metric,stanford_ai_index_2026_public_data_bundle,2026 AI Index Report public data bundle,https://hai.stanford.edu/ai-index,1. Research and Development\Data\fig_1.8.6.csv,,2026-05-03T06:51:20+00:00,medium_high,"Korea-specific AI talent, education, graduate, or skills indicator.",True,Only observation for indicator/country/period/unit.,5,ai_index_fig_1_8_6_netflow|KOR|2014-01-01|2014-01-31|count,mapped_to_master_schema,"Source figure: fig_1.8.6; source chapter: 1. Research and Development | Korea-specific AI talent, education, graduate, or skills indicator. | {""country_code"": ""KR"", ""year_month"": ""2014-01""} | Original fields: {""country"": ""South Korea"", ""country_code"": ""KR"", ""netflow"": ""-2.5"", ""year_month"": ""2014-01""}"
obs_4d0e58bec28cc3,ai_index_fig_1_8_6_netflow,"Net ow of top AI authors and inventors by country, 2010–25","Talent, Public Sector, and Defense",netflow,KOR,South Korea,KOR/USA/CHN,monthly,2014,2014-02-01,2014-02-28,2014-02,-2.83333,-2.83333,count,count,-2.83333,Numeric value parsed; no unit conversion applied.,observed_metric,stanford_ai_index_2026_public_data_bundle,2026 AI Index Report public data bundle,https://hai.stanford.edu/ai-index,1. Research and Development\Data\fig_1.8.6.csv,,2026-05-03T06:51:20+00:00,medium_high,"Korea-specific AI talent, education, graduate, or skills indicator.",True,Only observation for indicator/country/period/unit.,5,ai_index_fig_1_8_6_netflow|KOR|2014-02-01|2014-02-28|count,mapped_to_master_schema,"Source figure: fig_1.8.6; source chapter: 1. Research and Development | Korea-specific AI talent, education, graduate, or skills indicator. | {""country_code"": ""KR"", ""year_month"": ""2014-02""} | Original fields: {""country"": ""South Korea"", ""country_code"": ""KR"", ""netflow"": ""-2.83333"", ""year_month"": ""2014-02""}"
obs_b6769318b6e729,ai_index_fig_1_8_6_netflow,"Net ow of top AI authors and inventors by country, 2010–25","Talent, Public Sector, and Defense",netflow,KOR,South Korea,KOR/USA/CHN,monthly,2014,2014-03-01,2014-03-31,2014-03,-2.5,-2.5,count,count,-2.5,Numeric value parsed; no unit conversion applied.,observed_metric,stanford_ai_index_2026_public_data_bundle,2026 AI Index Report public data bundle,https://hai.stanford.edu/ai-index,1. Research and Development\Data\fig_1.8.6.csv,,2026-05-03T06:51:20+00:00,medium_high,"Korea-specific AI talent, education, graduate, or skills indicator.",True,Only observation for indicator/country/period/unit.,5,ai_index_fig_1_8_6_netflow|KOR|2014-03-01|2014-03-31|count,mapped_to_master_schema,"Source figure: fig_1.8.6; source chapter: 1. Research and Development | Korea-specific AI talent, education, graduate, or skills indicator. | {""country_code"": ""KR"", ""year_month"": ""2014-03""} | Original fields: {""country"": ""South Korea"", ""country_code"": ""KR"", ""netflow"": ""-2.5"", ""year_month"": ""2014-03""}"
obs_a134efad7e79ca,ai_index_fig_1_8_6_netflow,"Net ow of top AI authors and inventors by country, 2010–25","Talent, Public Sector, and Defense",netflow,KOR,South Korea,KOR/USA/CHN,monthly,2014,2014-04-01,2014-04-30,2014-04,-1.75,-1.75,count,count,-1.75,Numeric value parsed; no unit conversion applied.,observed_metric,stanford_ai_index_2026_public_data_bundle,2026 AI Index Report public data bundle,https://hai.stanford.edu/ai-index,1. Research and Development\Data\fig_1.8.6.csv,,2026-05-03T06:51:20+00:00,medium_high,"Korea-specific AI talent, education, graduate, or skills indicator.",True,Only observation for indicator/country/period/unit.,5,ai_index_fig_1_8_6_netflow|KOR|2014-04-01|2014-04-30|count,mapped_to_master_schema,"Source figure: fig_1.8.6; source chapter: 1. Research and Development | Korea-specific AI talent, education, graduate, or skills indicator. | {""country_code"": ""KR"", ""year_month"": ""2014-04""} | Original fields: {""country"": ""South Korea"", ""country_code"": ""KR"", ""netflow"": ""-1.75"", ""year_month"": ""2014-04""}"
obs_9a2656abe3ae31,ai_index_fig_1_8_6_netflow,"Net ow of top AI authors and inventors by country, 2010–25","Talent, Public Sector, and Defense",netflow,KOR,South Korea,KOR/USA/CHN,monthly,2014,2014-05-01,2014-05-31,2014-05,-2.41667,-2.41667,count,count,-2.41667,Numeric value parsed; no unit conversion applied.,observed_metric,stanford_ai_index_2026_public_data_bundle,2026 AI Index Report public data bundle,https://hai.stanford.edu/ai-index,1. Research and Development\Data\fig_1.8.6.csv,,2026-05-03T06:51:20+00:00,medium_high,"Korea-specific AI talent, education, graduate, or skills indicator.",True,Only observation for indicator/country/period/unit.,5,ai_index_fig_1_8_6_netflow|KOR|2014-05-01|2014-05-31|count,mapped_to_master_schema,"Source figure: fig_1.8.6; source chapter: 1. Research and Development | Korea-specific AI talent, education, graduate, or skills indicator. | {""country_code"": ""KR"", ""year_month"": ""2014-05""} | Original fields: {""country"": ""South Korea"", ""country_code"": ""KR"", ""netflow"": ""-2.41667"", ""year_month"": ""2014-05""}"
obs_0620bd8e284115,ai_index_fig_1_8_6_netflow,"Net ow of top AI authors and inventors by country, 2010–25","Talent, Public Sector, and Defense",netflow,KOR,South Korea,KOR/USA/CHN,monthly,2014,2014-06-01,2014-06-30,2014-06,-3,-3.0,count,count,-3.0,Numeric value parsed; no unit conversion applied.,observed_metric,stanford_ai_index_2026_public_data_bundle,2026 AI Index Report public data bundle,https://hai.stanford.edu/ai-index,1. Research and Development\Data\fig_1.8.6.csv,,2026-05-03T06:51:20+00:00,medium_high,"Korea-specific AI talent, education, graduate, or skills indicator.",True,Only observation for indicator/country/period/unit.,5,ai_index_fig_1_8_6_netflow|KOR|2014-06-01|2014-06-30|count,mapped_to_master_schema,"Source figure: fig_1.8.6; source chapter: 1. Research and Development | Korea-specific AI talent, education, graduate, or skills indicator. | {""country_code"": ""KR"", ""year_month"": ""2014-06""} | Original fields: {""country"": ""South Korea"", ""country_code"": ""KR"", ""netflow"": ""-3"", ""year_month"": ""2014-06""}"
obs_cc99e3d8218c2b,ai_index_fig_1_8_6_netflow,"Net ow of top AI authors and inventors by country, 2010–25","Talent, Public Sector, and Defense",netflow,KOR,South Korea,KOR/USA/CHN,monthly,2014,2014-07-01,2014-07-31,2014-07,-3.75,-3.75,count,count,-3.75,Numeric value parsed; no unit conversion applied.,observed_metric,stanford_ai_index_2026_public_data_bundle,2026 AI Index Report public data bundle,https://hai.stanford.edu/ai-index,1. Research and Development\Data\fig_1.8.6.csv,,2026-05-03T06:51:20+00:00,medium_high,"Korea-specific AI talent, education, graduate, or skills indicator.",True,Only observation for indicator/country/period/unit.,5,ai_index_fig_1_8_6_netflow|KOR|2014-07-01|2014-07-31|count,mapped_to_master_schema,"Source figure: fig_1.8.6; source chapter: 1. Research and Development | Korea-specific AI talent, education, graduate, or skills indicator. | {""country_code"": ""KR"", ""year_month"": ""2014-07""} | Original fields: {""country"": ""South Korea"", ""country_code"": ""KR"", ""netflow"": ""-3.75"", ""year_month"": ""2014-07""}"
obs_01a1dcdf58e724,ai_index_fig_1_8_6_netflow,"Net ow of top AI authors and inventors by country, 2010–25","Talent, Public Sector, and Defense",netflow,KOR,South Korea,KOR/USA/CHN,monthly,2014,2014-08-01,2014-08-31,2014-08,-3.91667,-3.91667,count,count,-3.91667,Numeric value parsed; no unit conversion applied.,observed_metric,stanford_ai_index_2026_public_data_bundle,2026 AI Index Report public data bundle,https://hai.stanford.edu/ai-index,1. Research and Development\Data\fig_1.8.6.csv,,2026-05-03T06:51:20+00:00,medium_high,"Korea-specific AI talent, education, graduate, or skills indicator.",True,Only observation for indicator/country/period/unit.,5,ai_index_fig_1_8_6_netflow|KOR|2014-08-01|2014-08-31|count,mapped_to_master_schema,"Source figure: fig_1.8.6; source chapter: 1. Research and Development | Korea-specific AI talent, education, graduate, or skills indicator. | {""country_code"": ""KR"", ""year_month"": ""2014-08""} | Original fields: {""country"": ""South Korea"", ""country_code"": ""KR"", ""netflow"": ""-3.91667"", ""year_month"": ""2014-08""}"
obs_358ade92d94a74,ai_index_fig_1_8_6_netflow,"Net ow of top AI authors and inventors by country, 2010–25","Talent, Public Sector, and Defense",netflow,KOR,South Korea,KOR/USA/CHN,monthly,2014,2014-09-01,2014-09-30,2014-09,-4.33333,-4.33333,count,count,-4.33333,Numeric value parsed; no unit conversion applied.,observed_metric,stanford_ai_index_2026_public_data_bundle,2026 AI Index Report public data bundle,https://hai.stanford.edu/ai-index,1. Research and Development\Data\fig_1.8.6.csv,,2026-05-03T06:51:20+00:00,medium_high,"Korea-specific AI talent, education, graduate, or skills indicator.",True,Only observation for indicator/country/period/unit.,5,ai_index_fig_1_8_6_netflow|KOR|2014-09-01|2014-09-30|count,mapped_to_master_schema,"Source figure: fig_1.8.6; source chapter: 1. Research and Development | Korea-specific AI talent, education, graduate, or skills indicator. | {""country_code"": ""KR"", ""year_month"": ""2014-09""} | Original fields: {""country"": ""South Korea"", ""country_code"": ""KR"", ""netflow"": ""-4.33333"", ""year_month"": ""2014-09""}"
obs_ec6d058347358c,ai_index_fig_1_8_6_netflow,"Net ow of top AI authors and inventors by country, 2010–25","Talent, Public Sector, and Defense",netflow,KOR,South Korea,KOR/USA/CHN,monthly,2014,2014-10-01,2014-10-31,2014-10,-4.58333,-4.58333,count,count,-4.58333,Numeric value parsed; no unit conversion applied.,observed_metric,stanford_ai_index_2026_public_data_bundle,2026 AI Index Report public data bundle,https://hai.stanford.edu/ai-index,1. Research and Development\Data\fig_1.8.6.csv,,2026-05-03T06:51:20+00:00,medium_high,"Korea-specific AI talent, education, graduate, or skills indicator.",True,Only observation for indicator/country/period/unit.,5,ai_index_fig_1_8_6_netflow|KOR|2014-10-01|2014-10-31|count,mapped_to_master_schema,"Source figure: fig_1.8.6; source chapter: 1. Research and Development | Korea-specific AI talent, education, graduate, or skills indicator. | {""country_code"": ""KR"", ""year_month"": ""2014-10""} | Original fields: {""country"": ""South Korea"", ""country_code"": ""KR"", ""netflow"": ""-4.58333"", ""year_month"": ""2014-10""}"
obs_aff74f3448e63b,ai_index_fig_1_8_6_netflow,"Net ow of top AI authors and inventors by country, 2010–25","Talent, Public Sector, and Defense",netflow,KOR,South Korea,KOR/USA/CHN,monthly,2014,2014-11-01,2014-11-30,2014-11,-5.58333,-5.58333,count,count,-5.58333,Numeric value parsed; no unit conversion applied.,observed_metric,stanford_ai_index_2026_public_data_bundle,2026 AI Index Report public data bundle,https://hai.stanford.edu/ai-index,1. Research and Development\Data\fig_1.8.6.csv,,2026-05-03T06:51:20+00:00,medium_high,"Korea-specific AI talent, education, graduate, or skills indicator.",True,Only observation for indicator/country/period/unit.,5,ai_index_fig_1_8_6_netflow|KOR|2014-11-01|2014-11-30|count,mapped_to_master_schema,"Source figure: fig_1.8.6; source chapter: 1. Research and Development | Korea-specific AI talent, education, graduate, or skills indicator. | {""country_code"": ""KR"", ""year_month"": ""2014-11""} | Original fields: {""country"": ""South Korea"", ""country_code"": ""KR"", ""netflow"": ""-5.58333"", ""year_month"": ""2014-11""}"
obs_497096fc3a5380,ai_index_fig_1_8_6_netflow,"Net ow of top AI authors and inventors by country, 2010–25","Talent, Public Sector, and Defense",netflow,KOR,South Korea,KOR/USA/CHN,monthly,2014,2014-12-01,2014-12-31,2014-12,-6.58333,-6.58333,count,count,-6.58333,Numeric value parsed; no unit conversion applied.,observed_metric,stanford_ai_index_2026_public_data_bundle,2026 AI Index Report public data bundle,https://hai.stanford.edu/ai-index,1. Research and Development\Data\fig_1.8.6.csv,,2026-05-03T06:51:20+00:00,medium_high,"Korea-specific AI talent, education, graduate, or skills indicator.",True,Only observation for indicator/country/period/unit.,5,ai_index_fig_1_8_6_netflow|KOR|2014-12-01|2014-12-31|count,mapped_to_master_schema,"Source figure: fig_1.8.6; source chapter: 1. Research and Development | Korea-specific AI talent, education, graduate, or skills indicator. | {""country_code"": ""KR"", ""year_month"": ""2014-12""} | Original fields: {""country"": ""South Korea"", ""country_code"": ""KR"", ""netflow"": ""-6.58333"", ""year_month"": ""2014-12""}"
obs_0090719d4232e7,ai_index_fig_1_8_6_netflow,"Net ow of top AI authors and inventors by country, 2010–25","Talent, Public Sector, and Defense",netflow,KOR,South Korea,KOR/USA/CHN,monthly,2015,2015-01-01,2015-01-31,2015-01,-8.58334,-8.58334,count,count,-8.58334,Numeric value parsed; no unit conversion applied.,observed_metric,stanford_ai_index_2026_public_data_bundle,2026 AI Index Report public data bundle,https://hai.stanford.edu/ai-index,1. Research and Development\Data\fig_1.8.6.csv,,2026-05-03T06:51:20+00:00,medium_high,"Korea-specific AI talent, education, graduate, or skills indicator.",True,Only observation for indicator/country/period/unit.,5,ai_index_fig_1_8_6_netflow|KOR|2015-01-01|2015-01-31|count,mapped_to_master_schema,"Source figure: fig_1.8.6; source chapter: 1. Research and Development | Korea-specific AI talent, education, graduate, or skills indicator. | {""country_code"": ""KR"", ""year_month"": ""2015-01""} | Original fields: {""country"": ""South Korea"", ""country_code"": ""KR"", ""netflow"": ""-8.58334"", ""year_month"": ""2015-01""}"
obs_c39dbcf8856777,ai_index_fig_1_8_6_netflow,"Net ow of top AI authors and inventors by country, 2010–25","Talent, Public Sector, and Defense",netflow,KOR,South Korea,KOR/USA/CHN,monthly,2015,2015-02-01,2015-02-28,2015-02,-8,-8.0,count,count,-8.0,Numeric value parsed; no unit conversion applied.,observed_metric,stanford_ai_index_2026_public_data_bundle,2026 AI Index Report public data bundle,https://hai.stanford.edu/ai-index,1. Research and Development\Data\fig_1.8.6.csv,,2026-05-03T06:51:20+00:00,medium_high,"Korea-specific AI talent, education, graduate, or skills indicator.",True,Only observation for indicator/country/period/unit.,5,ai_index_fig_1_8_6_netflow|KOR|2015-02-01|2015-02-28|count,mapped_to_master_schema,"Source figure: fig_1.8.6; source chapter: 1. Research and Development | Korea-specific AI talent, education, graduate, or skills indicator. | {""country_code"": ""KR"", ""year_month"": ""2015-02""} | Original fields: {""country"": ""South Korea"", ""country_code"": ""KR"", ""netflow"": ""-8"", ""year_month"": ""2015-02""}"
obs_529d1a910632e0,ai_index_fig_1_8_6_netflow,"Net ow of top AI authors and inventors by country, 2010–25","Talent, Public Sector, and Defense",netflow,KOR,South Korea,KOR/USA/CHN,monthly,2015,2015-03-01,2015-03-31,2015-03,-8.75,-8.75,count,count,-8.75,Numeric value parsed; no unit conversion applied.,observed_metric,stanford_ai_index_2026_public_data_bundle,2026 AI Index Report public data bundle,https://hai.stanford.edu/ai-index,1. Research and Development\Data\fig_1.8.6.csv,,2026-05-03T06:51:20+00:00,medium_high,"Korea-specific AI talent, education, graduate, or skills indicator.",True,Only observation for indicator/country/period/unit.,5,ai_index_fig_1_8_6_netflow|KOR|2015-03-01|2015-03-31|count,mapped_to_master_schema,"Source figure: fig_1.8.6; source chapter: 1. Research and Development | Korea-specific AI talent, education, graduate, or skills indicator. | {""country_code"": ""KR"", ""year_month"": ""2015-03""} | Original fields: {""country"": ""South Korea"", ""country_code"": ""KR"", ""netflow"": ""-8.75"", ""year_month"": ""2015-03""}"
obs_c6211905bcbefd,ai_index_fig_1_8_6_netflow,"Net ow of top AI authors and inventors by country, 2010–25","Talent, Public Sector, and Defense",netflow,KOR,South Korea,KOR/USA/CHN,monthly,2015,2015-04-01,2015-04-30,2015-04,-9.75,-9.75,count,count,-9.75,Numeric value parsed; no unit conversion applied.,observed_metric,stanford_ai_index_2026_public_data_bundle,2026 AI Index Report public data bundle,https://hai.stanford.edu/ai-index,1. Research and Development\Data\fig_1.8.6.csv,,2026-05-03T06:51:20+00:00,medium_high,"Korea-specific AI talent, education, graduate, or skills indicator.",True,Only observation for indicator/country/period/unit.,5,ai_index_fig_1_8_6_netflow|KOR|2015-04-01|2015-04-30|count,mapped_to_master_schema,"Source figure: fig_1.8.6; source chapter: 1. Research and Development | Korea-specific AI talent, education, graduate, or skills indicator. | {""country_code"": ""KR"", ""year_month"": ""2015-04""} | Original fields: {""country"": ""South Korea"", ""country_code"": ""KR"", ""netflow"": ""-9.75"", ""year_month"": ""2015-04""}"
obs_013b090f63a5a2,ai_index_fig_1_8_6_netflow,"Net ow of top AI authors and inventors by country, 2010–25","Talent, Public Sector, and Defense",netflow,KOR,South Korea,KOR/USA/CHN,monthly,2015,2015-05-01,2015-05-31,2015-05,-10,-10.0,count,count,-10.0,Numeric value parsed; no unit conversion applied.,observed_metric,stanford_ai_index_2026_public_data_bundle,2026 AI Index Report public data bundle,https://hai.stanford.edu/ai-index,1. Research and Development\Data\fig_1.8.6.csv,,2026-05-03T06:51:20+00:00,medium_high,"Korea-specific AI talent, education, graduate, or skills indicator.",True,Only observation for indicator/country/period/unit.,5,ai_index_fig_1_8_6_netflow|KOR|2015-05-01|2015-05-31|count,mapped_to_master_schema,"Source figure: fig_1.8.6; source chapter: 1. Research and Development | Korea-specific AI talent, education, graduate, or skills indicator. | {""country_code"": ""KR"", ""year_month"": ""2015-05""} | Original fields: {""country"": ""South Korea"", ""country_code"": ""KR"", ""netflow"": ""-10"", ""year_month"": ""2015-05""}"
obs_e7d377a9ccfbc0,ai_index_fig_1_8_6_netflow,"Net ow of top AI authors and inventors by country, 2010–25","Talent, Public Sector, and Defense",netflow,KOR,South Korea,KOR/USA/CHN,monthly,2015,2015-06-01,2015-06-30,2015-06,-11.83334,-11.83334,count,count,-11.83334,Numeric value parsed; no unit conversion applied.,observed_metric,stanford_ai_index_2026_public_data_bundle,2026 AI Index Report public data bundle,https://hai.stanford.edu/ai-index,1. Research and Development\Data\fig_1.8.6.csv,,2026-05-03T06:51:20+00:00,medium_high,"Korea-specific AI talent, education, graduate, or skills indicator.",True,Only observation for indicator/country/period/unit.,5,ai_index_fig_1_8_6_netflow|KOR|2015-06-01|2015-06-30|count,mapped_to_master_schema,"Source figure: fig_1.8.6; source chapter: 1. Research and Development | Korea-specific AI talent, education, graduate, or skills indicator. | {""country_code"": ""KR"", ""year_month"": ""2015-06""} | Original fields: {""country"": ""South Korea"", ""country_code"": ""KR"", ""netflow"": ""-11.83334"", ""year_month"": ""2015-06""}"
obs_c30c5292887f53,ai_index_fig_1_8_6_netflow,"Net ow of top AI authors and inventors by country, 2010–25","Talent, Public Sector, and Defense",netflow,KOR,South Korea,KOR/USA/CHN,monthly,2015,2015-07-01,2015-07-31,2015-07,-12.83333,-12.83333,count,count,-12.83333,Numeric value parsed; no unit conversion applied.,observed_metric,stanford_ai_index_2026_public_data_bundle,2026 AI Index Report public data bundle,https://hai.stanford.edu/ai-index,1. Research and Development\Data\fig_1.8.6.csv,,2026-05-03T06:51:20+00:00,medium_high,"Korea-specific AI talent, education, graduate, or skills indicator.",True,Only observation for indicator/country/period/unit.,5,ai_index_fig_1_8_6_netflow|KOR|2015-07-01|2015-07-31|count,mapped_to_master_schema,"Source figure: fig_1.8.6; source chapter: 1. Research and Development | Korea-specific AI talent, education, graduate, or skills indicator. | {""country_code"": ""KR"", ""year_month"": ""2015-07""} | Original fields: {""country"": ""South Korea"", ""country_code"": ""KR"", ""netflow"": ""-12.83333"", ""year_month"": ""2015-07""}"
obs_a8b5ec7bb5ff85,ai_index_fig_1_8_6_netflow,"Net ow of top AI authors and inventors by country, 2010–25","Talent, Public Sector, and Defense",netflow,KOR,South Korea,KOR/USA/CHN,monthly,2015,2015-08-01,2015-08-31,2015-08,-12.58333,-12.58333,count,count,-12.58333,Numeric value parsed; no unit conversion applied.,observed_metric,stanford_ai_index_2026_public_data_bundle,2026 AI Index Report public data bundle,https://hai.stanford.edu/ai-index,1. Research and Development\Data\fig_1.8.6.csv,,2026-05-03T06:51:20+00:00,medium_high,"Korea-specific AI talent, education, graduate, or skills indicator.",True,Only observation for indicator/country/period/unit.,5,ai_index_fig_1_8_6_netflow|KOR|2015-08-01|2015-08-31|count,mapped_to_master_schema,"Source figure: fig_1.8.6; source chapter: 1. Research and Development | Korea-specific AI talent, education, graduate, or skills indicator. | {""country_code"": ""KR"", ""year_month"": ""2015-08""} | Original fields: {""country"": ""South Korea"", ""country_code"": ""KR"", ""netflow"": ""-12.58333"", ""year_month"": ""2015-08""}"
obs_4f329f288f79b8,ai_index_fig_1_8_6_netflow,"Net ow of top AI authors and inventors by country, 2010–25","Talent, Public Sector, and Defense",netflow,KOR,South Korea,KOR/USA/CHN,monthly,2015,2015-09-01,2015-09-30,2015-09,-13.66667,-13.66667,count,count,-13.66667,Numeric value parsed; no unit conversion applied.,observed_metric,stanford_ai_index_2026_public_data_bundle,2026 AI Index Report public data bundle,https://hai.stanford.edu/ai-index,1. Research and Development\Data\fig_1.8.6.csv,,2026-05-03T06:51:20+00:00,medium_high,"Korea-specific AI talent, education, graduate, or skills indicator.",True,Only observation for indicator/country/period/unit.,5,ai_index_fig_1_8_6_netflow|KOR|2015-09-01|2015-09-30|count,mapped_to_master_schema,"Source figure: fig_1.8.6; source chapter: 1. Research and Development | Korea-specific AI talent, education, graduate, or skills indicator. | {""country_code"": ""KR"", ""year_month"": ""2015-09""} | Original fields: {""country"": ""South Korea"", ""country_code"": ""KR"", ""netflow"": ""-13.66667"", ""year_month"": ""2015-09""}"
obs_84649aa0061561,ai_index_fig_1_8_6_netflow,"Net ow of top AI authors and inventors by country, 2010–25","Talent, Public Sector, and Defense",netflow,KOR,South Korea,KOR/USA/CHN,monthly,2015,2015-10-01,2015-10-31,2015-10,-14.25,-14.25,count,count,-14.25,Numeric value parsed; no unit conversion applied.,observed_metric,stanford_ai_index_2026_public_data_bundle,2026 AI Index Report public data bundle,https://hai.stanford.edu/ai-index,1. Research and Development\Data\fig_1.8.6.csv,,2026-05-03T06:51:20+00:00,medium_high,"Korea-specific AI talent, education, graduate, or skills indicator.",True,Only observation for indicator/country/period/unit.,5,ai_index_fig_1_8_6_netflow|KOR|2015-10-01|2015-10-31|count,mapped_to_master_schema,"Source figure: fig_1.8.6; source chapter: 1. Research and Development | Korea-specific AI talent, education, graduate, or skills indicator. | {""country_code"": ""KR"", ""year_month"": ""2015-10""} | Original fields: {""country"": ""South Korea"", ""country_code"": ""KR"", ""netflow"": ""-14.25"", ""year_month"": ""2015-10""}"
obs_711662f9394465,ai_index_fig_1_8_6_netflow,"Net ow of top AI authors and inventors by country, 2010–25","Talent, Public Sector, and Defense",netflow,KOR,South Korea,KOR/USA/CHN,monthly,2015,2015-11-01,2015-11-30,2015-11,-13.91667,-13.91667,count,count,-13.91667,Numeric value parsed; no unit conversion applied.,observed_metric,stanford_ai_index_2026_public_data_bundle,2026 AI Index Report public data bundle,https://hai.stanford.edu/ai-index,1. Research and Development\Data\fig_1.8.6.csv,,2026-05-03T06:51:20+00:00,medium_high,"Korea-specific AI talent, education, graduate, or skills indicator.",True,Only observation for indicator/country/period/unit.,5,ai_index_fig_1_8_6_netflow|KOR|2015-11-01|2015-11-30|count,mapped_to_master_schema,"Source figure: fig_1.8.6; source chapter: 1. Research and Development | Korea-specific AI talent, education, graduate, or skills indicator. | {""country_code"": ""KR"", ""year_month"": ""2015-11""} | Original fields: {""country"": ""South Korea"", ""country_code"": ""KR"", ""netflow"": ""-13.91667"", ""year_month"": ""2015-11""}"
obs_5d19002236314e,ai_index_fig_1_8_6_netflow,"Net ow of top AI authors and inventors by country, 2010–25","Talent, Public Sector, and Defense",netflow,KOR,South Korea,KOR/USA/CHN,monthly,2015,2015-12-01,2015-12-31,2015-12,-13.83333,-13.83333,count,count,-13.83333,Numeric value parsed; no unit conversion applied.,observed_metric,stanford_ai_index_2026_public_data_bundle,2026 AI Index Report public data bundle,https://hai.stanford.edu/ai-index,1. Research and Development\Data\fig_1.8.6.csv,,2026-05-03T06:51:20+00:00,medium_high,"Korea-specific AI talent, education, graduate, or skills indicator.",True,Only observation for indicator/country/period/unit.,5,ai_index_fig_1_8_6_netflow|KOR|2015-12-01|2015-12-31|count,mapped_to_master_schema,"Source figure: fig_1.8.6; source chapter: 1. Research and Development | Korea-specific AI talent, education, graduate, or skills indicator. | {""country_code"": ""KR"", ""year_month"": ""2015-12""} | Original fields: {""country"": ""South Korea"", ""country_code"": ""KR"", ""netflow"": ""-13.83333"", ""year_month"": ""2015-12""}"
obs_26c73475cbde9f,ai_index_fig_1_8_6_netflow,"Net ow of top AI authors and inventors by country, 2010–25","Talent, Public Sector, and Defense",netflow,KOR,South Korea,KOR/USA/CHN,monthly,2016,2016-01-01,2016-01-31,2016-01,-12.75,-12.75,count,count,-12.75,Numeric value parsed; no unit conversion applied.,observed_metric,stanford_ai_index_2026_public_data_bundle,2026 AI Index Report public data bundle,https://hai.stanford.edu/ai-index,1. Research and Development\Data\fig_1.8.6.csv,,2026-05-03T06:51:20+00:00,medium_high,"Korea-specific AI talent, education, graduate, or skills indicator.",True,Only observation for indicator/country/period/unit.,5,ai_index_fig_1_8_6_netflow|KOR|2016-01-01|2016-01-31|count,mapped_to_master_schema,"Source figure: fig_1.8.6; source chapter: 1. Research and Development | Korea-specific AI talent, education, graduate, or skills indicator. | {""country_code"": ""KR"", ""year_month"": ""2016-01""} | Original fields: {""country"": ""South Korea"", ""country_code"": ""KR"", ""netflow"": ""-12.75"", ""year_month"": ""2016-01""}"
obs_bf3b27a5a433d2,ai_index_fig_1_8_6_netflow,"Net ow of top AI authors and inventors by country, 2010–25","Talent, Public Sector, and Defense",netflow,KOR,South Korea,KOR/USA/CHN,monthly,2016,2016-02-01,2016-02-29,2016-02,-14.08334,-14.08334,count,count,-14.08334,Numeric value parsed; no unit conversion applied.,observed_metric,stanford_ai_index_2026_public_data_bundle,2026 AI Index Report public data bundle,https://hai.stanford.edu/ai-index,1. Research and Development\Data\fig_1.8.6.csv,,2026-05-03T06:51:20+00:00,medium_high,"Korea-specific AI talent, education, graduate, or skills indicator.",True,Only observation for indicator/country/period/unit.,5,ai_index_fig_1_8_6_netflow|KOR|2016-02-01|2016-02-29|count,mapped_to_master_schema,"Source figure: fig_1.8.6; source chapter: 1. Research and Development | Korea-specific AI talent, education, graduate, or skills indicator. | {""country_code"": ""KR"", ""year_month"": ""2016-02""} | Original fields: {""country"": ""South Korea"", ""country_code"": ""KR"", ""netflow"": ""-14.08334"", ""year_month"": ""2016-02""}"
obs_35bacf72f9c3a8,ai_index_fig_1_8_6_netflow,"Net ow of top AI authors and inventors by country, 2010–25","Talent, Public Sector, and Defense",netflow,KOR,South Korea,KOR/USA/CHN,monthly,2016,2016-03-01,2016-03-31,2016-03,-13.58333,-13.58333,count,count,-13.58333,Numeric value parsed; no unit conversion applied.,observed_metric,stanford_ai_index_2026_public_data_bundle,2026 AI Index Report public data bundle,https://hai.stanford.edu/ai-index,1. Research and Development\Data\fig_1.8.6.csv,,2026-05-03T06:51:20+00:00,medium_high,"Korea-specific AI talent, education, graduate, or skills indicator.",True,Only observation for indicator/country/period/unit.,5,ai_index_fig_1_8_6_netflow|KOR|2016-03-01|2016-03-31|count,mapped_to_master_schema,"Source figure: fig_1.8.6; source chapter: 1. Research and Development | Korea-specific AI talent, education, graduate, or skills indicator. | {""country_code"": ""KR"", ""year_month"": ""2016-03""} | Original fields: {""country"": ""South Korea"", ""country_code"": ""KR"", ""netflow"": ""-13.58333"", ""year_month"": ""2016-03""}"
obs_a19ef79c7dfef7,ai_index_fig_1_8_6_netflow,"Net ow of top AI authors and inventors by country, 2010–25","Talent, Public Sector, and Defense",netflow,KOR,South Korea,KOR/USA/CHN,monthly,2016,2016-04-01,2016-04-30,2016-04,-13,-13.0,count,count,-13.0,Numeric value parsed; no unit conversion applied.,observed_metric,stanford_ai_index_2026_public_data_bundle,2026 AI Index Report public data bundle,https://hai.stanford.edu/ai-index,1. Research and Development\Data\fig_1.8.6.csv,,2026-05-03T06:51:20+00:00,medium_high,"Korea-specific AI talent, education, graduate, or skills indicator.",True,Only observation for indicator/country/period/unit.,5,ai_index_fig_1_8_6_netflow|KOR|2016-04-01|2016-04-30|count,mapped_to_master_schema,"Source figure: fig_1.8.6; source chapter: 1. Research and Development | Korea-specific AI talent, education, graduate, or skills indicator. | {""country_code"": ""KR"", ""year_month"": ""2016-04""} | Original fields: {""country"": ""South Korea"", ""country_code"": ""KR"", ""netflow"": ""-13"", ""year_month"": ""2016-04""}"
obs_868f53727423d5,ai_index_fig_1_8_6_netflow,"Net ow of top AI authors and inventors by country, 2010–25","Talent, Public Sector, and Defense",netflow,KOR,South Korea,KOR/USA/CHN,monthly,2016,2016-05-01,2016-05-31,2016-05,-14.5,-14.5,count,count,-14.5,Numeric value parsed; no unit conversion applied.,observed_metric,stanford_ai_index_2026_public_data_bundle,2026 AI Index Report public data bundle,https://hai.stanford.edu/ai-index,1. Research and Development\Data\fig_1.8.6.csv,,2026-05-03T06:51:20+00:00,medium_high,"Korea-specific AI talent, education, graduate, or skills indicator.",True,Only observation for indicator/country/period/unit.,5,ai_index_fig_1_8_6_netflow|KOR|2016-05-01|2016-05-31|count,mapped_to_master_schema,"Source figure: fig_1.8.6; source chapter: 1. Research and Development | Korea-specific AI talent, education, graduate, or skills indicator. | {""country_code"": ""KR"", ""year_month"": ""2016-05""} | Original fields: {""country"": ""South Korea"", ""country_code"": ""KR"", ""netflow"": ""-14.5"", ""year_month"": ""2016-05""}"
obs_9d53759eda3b37,ai_index_fig_1_8_6_netflow,"Net ow of top AI authors and inventors by country, 2010–25","Talent, Public Sector, and Defense",netflow,KOR,South Korea,KOR/USA/CHN,monthly,2016,2016-06-01,2016-06-30,2016-06,-12.33334,-12.33334,count,count,-12.33334,Numeric value parsed; no unit conversion applied.,observed_metric,stanford_ai_index_2026_public_data_bundle,2026 AI Index Report public data bundle,https://hai.stanford.edu/ai-index,1. Research and Development\Data\fig_1.8.6.csv,,2026-05-03T06:51:20+00:00,medium_high,"Korea-specific AI talent, education, graduate, or skills indicator.",True,Only observation for indicator/country/period/unit.,5,ai_index_fig_1_8_6_netflow|KOR|2016-06-01|2016-06-30|count,mapped_to_master_schema,"Source figure: fig_1.8.6; source chapter: 1. Research and Development | Korea-specific AI talent, education, graduate, or skills indicator. | {""country_code"": ""KR"", ""year_month"": ""2016-06""} | Original fields: {""country"": ""South Korea"", ""country_code"": ""KR"", ""netflow"": ""-12.33334"", ""year_month"": ""2016-06""}"
obs_8e16f939157b8b,ai_index_fig_1_8_6_netflow,"Net ow of top AI authors and inventors by country, 2010–25","Talent, Public Sector, and Defense",netflow,KOR,South Korea,KOR/USA/CHN,monthly,2016,2016-07-01,2016-07-31,2016-07,-11.08333,-11.08333,count,count,-11.08333,Numeric value parsed; no unit conversion applied.,observed_metric,stanford_ai_index_2026_public_data_bundle,2026 AI Index Report public data bundle,https://hai.stanford.edu/ai-index,1. Research and Development\Data\fig_1.8.6.csv,,2026-05-03T06:51:20+00:00,medium_high,"Korea-specific AI talent, education, graduate, or skills indicator.",True,Only observation for indicator/country/period/unit.,5,ai_index_fig_1_8_6_netflow|KOR|2016-07-01|2016-07-31|count,mapped_to_master_schema,"Source figure: fig_1.8.6; source chapter: 1. Research and Development | Korea-specific AI talent, education, graduate, or skills indicator. | {""country_code"": ""KR"", ""year_month"": ""2016-07""} | Original fields: {""country"": ""South Korea"", ""country_code"": ""KR"", ""netflow"": ""-11.08333"", ""year_month"": ""2016-07""}"
obs_8f074829555b99,ai_index_fig_1_8_6_netflow,"Net ow of top AI authors and inventors by country, 2010–25","Talent, Public Sector, and Defense",netflow,KOR,South Korea,KOR/USA/CHN,monthly,2016,2016-08-01,2016-08-31,2016-08,-12,-12.0,count,count,-12.0,Numeric value parsed; no unit conversion applied.,observed_metric,stanford_ai_index_2026_public_data_bundle,2026 AI Index Report public data bundle,https://hai.stanford.edu/ai-index,1. Research and Development\Data\fig_1.8.6.csv,,2026-05-03T06:51:20+00:00,medium_high,"Korea-specific AI talent, education, graduate, or skills indicator.",True,Only observation for indicator/country/period/unit.,5,ai_index_fig_1_8_6_netflow|KOR|2016-08-01|2016-08-31|count,mapped_to_master_schema,"Source figure: fig_1.8.6; source chapter: 1. Research and Development | Korea-specific AI talent, education, graduate, or skills indicator. | {""country_code"": ""KR"", ""year_month"": ""2016-08""} | Original fields: {""country"": ""South Korea"", ""country_code"": ""KR"", ""netflow"": ""-12"", ""year_month"": ""2016-08""}"
obs_08df36c6d1da06,ai_index_fig_1_8_6_netflow,"Net ow of top AI authors and inventors by country, 2010–25","Talent, Public Sector, and Defense",netflow,KOR,South Korea,KOR/USA/CHN,monthly,2016,2016-09-01,2016-09-30,2016-09,-13.25,-13.25,count,count,-13.25,Numeric value parsed; no unit conversion applied.,observed_metric,stanford_ai_index_2026_public_data_bundle,2026 AI Index Report public data bundle,https://hai.stanford.edu/ai-index,1. Research and Development\Data\fig_1.8.6.csv,,2026-05-03T06:51:20+00:00,medium_high,"Korea-specific AI talent, education, graduate, or skills indicator.",True,Only observation for indicator/country/period/unit.,5,ai_index_fig_1_8_6_netflow|KOR|2016-09-01|2016-09-30|count,mapped_to_master_schema,"Source figure: fig_1.8.6; source chapter: 1. Research and Development | Korea-specific AI talent, education, graduate, or skills indicator. | {""country_code"": ""KR"", ""year_month"": ""2016-09""} | Original fields: {""country"": ""South Korea"", ""country_code"": ""KR"", ""netflow"": ""-13.25"", ""year_month"": ""2016-09""}"
obs_1f3e3969cc9289,ai_index_fig_1_8_6_netflow,"Net ow of top AI authors and inventors by country, 2010–25","Talent, Public Sector, and Defense",netflow,KOR,South Korea,KOR/USA/CHN,monthly,2016,2016-10-01,2016-10-31,2016-10,-13.91667,-13.91667,count,count,-13.91667,Numeric value parsed; no unit conversion applied.,observed_metric,stanford_ai_index_2026_public_data_bundle,2026 AI Index Report public data bundle,https://hai.stanford.edu/ai-index,1. Research and Development\Data\fig_1.8.6.csv,,2026-05-03T06:51:20+00:00,medium_high,"Korea-specific AI talent, education, graduate, or skills indicator.",True,Only observation for indicator/country/period/unit.,5,ai_index_fig_1_8_6_netflow|KOR|2016-10-01|2016-10-31|count,mapped_to_master_schema,"Source figure: fig_1.8.6; source chapter: 1. Research and Development | Korea-specific AI talent, education, graduate, or skills indicator. | {""country_code"": ""KR"", ""year_month"": ""2016-10""} | Original fields: {""country"": ""South Korea"", ""country_code"": ""KR"", ""netflow"": ""-13.91667"", ""year_month"": ""2016-10""}"
obs_52db1c692e304c,ai_index_fig_1_8_6_netflow,"Net ow of top AI authors and inventors by country, 2010–25","Talent, Public Sector, and Defense",netflow,KOR,South Korea,KOR/USA/CHN,monthly,2016,2016-11-01,2016-11-30,2016-11,-14.75,-14.75,count,count,-14.75,Numeric value parsed; no unit conversion applied.,observed_metric,stanford_ai_index_2026_public_data_bundle,2026 AI Index Report public data bundle,https://hai.stanford.edu/ai-index,1. Research and Development\Data\fig_1.8.6.csv,,2026-05-03T06:51:20+00:00,medium_high,"Korea-specific AI talent, education, graduate, or skills indicator.",True,Only observation for indicator/country/period/unit.,5,ai_index_fig_1_8_6_netflow|KOR|2016-11-01|2016-11-30|count,mapped_to_master_schema,"Source figure: fig_1.8.6; source chapter: 1. Research and Development | Korea-specific AI talent, education, graduate, or skills indicator. | {""country_code"": ""KR"", ""year_month"": ""2016-11""} | Original fields: {""country"": ""South Korea"", ""country_code"": ""KR"", ""netflow"": ""-14.75"", ""year_month"": ""2016-11""}"
obs_06d121d1d4ac06,ai_index_fig_1_8_6_netflow,"Net ow of top AI authors and inventors by country, 2010–25","Talent, Public Sector, and Defense",netflow,KOR,South Korea,KOR/USA/CHN,monthly,2016,2016-12-01,2016-12-31,2016-12,-14.41667,-14.41667,count,count,-14.41667,Numeric value parsed; no unit conversion applied.,observed_metric,stanford_ai_index_2026_public_data_bundle,2026 AI Index Report public data bundle,https://hai.stanford.edu/ai-index,1. Research and Development\Data\fig_1.8.6.csv,,2026-05-03T06:51:20+00:00,medium_high,"Korea-specific AI talent, education, graduate, or skills indicator.",True,Only observation for indicator/country/period/unit.,5,ai_index_fig_1_8_6_netflow|KOR|2016-12-01|2016-12-31|count,mapped_to_master_schema,"Source figure: fig_1.8.6; source chapter: 1. Research and Development | Korea-specific AI talent, education, graduate, or skills indicator. | {""country_code"": ""KR"", ""year_month"": ""2016-12""} | Original fields: {""country"": ""South Korea"", ""country_code"": ""KR"", ""netflow"": ""-14.41667"", ""year_month"": ""2016-12""}"
obs_2051b2bbda6ae2,ai_index_fig_1_8_6_netflow,"Net ow of top AI authors and inventors by country, 2010–25","Talent, Public Sector, and Defense",netflow,KOR,South Korea,KOR/USA/CHN,monthly,2017,2017-01-01,2017-01-31,2017-01,-15.5,-15.5,count,count,-15.5,Numeric value parsed; no unit conversion applied.,observed_metric,stanford_ai_index_2026_public_data_bundle,2026 AI Index Report public data bundle,https://hai.stanford.edu/ai-index,1. Research and Development\Data\fig_1.8.6.csv,,2026-05-03T06:51:20+00:00,medium_high,"Korea-specific AI talent, education, graduate, or skills indicator.",True,Only observation for indicator/country/period/unit.,5,ai_index_fig_1_8_6_netflow|KOR|2017-01-01|2017-01-31|count,mapped_to_master_schema,"Source figure: fig_1.8.6; source chapter: 1. Research and Development | Korea-specific AI talent, education, graduate, or skills indicator. | {""country_code"": ""KR"", ""year_month"": ""2017-01""} | Original fields: {""country"": ""South Korea"", ""country_code"": ""KR"", ""netflow"": ""-15.5"", ""year_month"": ""2017-01""}"
obs_f48bba473938f1,ai_index_fig_1_8_6_netflow,"Net ow of top AI authors and inventors by country, 2010–25","Talent, Public Sector, and Defense",netflow,KOR,South Korea,KOR/USA/CHN,monthly,2017,2017-02-01,2017-02-28,2017-02,-15.08333,-15.08333,count,count,-15.08333,Numeric value parsed; no unit conversion applied.,observed_metric,stanford_ai_index_2026_public_data_bundle,2026 AI Index Report public data bundle,https://hai.stanford.edu/ai-index,1. Research and Development\Data\fig_1.8.6.csv,,2026-05-03T06:51:20+00:00,medium_high,"Korea-specific AI talent, education, graduate, or skills indicator.",True,Only observation for indicator/country/period/unit.,5,ai_index_fig_1_8_6_netflow|KOR|2017-02-01|2017-02-28|count,mapped_to_master_schema,"Source figure: fig_1.8.6; source chapter: 1. Research and Development | Korea-specific AI talent, education, graduate, or skills indicator. | {""country_code"": ""KR"", ""year_month"": ""2017-02""} | Original fields: {""country"": ""South Korea"", ""country_code"": ""KR"", ""netflow"": ""-15.08333"", ""year_month"": ""2017-02""}"
obs_f68993b7b83233,ai_index_fig_1_8_6_netflow,"Net ow of top AI authors and inventors by country, 2010–25","Talent, Public Sector, and Defense",netflow,KOR,South Korea,KOR/USA/CHN,monthly,2017,2017-03-01,2017-03-31,2017-03,-15.16667,-15.16667,count,count,-15.16667,Numeric value parsed; no unit conversion applied.,observed_metric,stanford_ai_index_2026_public_data_bundle,2026 AI Index Report public data bundle,https://hai.stanford.edu/ai-index,1. Research and Development\Data\fig_1.8.6.csv,,2026-05-03T06:51:20+00:00,medium_high,"Korea-specific AI talent, education, graduate, or skills indicator.",True,Only observation for indicator/country/period/unit.,5,ai_index_fig_1_8_6_netflow|KOR|2017-03-01|2017-03-31|count,mapped_to_master_schema,"Source figure: fig_1.8.6; source chapter: 1. Research and Development | Korea-specific AI talent, education, graduate, or skills indicator. | {""country_code"": ""KR"", ""year_month"": ""2017-03""} | Original fields: {""country"": ""South Korea"", ""country_code"": ""KR"", ""netflow"": ""-15.16667"", ""year_month"": ""2017-03""}"
obs_7b12abe1aebd4c,ai_index_fig_1_8_6_netflow,"Net ow of top AI authors and inventors by country, 2010–25","Talent, Public Sector, and Defense",netflow,KOR,South Korea,KOR/USA/CHN,monthly,2017,2017-04-01,2017-04-30,2017-04,-16.08333,-16.08333,count,count,-16.08333,Numeric value parsed; no unit conversion applied.,observed_metric,stanford_ai_index_2026_public_data_bundle,2026 AI Index Report public data bundle,https://hai.stanford.edu/ai-index,1. Research and Development\Data\fig_1.8.6.csv,,2026-05-03T06:51:20+00:00,medium_high,"Korea-specific AI talent, education, graduate, or skills indicator.",True,Only observation for indicator/country/period/unit.,5,ai_index_fig_1_8_6_netflow|KOR|2017-04-01|2017-04-30|count,mapped_to_master_schema,"Source figure: fig_1.8.6; source chapter: 1. Research and Development | Korea-specific AI talent, education, graduate, or skills indicator. | {""country_code"": ""KR"", ""year_month"": ""2017-04""} | Original fields: {""country"": ""South Korea"", ""country_code"": ""KR"", ""netflow"": ""-16.08333"", ""year_month"": ""2017-04""}"
obs_bace97be3d0ed6,ai_index_fig_1_8_6_netflow,"Net ow of top AI authors and inventors by country, 2010–25","Talent, Public Sector, and Defense",netflow,KOR,South Korea,KOR/USA/CHN,monthly,2017,2017-05-01,2017-05-31,2017-05,-16.25,-16.25,count,count,-16.25,Numeric value parsed; no unit conversion applied.,observed_metric,stanford_ai_index_2026_public_data_bundle,2026 AI Index Report public data bundle,https://hai.stanford.edu/ai-index,1. Research and Development\Data\fig_1.8.6.csv,,2026-05-03T06:51:20+00:00,medium_high,"Korea-specific AI talent, education, graduate, or skills indicator.",True,Only observation for indicator/country/period/unit.,5,ai_index_fig_1_8_6_netflow|KOR|2017-05-01|2017-05-31|count,mapped_to_master_schema,"Source figure: fig_1.8.6; source chapter: 1. Research and Development | Korea-specific AI talent, education, graduate, or skills indicator. | {""country_code"": ""KR"", ""year_month"": ""2017-05""} | Original fields: {""country"": ""South Korea"", ""country_code"": ""KR"", ""netflow"": ""-16.25"", ""year_month"": ""2017-05""}"
obs_cf55e8cca50830,ai_index_fig_1_8_6_netflow,"Net ow of top AI authors and inventors by country, 2010–25","Talent, Public Sector, and Defense",netflow,KOR,South Korea,KOR/USA/CHN,monthly,2017,2017-06-01,2017-06-30,2017-06,-17.66667,-17.66667,count,count,-17.66667,Numeric value parsed; no unit conversion applied.,observed_metric,stanford_ai_index_2026_public_data_bundle,2026 AI Index Report public data bundle,https://hai.stanford.edu/ai-index,1. Research and Development\Data\fig_1.8.6.csv,,2026-05-03T06:51:20+00:00,medium_high,"Korea-specific AI talent, education, graduate, or skills indicator.",True,Only observation for indicator/country/period/unit.,5,ai_index_fig_1_8_6_netflow|KOR|2017-06-01|2017-06-30|count,mapped_to_master_schema,"Source figure: fig_1.8.6; source chapter: 1. Research and Development | Korea-specific AI talent, education, graduate, or skills indicator. | {""country_code"": ""KR"", ""year_month"": ""2017-06""} | Original fields: {""country"": ""South Korea"", ""country_code"": ""KR"", ""netflow"": ""-17.66667"", ""year_month"": ""2017-06""}"
obs_8e96a48a26eb2d,ai_index_fig_1_8_6_netflow,"Net ow of top AI authors and inventors by country, 2010–25","Talent, Public Sector, and Defense",netflow,KOR,South Korea,KOR/USA/CHN,monthly,2017,2017-07-01,2017-07-31,2017-07,-18.91667,-18.91667,count,count,-18.91667,Numeric value parsed; no unit conversion applied.,observed_metric,stanford_ai_index_2026_public_data_bundle,2026 AI Index Report public data bundle,https://hai.stanford.edu/ai-index,1. Research and Development\Data\fig_1.8.6.csv,,2026-05-03T06:51:20+00:00,medium_high,"Korea-specific AI talent, education, graduate, or skills indicator.",True,Only observation for indicator/country/period/unit.,5,ai_index_fig_1_8_6_netflow|KOR|2017-07-01|2017-07-31|count,mapped_to_master_schema,"Source figure: fig_1.8.6; source chapter: 1. Research and Development | Korea-specific AI talent, education, graduate, or skills indicator. | {""country_code"": ""KR"", ""year_month"": ""2017-07""} | Original fields: {""country"": ""South Korea"", ""country_code"": ""KR"", ""netflow"": ""-18.91667"", ""year_month"": ""2017-07""}"
obs_f0b65b48417863,ai_index_fig_1_8_6_netflow,"Net ow of top AI authors and inventors by country, 2010–25","Talent, Public Sector, and Defense",netflow,KOR,South Korea,KOR/USA/CHN,monthly,2017,2017-08-01,2017-08-31,2017-08,-18.5,-18.5,count,count,-18.5,Numeric value parsed; no unit conversion applied.,observed_metric,stanford_ai_index_2026_public_data_bundle,2026 AI Index Report public data bundle,https://hai.stanford.edu/ai-index,1. Research and Development\Data\fig_1.8.6.csv,,2026-05-03T06:51:20+00:00,medium_high,"Korea-specific AI talent, education, graduate, or skills indicator.",True,Only observation for indicator/country/period/unit.,5,ai_index_fig_1_8_6_netflow|KOR|2017-08-01|2017-08-31|count,mapped_to_master_schema,"Source figure: fig_1.8.6; source chapter: 1. Research and Development | Korea-specific AI talent, education, graduate, or skills indicator. | {""country_code"": ""KR"", ""year_month"": ""2017-08""} | Original fields: {""country"": ""South Korea"", ""country_code"": ""KR"", ""netflow"": ""-18.5"", ""year_month"": ""2017-08""}"
obs_05e6eb2596972e,ai_index_fig_1_8_6_netflow,"Net ow of top AI authors and inventors by country, 2010–25","Talent, Public Sector, and Defense",netflow,KOR,South Korea,KOR/USA/CHN,monthly,2017,2017-09-01,2017-09-30,2017-09,-17.25,-17.25,count,count,-17.25,Numeric value parsed; no unit conversion applied.,observed_metric,stanford_ai_index_2026_public_data_bundle,2026 AI Index Report public data bundle,https://hai.stanford.edu/ai-index,1. Research and Development\Data\fig_1.8.6.csv,,2026-05-03T06:51:20+00:00,medium_high,"Korea-specific AI talent, education, graduate, or skills indicator.",True,Only observation for indicator/country/period/unit.,5,ai_index_fig_1_8_6_netflow|KOR|2017-09-01|2017-09-30|count,mapped_to_master_schema,"Source figure: fig_1.8.6; source chapter: 1. Research and Development | Korea-specific AI talent, education, graduate, or skills indicator. | {""country_code"": ""KR"", ""year_month"": ""2017-09""} | Original fields: {""country"": ""South Korea"", ""country_code"": ""KR"", ""netflow"": ""-17.25"", ""year_month"": ""2017-09""}"
obs_e03be66db1e4d0,ai_index_fig_1_8_6_netflow,"Net ow of top AI authors and inventors by country, 2010–25","Talent, Public Sector, and Defense",netflow,KOR,South Korea,KOR/USA/CHN,monthly,2017,2017-10-01,2017-10-31,2017-10,-16.5,-16.5,count,count,-16.5,Numeric value parsed; no unit conversion applied.,observed_metric,stanford_ai_index_2026_public_data_bundle,2026 AI Index Report public data bundle,https://hai.stanford.edu/ai-index,1. Research and Development\Data\fig_1.8.6.csv,,2026-05-03T06:51:20+00:00,medium_high,"Korea-specific AI talent, education, graduate, or skills indicator.",True,Only observation for indicator/country/period/unit.,5,ai_index_fig_1_8_6_netflow|KOR|2017-10-01|2017-10-31|count,mapped_to_master_schema,"Source figure: fig_1.8.6; source chapter: 1. Research and Development | Korea-specific AI talent, education, graduate, or skills indicator. | {""country_code"": ""KR"", ""year_month"": ""2017-10""} | Original fields: {""country"": ""South Korea"", ""country_code"": ""KR"", ""netflow"": ""-16.5"", ""year_month"": ""2017-10""}"
obs_af35fe6a734ae6,ai_index_fig_1_8_6_netflow,"Net ow of top AI authors and inventors by country, 2010–25","Talent, Public Sector, and Defense",netflow,KOR,South Korea,KOR/USA/CHN,monthly,2017,2017-11-01,2017-11-30,2017-11,-15.16667,-15.16667,count,count,-15.16667,Numeric value parsed; no unit conversion applied.,observed_metric,stanford_ai_index_2026_public_data_bundle,2026 AI Index Report public data bundle,https://hai.stanford.edu/ai-index,1. Research and Development\Data\fig_1.8.6.csv,,2026-05-03T06:51:20+00:00,medium_high,"Korea-specific AI talent, education, graduate, or skills indicator.",True,Only observation for indicator/country/period/unit.,5,ai_index_fig_1_8_6_netflow|KOR|2017-11-01|2017-11-30|count,mapped_to_master_schema,"Source figure: fig_1.8.6; source chapter: 1. Research and Development | Korea-specific AI talent, education, graduate, or skills indicator. | {""country_code"": ""KR"", ""year_month"": ""2017-11""} | Original fields: {""country"": ""South Korea"", ""country_code"": ""KR"", ""netflow"": ""-15.16667"", ""year_month"": ""2017-11""}"
obs_590605822d8ae4,ai_index_fig_1_8_6_netflow,"Net ow of top AI authors and inventors by country, 2010–25","Talent, Public Sector, and Defense",netflow,KOR,South Korea,KOR/USA/CHN,monthly,2017,2017-12-01,2017-12-31,2017-12,-15.83333,-15.83333,count,count,-15.83333,Numeric value parsed; no unit conversion applied.,observed_metric,stanford_ai_index_2026_public_data_bundle,2026 AI Index Report public data bundle,https://hai.stanford.edu/ai-index,1. Research and Development\Data\fig_1.8.6.csv,,2026-05-03T06:51:20+00:00,medium_high,"Korea-specific AI talent, education, graduate, or skills indicator.",True,Only observation for indicator/country/period/unit.,5,ai_index_fig_1_8_6_netflow|KOR|2017-12-01|2017-12-31|count,mapped_to_master_schema,"Source figure: fig_1.8.6; source chapter: 1. Research and Development | Korea-specific AI talent, education, graduate, or skills indicator. | {""country_code"": ""KR"", ""year_month"": ""2017-12""} | Original fields: {""country"": ""South Korea"", ""country_code"": ""KR"", ""netflow"": ""-15.83333"", ""year_month"": ""2017-12""}"
obs_0639295e536342,ai_index_fig_1_8_6_netflow,"Net ow of top AI authors and inventors by country, 2010–25","Talent, Public Sector, and Defense",netflow,KOR,South Korea,KOR/USA/CHN,monthly,2018,2018-01-01,2018-01-31,2018-01,-15.16667,-15.16667,count,count,-15.16667,Numeric value parsed; no unit conversion applied.,observed_metric,stanford_ai_index_2026_public_data_bundle,2026 AI Index Report public data bundle,https://hai.stanford.edu/ai-index,1. Research and Development\Data\fig_1.8.6.csv,,2026-05-03T06:51:20+00:00,medium_high,"Korea-specific AI talent, education, graduate, or skills indicator.",True,Only observation for indicator/country/period/unit.,5,ai_index_fig_1_8_6_netflow|KOR|2018-01-01|2018-01-31|count,mapped_to_master_schema,"Source figure: fig_1.8.6; source chapter: 1. Research and Development | Korea-specific AI talent, education, graduate, or skills indicator. | {""country_code"": ""KR"", ""year_month"": ""2018-01""} | Original fields: {""country"": ""South Korea"", ""country_code"": ""KR"", ""netflow"": ""-15.16667"", ""year_month"": ""2018-01""}"
obs_7a3aded83e559f,ai_index_fig_1_8_6_netflow,"Net ow of top AI authors and inventors by country, 2010–25","Talent, Public Sector, and Defense",netflow,KOR,South Korea,KOR/USA/CHN,monthly,2018,2018-02-01,2018-02-28,2018-02,-15,-15.0,count,count,-15.0,Numeric value parsed; no unit conversion applied.,observed_metric,stanford_ai_index_2026_public_data_bundle,2026 AI Index Report public data bundle,https://hai.stanford.edu/ai-index,1. Research and Development\Data\fig_1.8.6.csv,,2026-05-03T06:51:20+00:00,medium_high,"Korea-specific AI talent, education, graduate, or skills indicator.",True,Only observation for indicator/country/period/unit.,5,ai_index_fig_1_8_6_netflow|KOR|2018-02-01|2018-02-28|count,mapped_to_master_schema,"Source figure: fig_1.8.6; source chapter: 1. Research and Development | Korea-specific AI talent, education, graduate, or skills indicator. | {""country_code"": ""KR"", ""year_month"": ""2018-02""} | Original fields: {""country"": ""South Korea"", ""country_code"": ""KR"", ""netflow"": ""-15"", ""year_month"": ""2018-02""}"
obs_92cf5a3b062811,ai_index_fig_1_8_6_netflow,"Net ow of top AI authors and inventors by country, 2010–25","Talent, Public Sector, and Defense",netflow,KOR,South Korea,KOR/USA/CHN,monthly,2018,2018-03-01,2018-03-31,2018-03,-14.33333,-14.33333,count,count,-14.33333,Numeric value parsed; no unit conversion applied.,observed_metric,stanford_ai_index_2026_public_data_bundle,2026 AI Index Report public data bundle,https://hai.stanford.edu/ai-index,1. Research and Development\Data\fig_1.8.6.csv,,2026-05-03T06:51:20+00:00,medium_high,"Korea-specific AI talent, education, graduate, or skills indicator.",True,Only observation for indicator/country/period/unit.,5,ai_index_fig_1_8_6_netflow|KOR|2018-03-01|2018-03-31|count,mapped_to_master_schema,"Source figure: fig_1.8.6; source chapter: 1. Research and Development | Korea-specific AI talent, education, graduate, or skills indicator. | {""country_code"": ""KR"", ""year_month"": ""2018-03""} | Original fields: {""country"": ""South Korea"", ""country_code"": ""KR"", ""netflow"": ""-14.33333"", ""year_month"": ""2018-03""}"
obs_6177a3158ebec7,ai_index_fig_1_8_6_netflow,"Net ow of top AI authors and inventors by country, 2010–25","Talent, Public Sector, and Defense",netflow,KOR,South Korea,KOR/USA/CHN,monthly,2018,2018-04-01,2018-04-30,2018-04,-14.5,-14.5,count,count,-14.5,Numeric value parsed; no unit conversion applied.,observed_metric,stanford_ai_index_2026_public_data_bundle,2026 AI Index Report public data bundle,https://hai.stanford.edu/ai-index,1. Research and Development\Data\fig_1.8.6.csv,,2026-05-03T06:51:20+00:00,medium_high,"Korea-specific AI talent, education, graduate, or skills indicator.",True,Only observation for indicator/country/period/unit.,5,ai_index_fig_1_8_6_netflow|KOR|2018-04-01|2018-04-30|count,mapped_to_master_schema,"Source figure: fig_1.8.6; source chapter: 1. Research and Development | Korea-specific AI talent, education, graduate, or skills indicator. | {""country_code"": ""KR"", ""year_month"": ""2018-04""} | Original fields: {""country"": ""South Korea"", ""country_code"": ""KR"", ""netflow"": ""-14.5"", ""year_month"": ""2018-04""}"
obs_a5e5109418473c,ai_index_fig_1_8_6_netflow,"Net ow of top AI authors and inventors by country, 2010–25","Talent, Public Sector, and Defense",netflow,KOR,South Korea,KOR/USA/CHN,monthly,2018,2018-05-01,2018-05-31,2018-05,-14.41666,-14.41666,count,count,-14.41666,Numeric value parsed; no unit conversion applied.,observed_metric,stanford_ai_index_2026_public_data_bundle,2026 AI Index Report public data bundle,https://hai.stanford.edu/ai-index,1. Research and Development\Data\fig_1.8.6.csv,,2026-05-03T06:51:20+00:00,medium_high,"Korea-specific AI talent, education, graduate, or skills indicator.",True,Only observation for indicator/country/period/unit.,5,ai_index_fig_1_8_6_netflow|KOR|2018-05-01|2018-05-31|count,mapped_to_master_schema,"Source figure: fig_1.8.6; source chapter: 1. Research and Development | Korea-specific AI talent, education, graduate, or skills indicator. | {""country_code"": ""KR"", ""year_month"": ""2018-05""} | Original fields: {""country"": ""South Korea"", ""country_code"": ""KR"", ""netflow"": ""-14.41666"", ""year_month"": ""2018-05""}"
obs_f3f76a3b5363ed,ai_index_fig_1_8_6_netflow,"Net ow of top AI authors and inventors by country, 2010–25","Talent, Public Sector, and Defense",netflow,KOR,South Korea,KOR/USA/CHN,monthly,2018,2018-06-01,2018-06-30,2018-06,-14.66667,-14.66667,count,count,-14.66667,Numeric value parsed; no unit conversion applied.,observed_metric,stanford_ai_index_2026_public_data_bundle,2026 AI Index Report public data bundle,https://hai.stanford.edu/ai-index,1. Research and Development\Data\fig_1.8.6.csv,,2026-05-03T06:51:20+00:00,medium_high,"Korea-specific AI talent, education, graduate, or skills indicator.",True,Only observation for indicator/country/period/unit.,5,ai_index_fig_1_8_6_netflow|KOR|2018-06-01|2018-06-30|count,mapped_to_master_schema,"Source figure: fig_1.8.6; source chapter: 1. Research and Development | Korea-specific AI talent, education, graduate, or skills indicator. | {""country_code"": ""KR"", ""year_month"": ""2018-06""} | Original fields: {""country"": ""South Korea"", ""country_code"": ""KR"", ""netflow"": ""-14.66667"", ""year_month"": ""2018-06""}"
obs_8e816ee657a550,ai_index_fig_1_8_6_netflow,"Net ow of top AI authors and inventors by country, 2010–25","Talent, Public Sector, and Defense",netflow,KOR,South Korea,KOR/USA/CHN,monthly,2018,2018-07-01,2018-07-31,2018-07,-14.66667,-14.66667,count,count,-14.66667,Numeric value parsed; no unit conversion applied.,observed_metric,stanford_ai_index_2026_public_data_bundle,2026 AI Index Report public data bundle,https://hai.stanford.edu/ai-index,1. Research and Development\Data\fig_1.8.6.csv,,2026-05-03T06:51:20+00:00,medium_high,"Korea-specific AI talent, education, graduate, or skills indicator.",True,Only observation for indicator/country/period/unit.,5,ai_index_fig_1_8_6_netflow|KOR|2018-07-01|2018-07-31|count,mapped_to_master_schema,"Source figure: fig_1.8.6; source chapter: 1. Research and Development | Korea-specific AI talent, education, graduate, or skills indicator. | {""country_code"": ""KR"", ""year_month"": ""2018-07""} | Original fields: {""country"": ""South Korea"", ""country_code"": ""KR"", ""netflow"": ""-14.66667"", ""year_month"": ""2018-07""}"
obs_dbb90fe1c3c310,ai_index_fig_1_8_6_netflow,"Net ow of top AI authors and inventors by country, 2010–25","Talent, Public Sector, and Defense",netflow,KOR,South Korea,KOR/USA/CHN,monthly,2018,2018-08-01,2018-08-31,2018-08,-15.25,-15.25,count,count,-15.25,Numeric value parsed; no unit conversion applied.,observed_metric,stanford_ai_index_2026_public_data_bundle,2026 AI Index Report public data bundle,https://hai.stanford.edu/ai-index,1. Research and Development\Data\fig_1.8.6.csv,,2026-05-03T06:51:20+00:00,medium_high,"Korea-specific AI talent, education, graduate, or skills indicator.",True,Only observation for indicator/country/period/unit.,5,ai_index_fig_1_8_6_netflow|KOR|2018-08-01|2018-08-31|count,mapped_to_master_schema,"Source figure: fig_1.8.6; source chapter: 1. Research and Development | Korea-specific AI talent, education, graduate, or skills indicator. | {""country_code"": ""KR"", ""year_month"": ""2018-08""} | Original fields: {""country"": ""South Korea"", ""country_code"": ""KR"", ""netflow"": ""-15.25"", ""year_month"": ""2018-08""}"
obs_e228b4e668fb9e,ai_index_fig_1_8_6_netflow,"Net ow of top AI authors and inventors by country, 2010–25","Talent, Public Sector, and Defense",netflow,KOR,South Korea,KOR/USA/CHN,monthly,2018,2018-09-01,2018-09-30,2018-09,-14.16667,-14.16667,count,count,-14.16667,Numeric value parsed; no unit conversion applied.,observed_metric,stanford_ai_index_2026_public_data_bundle,2026 AI Index Report public data bundle,https://hai.stanford.edu/ai-index,1. Research and Development\Data\fig_1.8.6.csv,,2026-05-03T06:51:20+00:00,medium_high,"Korea-specific AI talent, education, graduate, or skills indicator.",True,Only observation for indicator/country/period/unit.,5,ai_index_fig_1_8_6_netflow|KOR|2018-09-01|2018-09-30|count,mapped_to_master_schema,"Source figure: fig_1.8.6; source chapter: 1. Research and Development | Korea-specific AI talent, education, graduate, or skills indicator. | {""country_code"": ""KR"", ""year_month"": ""2018-09""} | Original fields: {""country"": ""South Korea"", ""country_code"": ""KR"", ""netflow"": ""-14.16667"", ""year_month"": ""2018-09""}"
obs_7f05d8551bca60,ai_index_fig_1_8_6_netflow,"Net ow of top AI authors and inventors by country, 2010–25","Talent, Public Sector, and Defense",netflow,KOR,South Korea,KOR/USA/CHN,monthly,2018,2018-10-01,2018-10-31,2018-10,-14.83333,-14.83333,count,count,-14.83333,Numeric value parsed; no unit conversion applied.,observed_metric,stanford_ai_index_2026_public_data_bundle,2026 AI Index Report public data bundle,https://hai.stanford.edu/ai-index,1. Research and Development\Data\fig_1.8.6.csv,,2026-05-03T06:51:20+00:00,medium_high,"Korea-specific AI talent, education, graduate, or skills indicator.",True,Only observation for indicator/country/period/unit.,5,ai_index_fig_1_8_6_netflow|KOR|2018-10-01|2018-10-31|count,mapped_to_master_schema,"Source figure: fig_1.8.6; source chapter: 1. Research and Development | Korea-specific AI talent, education, graduate, or skills indicator. | {""country_code"": ""KR"", ""year_month"": ""2018-10""} | Original fields: {""country"": ""South Korea"", ""country_code"": ""KR"", ""netflow"": ""-14.83333"", ""year_month"": ""2018-10""}"
obs_945190a05f2542,ai_index_fig_1_8_6_netflow,"Net ow of top AI authors and inventors by country, 2010–25","Talent, Public Sector, and Defense",netflow,KOR,South Korea,KOR/USA/CHN,monthly,2018,2018-11-01,2018-11-30,2018-11,-15.75,-15.75,count,count,-15.75,Numeric value parsed; no unit conversion applied.,observed_metric,stanford_ai_index_2026_public_data_bundle,2026 AI Index Report public data bundle,https://hai.stanford.edu/ai-index,1. Research and Development\Data\fig_1.8.6.csv,,2026-05-03T06:51:20+00:00,medium_high,"Korea-specific AI talent, education, graduate, or skills indicator.",True,Only observation for indicator/country/period/unit.,5,ai_index_fig_1_8_6_netflow|KOR|2018-11-01|2018-11-30|count,mapped_to_master_schema,"Source figure: fig_1.8.6; source chapter: 1. Research and Development | Korea-specific AI talent, education, graduate, or skills indicator. | {""country_code"": ""KR"", ""year_month"": ""2018-11""} | Original fields: {""country"": ""South Korea"", ""country_code"": ""KR"", ""netflow"": ""-15.75"", ""year_month"": ""2018-11""}"
obs_93ba8c319089db,ai_index_fig_1_8_6_netflow,"Net ow of top AI authors and inventors by country, 2010–25","Talent, Public Sector, and Defense",netflow,KOR,South Korea,KOR/USA/CHN,monthly,2018,2018-12-01,2018-12-31,2018-12,-14.41666,-14.41666,count,count,-14.41666,Numeric value parsed; no unit conversion applied.,observed_metric,stanford_ai_index_2026_public_data_bundle,2026 AI Index Report public data bundle,https://hai.stanford.edu/ai-index,1. Research and Development\Data\fig_1.8.6.csv,,2026-05-03T06:51:20+00:00,medium_high,"Korea-specific AI talent, education, graduate, or skills indicator.",True,Only observation for indicator/country/period/unit.,5,ai_index_fig_1_8_6_netflow|KOR|2018-12-01|2018-12-31|count,mapped_to_master_schema,"Source figure: fig_1.8.6; source chapter: 1. Research and Development | Korea-specific AI talent, education, graduate, or skills indicator. | {""country_code"": ""KR"", ""year_month"": ""2018-12""} | Original fields: {""country"": ""South Korea"", ""country_code"": ""KR"", ""netflow"": ""-14.41666"", ""year_month"": ""2018-12""}"
obs_5870bfab45e85d,ai_index_fig_1_8_6_netflow,"Net ow of top AI authors and inventors by country, 2010–25","Talent, Public Sector, and Defense",netflow,KOR,South Korea,KOR/USA/CHN,monthly,2019,2019-01-01,2019-01-31,2019-01,-15.91666,-15.91666,count,count,-15.91666,Numeric value parsed; no unit conversion applied.,observed_metric,stanford_ai_index_2026_public_data_bundle,2026 AI Index Report public data bundle,https://hai.stanford.edu/ai-index,1. Research and Development\Data\fig_1.8.6.csv,,2026-05-03T06:51:20+00:00,medium_high,"Korea-specific AI talent, education, graduate, or skills indicator.",True,Only observation for indicator/country/period/unit.,5,ai_index_fig_1_8_6_netflow|KOR|2019-01-01|2019-01-31|count,mapped_to_master_schema,"Source figure: fig_1.8.6; source chapter: 1. Research and Development | Korea-specific AI talent, education, graduate, or skills indicator. | {""country_code"": ""KR"", ""year_month"": ""2019-01""} | Original fields: {""country"": ""South Korea"", ""country_code"": ""KR"", ""netflow"": ""-15.91666"", ""year_month"": ""2019-01""}"
obs_6bc6f436e2f595,ai_index_fig_1_8_6_netflow,"Net ow of top AI authors and inventors by country, 2010–25","Talent, Public Sector, and Defense",netflow,KOR,South Korea,KOR/USA/CHN,monthly,2019,2019-02-01,2019-02-28,2019-02,-17.08333,-17.08333,count,count,-17.08333,Numeric value parsed; no unit conversion applied.,observed_metric,stanford_ai_index_2026_public_data_bundle,2026 AI Index Report public data bundle,https://hai.stanford.edu/ai-index,1. Research and Development\Data\fig_1.8.6.csv,,2026-05-03T06:51:20+00:00,medium_high,"Korea-specific AI talent, education, graduate, or skills indicator.",True,Only observation for indicator/country/period/unit.,5,ai_index_fig_1_8_6_netflow|KOR|2019-02-01|2019-02-28|count,mapped_to_master_schema,"Source figure: fig_1.8.6; source chapter: 1. Research and Development | Korea-specific AI talent, education, graduate, or skills indicator. | {""country_code"": ""KR"", ""year_month"": ""2019-02""} | Original fields: {""country"": ""South Korea"", ""country_code"": ""KR"", ""netflow"": ""-17.08333"", ""year_month"": ""2019-02""}"
obs_b22f39af73fd8e,ai_index_fig_1_8_6_netflow,"Net ow of top AI authors and inventors by country, 2010–25","Talent, Public Sector, and Defense",netflow,KOR,South Korea,KOR/USA/CHN,monthly,2019,2019-03-01,2019-03-31,2019-03,-17.5,-17.5,count,count,-17.5,Numeric value parsed; no unit conversion applied.,observed_metric,stanford_ai_index_2026_public_data_bundle,2026 AI Index Report public data bundle,https://hai.stanford.edu/ai-index,1. Research and Development\Data\fig_1.8.6.csv,,2026-05-03T06:51:20+00:00,medium_high,"Korea-specific AI talent, education, graduate, or skills indicator.",True,Only observation for indicator/country/period/unit.,5,ai_index_fig_1_8_6_netflow|KOR|2019-03-01|2019-03-31|count,mapped_to_master_schema,"Source figure: fig_1.8.6; source chapter: 1. Research and Development | Korea-specific AI talent, education, graduate, or skills indicator. | {""country_code"": ""KR"", ""year_month"": ""2019-03""} | Original fields: {""country"": ""South Korea"", ""country_code"": ""KR"", ""netflow"": ""-17.5"", ""year_month"": ""2019-03""}"
obs_ec7935c2ac62be,ai_index_fig_1_8_6_netflow,"Net ow of top AI authors and inventors by country, 2010–25","Talent, Public Sector, and Defense",netflow,KOR,South Korea,KOR/USA/CHN,monthly,2019,2019-04-01,2019-04-30,2019-04,-17.5,-17.5,count,count,-17.5,Numeric value parsed; no unit conversion applied.,observed_metric,stanford_ai_index_2026_public_data_bundle,2026 AI Index Report public data bundle,https://hai.stanford.edu/ai-index,1. Research and Development\Data\fig_1.8.6.csv,,2026-05-03T06:51:20+00:00,medium_high,"Korea-specific AI talent, education, graduate, or skills indicator.",True,Only observation for indicator/country/period/unit.,5,ai_index_fig_1_8_6_netflow|KOR|2019-04-01|2019-04-30|count,mapped_to_master_schema,"Source figure: fig_1.8.6; source chapter: 1. Research and Development | Korea-specific AI talent, education, graduate, or skills indicator. | {""country_code"": ""KR"", ""year_month"": ""2019-04""} | Original fields: {""country"": ""South Korea"", ""country_code"": ""KR"", ""netflow"": ""-17.5"", ""year_month"": ""2019-04""}"
obs_2107f0dbbefe5c,ai_index_fig_1_8_6_netflow,"Net ow of top AI authors and inventors by country, 2010–25","Talent, Public Sector, and Defense",netflow,KOR,South Korea,KOR/USA/CHN,monthly,2019,2019-05-01,2019-05-31,2019-05,-17.33334,-17.33334,count,count,-17.33334,Numeric value parsed; no unit conversion applied.,observed_metric,stanford_ai_index_2026_public_data_bundle,2026 AI Index Report public data bundle,https://hai.stanford.edu/ai-index,1. Research and Development\Data\fig_1.8.6.csv,,2026-05-03T06:51:20+00:00,medium_high,"Korea-specific AI talent, education, graduate, or skills indicator.",True,Only observation for indicator/country/period/unit.,5,ai_index_fig_1_8_6_netflow|KOR|2019-05-01|2019-05-31|count,mapped_to_master_schema,"Source figure: fig_1.8.6; source chapter: 1. Research and Development | Korea-specific AI talent, education, graduate, or skills indicator. | {""country_code"": ""KR"", ""year_month"": ""2019-05""} | Original fields: {""country"": ""South Korea"", ""country_code"": ""KR"", ""netflow"": ""-17.33334"", ""year_month"": ""2019-05""}"
obs_3c6b1501efadc8,ai_index_fig_1_8_6_netflow,"Net ow of top AI authors and inventors by country, 2010–25","Talent, Public Sector, and Defense",netflow,KOR,South Korea,KOR/USA/CHN,monthly,2019,2019-06-01,2019-06-30,2019-06,-17.25,-17.25,count,count,-17.25,Numeric value parsed; no unit conversion applied.,observed_metric,stanford_ai_index_2026_public_data_bundle,2026 AI Index Report public data bundle,https://hai.stanford.edu/ai-index,1. Research and Development\Data\fig_1.8.6.csv,,2026-05-03T06:51:20+00:00,medium_high,"Korea-specific AI talent, education, graduate, or skills indicator.",True,Only observation for indicator/country/period/unit.,5,ai_index_fig_1_8_6_netflow|KOR|2019-06-01|2019-06-30|count,mapped_to_master_schema,"Source figure: fig_1.8.6; source chapter: 1. Research and Development | Korea-specific AI talent, education, graduate, or skills indicator. | {""country_code"": ""KR"", ""year_month"": ""2019-06""} | Original fields: {""country"": ""South Korea"", ""country_code"": ""KR"", ""netflow"": ""-17.25"", ""year_month"": ""2019-06""}"
obs_233b6ad55cac02,ai_index_fig_1_8_6_netflow,"Net ow of top AI authors and inventors by country, 2010–25","Talent, Public Sector, and Defense",netflow,KOR,South Korea,KOR/USA/CHN,monthly,2019,2019-07-01,2019-07-31,2019-07,-17.33333,-17.33333,count,count,-17.33333,Numeric value parsed; no unit conversion applied.,observed_metric,stanford_ai_index_2026_public_data_bundle,2026 AI Index Report public data bundle,https://hai.stanford.edu/ai-index,1. Research and Development\Data\fig_1.8.6.csv,,2026-05-03T06:51:20+00:00,medium_high,"Korea-specific AI talent, education, graduate, or skills indicator.",True,Only observation for indicator/country/period/unit.,5,ai_index_fig_1_8_6_netflow|KOR|2019-07-01|2019-07-31|count,mapped_to_master_schema,"Source figure: fig_1.8.6; source chapter: 1. Research and Development | Korea-specific AI talent, education, graduate, or skills indicator. | {""country_code"": ""KR"", ""year_month"": ""2019-07""} | Original fields: {""country"": ""South Korea"", ""country_code"": ""KR"", ""netflow"": ""-17.33333"", ""year_month"": ""2019-07""}"
obs_6132fb7f70abf3,ai_index_fig_1_8_6_netflow,"Net ow of top AI authors and inventors by country, 2010–25","Talent, Public Sector, and Defense",netflow,KOR,South Korea,KOR/USA/CHN,monthly,2019,2019-08-01,2019-08-31,2019-08,-18.33333,-18.33333,count,count,-18.33333,Numeric value parsed; no unit conversion applied.,observed_metric,stanford_ai_index_2026_public_data_bundle,2026 AI Index Report public data bundle,https://hai.stanford.edu/ai-index,1. Research and Development\Data\fig_1.8.6.csv,,2026-05-03T06:51:20+00:00,medium_high,"Korea-specific AI talent, education, graduate, or skills indicator.",True,Only observation for indicator/country/period/unit.,5,ai_index_fig_1_8_6_netflow|KOR|2019-08-01|2019-08-31|count,mapped_to_master_schema,"Source figure: fig_1.8.6; source chapter: 1. Research and Development | Korea-specific AI talent, education, graduate, or skills indicator. | {""country_code"": ""KR"", ""year_month"": ""2019-08""} | Original fields: {""country"": ""South Korea"", ""country_code"": ""KR"", ""netflow"": ""-18.33333"", ""year_month"": ""2019-08""}"
obs_54914bd044aa0e,ai_index_fig_1_8_6_netflow,"Net ow of top AI authors and inventors by country, 2010–25","Talent, Public Sector, and Defense",netflow,KOR,South Korea,KOR/USA/CHN,monthly,2019,2019-09-01,2019-09-30,2019-09,-20.5,-20.5,count,count,-20.5,Numeric value parsed; no unit conversion applied.,observed_metric,stanford_ai_index_2026_public_data_bundle,2026 AI Index Report public data bundle,https://hai.stanford.edu/ai-index,1. Research and Development\Data\fig_1.8.6.csv,,2026-05-03T06:51:20+00:00,medium_high,"Korea-specific AI talent, education, graduate, or skills indicator.",True,Only observation for indicator/country/period/unit.,5,ai_index_fig_1_8_6_netflow|KOR|2019-09-01|2019-09-30|count,mapped_to_master_schema,"Source figure: fig_1.8.6; source chapter: 1. Research and Development | Korea-specific AI talent, education, graduate, or skills indicator. | {""country_code"": ""KR"", ""year_month"": ""2019-09""} | Original fields: {""country"": ""South Korea"", ""country_code"": ""KR"", ""netflow"": ""-20.5"", ""year_month"": ""2019-09""}"
obs_4f2441f49a902e,ai_index_fig_1_8_6_netflow,"Net ow of top AI authors and inventors by country, 2010–25","Talent, Public Sector, and Defense",netflow,KOR,South Korea,KOR/USA/CHN,monthly,2019,2019-10-01,2019-10-31,2019-10,-21.08333,-21.08333,count,count,-21.08333,Numeric value parsed; no unit conversion applied.,observed_metric,stanford_ai_index_2026_public_data_bundle,2026 AI Index Report public data bundle,https://hai.stanford.edu/ai-index,1. Research and Development\Data\fig_1.8.6.csv,,2026-05-03T06:51:20+00:00,medium_high,"Korea-specific AI talent, education, graduate, or skills indicator.",True,Only observation for indicator/country/period/unit.,5,ai_index_fig_1_8_6_netflow|KOR|2019-10-01|2019-10-31|count,mapped_to_master_schema,"Source figure: fig_1.8.6; source chapter: 1. Research and Development | Korea-specific AI talent, education, graduate, or skills indicator. | {""country_code"": ""KR"", ""year_month"": ""2019-10""} | Original fields: {""country"": ""South Korea"", ""country_code"": ""KR"", ""netflow"": ""-21.08333"", ""year_month"": ""2019-10""}"
obs_1d1a78967edb21,ai_index_fig_1_8_6_netflow,"Net ow of top AI authors and inventors by country, 2010–25","Talent, Public Sector, and Defense",netflow,KOR,South Korea,KOR/USA/CHN,monthly,2019,2019-11-01,2019-11-30,2019-11,-21.16667,-21.16667,count,count,-21.16667,Numeric value parsed; no unit conversion applied.,observed_metric,stanford_ai_index_2026_public_data_bundle,2026 AI Index Report public data bundle,https://hai.stanford.edu/ai-index,1. Research and Development\Data\fig_1.8.6.csv,,2026-05-03T06:51:20+00:00,medium_high,"Korea-specific AI talent, education, graduate, or skills indicator.",True,Only observation for indicator/country/period/unit.,5,ai_index_fig_1_8_6_netflow|KOR|2019-11-01|2019-11-30|count,mapped_to_master_schema,"Source figure: fig_1.8.6; source chapter: 1. Research and Development | Korea-specific AI talent, education, graduate, or skills indicator. | {""country_code"": ""KR"", ""year_month"": ""2019-11""} | Original fields: {""country"": ""South Korea"", ""country_code"": ""KR"", ""netflow"": ""-21.16667"", ""year_month"": ""2019-11""}"
obs_00b4d2a2b9a73e,ai_index_fig_1_8_6_netflow,"Net ow of top AI authors and inventors by country, 2010–25","Talent, Public Sector, and Defense",netflow,KOR,South Korea,KOR/USA/CHN,monthly,2019,2019-12-01,2019-12-31,2019-12,-22.16666,-22.16666,count,count,-22.16666,Numeric value parsed; no unit conversion applied.,observed_metric,stanford_ai_index_2026_public_data_bundle,2026 AI Index Report public data bundle,https://hai.stanford.edu/ai-index,1. Research and Development\Data\fig_1.8.6.csv,,2026-05-03T06:51:20+00:00,medium_high,"Korea-specific AI talent, education, graduate, or skills indicator.",True,Only observation for indicator/country/period/unit.,5,ai_index_fig_1_8_6_netflow|KOR|2019-12-01|2019-12-31|count,mapped_to_master_schema,"Source figure: fig_1.8.6; source chapter: 1. Research and Development | Korea-specific AI talent, education, graduate, or skills indicator. | {""country_code"": ""KR"", ""year_month"": ""2019-12""} | Original fields: {""country"": ""South Korea"", ""country_code"": ""KR"", ""netflow"": ""-22.16666"", ""year_month"": ""2019-12""}"
obs_136d28c0515f1e,ai_index_fig_1_8_6_netflow,"Net ow of top AI authors and inventors by country, 2010–25","Talent, Public Sector, and Defense",netflow,KOR,South Korea,KOR/USA/CHN,monthly,2020,2020-01-01,2020-01-31,2020-01,-23,-23.0,count,count,-23.0,Numeric value parsed; no unit conversion applied.,observed_metric,stanford_ai_index_2026_public_data_bundle,2026 AI Index Report public data bundle,https://hai.stanford.edu/ai-index,1. Research and Development\Data\fig_1.8.6.csv,,2026-05-03T06:51:20+00:00,medium_high,"Korea-specific AI talent, education, graduate, or skills indicator.",True,Only observation for indicator/country/period/unit.,5,ai_index_fig_1_8_6_netflow|KOR|2020-01-01|2020-01-31|count,mapped_to_master_schema,"Source figure: fig_1.8.6; source chapter: 1. Research and Development | Korea-specific AI talent, education, graduate, or skills indicator. | {""country_code"": ""KR"", ""year_month"": ""2020-01""} | Original fields: {""country"": ""South Korea"", ""country_code"": ""KR"", ""netflow"": ""-23"", ""year_month"": ""2020-01""}"
obs_00f24f051a0206,ai_index_fig_1_8_6_netflow,"Net ow of top AI authors and inventors by country, 2010–25","Talent, Public Sector, and Defense",netflow,KOR,South Korea,KOR/USA/CHN,monthly,2020,2020-02-01,2020-02-29,2020-02,-22.33333,-22.33333,count,count,-22.33333,Numeric value parsed; no unit conversion applied.,observed_metric,stanford_ai_index_2026_public_data_bundle,2026 AI Index Report public data bundle,https://hai.stanford.edu/ai-index,1. Research and Development\Data\fig_1.8.6.csv,,2026-05-03T06:51:20+00:00,medium_high,"Korea-specific AI talent, education, graduate, or skills indicator.",True,Only observation for indicator/country/period/unit.,5,ai_index_fig_1_8_6_netflow|KOR|2020-02-01|2020-02-29|count,mapped_to_master_schema,"Source figure: fig_1.8.6; source chapter: 1. Research and Development | Korea-specific AI talent, education, graduate, or skills indicator. | {""country_code"": ""KR"", ""year_month"": ""2020-02""} | Original fields: {""country"": ""South Korea"", ""country_code"": ""KR"", ""netflow"": ""-22.33333"", ""year_month"": ""2020-02""}"
obs_0969f87e782130,ai_index_fig_1_8_6_netflow,"Net ow of top AI authors and inventors by country, 2010–25","Talent, Public Sector, and Defense",netflow,KOR,South Korea,KOR/USA/CHN,monthly,2020,2020-03-01,2020-03-31,2020-03,-23.91666,-23.91666,count,count,-23.91666,Numeric value parsed; no unit conversion applied.,observed_metric,stanford_ai_index_2026_public_data_bundle,2026 AI Index Report public data bundle,https://hai.stanford.edu/ai-index,1. Research and Development\Data\fig_1.8.6.csv,,2026-05-03T06:51:20+00:00,medium_high,"Korea-specific AI talent, education, graduate, or skills indicator.",True,Only observation for indicator/country/period/unit.,5,ai_index_fig_1_8_6_netflow|KOR|2020-03-01|2020-03-31|count,mapped_to_master_schema,"Source figure: fig_1.8.6; source chapter: 1. Research and Development | Korea-specific AI talent, education, graduate, or skills indicator. | {""country_code"": ""KR"", ""year_month"": ""2020-03""} | Original fields: {""country"": ""South Korea"", ""country_code"": ""KR"", ""netflow"": ""-23.91666"", ""year_month"": ""2020-03""}"
obs_fd3695eb38fdbf,ai_index_fig_1_8_6_netflow,"Net ow of top AI authors and inventors by country, 2010–25","Talent, Public Sector, and Defense",netflow,KOR,South Korea,KOR/USA/CHN,monthly,2020,2020-04-01,2020-04-30,2020-04,-21.75,-21.75,count,count,-21.75,Numeric value parsed; no unit conversion applied.,observed_metric,stanford_ai_index_2026_public_data_bundle,2026 AI Index Report public data bundle,https://hai.stanford.edu/ai-index,1. Research and Development\Data\fig_1.8.6.csv,,2026-05-03T06:51:20+00:00,medium_high,"Korea-specific AI talent, education, graduate, or skills indicator.",True,Only observation for indicator/country/period/unit.,5,ai_index_fig_1_8_6_netflow|KOR|2020-04-01|2020-04-30|count,mapped_to_master_schema,"Source figure: fig_1.8.6; source chapter: 1. Research and Development | Korea-specific AI talent, education, graduate, or skills indicator. | {""country_code"": ""KR"", ""year_month"": ""2020-04""} | Original fields: {""country"": ""South Korea"", ""country_code"": ""KR"", ""netflow"": ""-21.75"", ""year_month"": ""2020-04""}"
obs_18f5fa78cad0b6,ai_index_fig_1_8_6_netflow,"Net ow of top AI authors and inventors by country, 2010–25","Talent, Public Sector, and Defense",netflow,KOR,South Korea,KOR/USA/CHN,monthly,2020,2020-05-01,2020-05-31,2020-05,-19.58333,-19.58333,count,count,-19.58333,Numeric value parsed; no unit conversion applied.,observed_metric,stanford_ai_index_2026_public_data_bundle,2026 AI Index Report public data bundle,https://hai.stanford.edu/ai-index,1. Research and Development\Data\fig_1.8.6.csv,,2026-05-03T06:51:20+00:00,medium_high,"Korea-specific AI talent, education, graduate, or skills indicator.",True,Only observation for indicator/country/period/unit.,5,ai_index_fig_1_8_6_netflow|KOR|2020-05-01|2020-05-31|count,mapped_to_master_schema,"Source figure: fig_1.8.6; source chapter: 1. Research and Development | Korea-specific AI talent, education, graduate, or skills indicator. | {""country_code"": ""KR"", ""year_month"": ""2020-05""} | Original fields: {""country"": ""South Korea"", ""country_code"": ""KR"", ""netflow"": ""-19.58333"", ""year_month"": ""2020-05""}"
obs_9627565c754aed,ai_index_fig_1_8_6_netflow,"Net ow of top AI authors and inventors by country, 2010–25","Talent, Public Sector, and Defense",netflow,KOR,South Korea,KOR/USA/CHN,monthly,2020,2020-06-01,2020-06-30,2020-06,-16.33334,-16.33334,count,count,-16.33334,Numeric value parsed; no unit conversion applied.,observed_metric,stanford_ai_index_2026_public_data_bundle,2026 AI Index Report public data bundle,https://hai.stanford.edu/ai-index,1. Research and Development\Data\fig_1.8.6.csv,,2026-05-03T06:51:20+00:00,medium_high,"Korea-specific AI talent, education, graduate, or skills indicator.",True,Only observation for indicator/country/period/unit.,5,ai_index_fig_1_8_6_netflow|KOR|2020-06-01|2020-06-30|count,mapped_to_master_schema,"Source figure: fig_1.8.6; source chapter: 1. Research and Development | Korea-specific AI talent, education, graduate, or skills indicator. | {""country_code"": ""KR"", ""year_month"": ""2020-06""} | Original fields: {""country"": ""South Korea"", ""country_code"": ""KR"", ""netflow"": ""-16.33334"", ""year_month"": ""2020-06""}"
obs_46715feb219962,ai_index_fig_1_8_6_netflow,"Net ow of top AI authors and inventors by country, 2010–25","Talent, Public Sector, and Defense",netflow,KOR,South Korea,KOR/USA/CHN,monthly,2020,2020-07-01,2020-07-31,2020-07,-15.16666,-15.16666,count,count,-15.16666,Numeric value parsed; no unit conversion applied.,observed_metric,stanford_ai_index_2026_public_data_bundle,2026 AI Index Report public data bundle,https://hai.stanford.edu/ai-index,1. Research and Development\Data\fig_1.8.6.csv,,2026-05-03T06:51:20+00:00,medium_high,"Korea-specific AI talent, education, graduate, or skills indicator.",True,Only observation for indicator/country/period/unit.,5,ai_index_fig_1_8_6_netflow|KOR|2020-07-01|2020-07-31|count,mapped_to_master_schema,"Source figure: fig_1.8.6; source chapter: 1. Research and Development | Korea-specific AI talent, education, graduate, or skills indicator. | {""country_code"": ""KR"", ""year_month"": ""2020-07""} | Original fields: {""country"": ""South Korea"", ""country_code"": ""KR"", ""netflow"": ""-15.16666"", ""year_month"": ""2020-07""}"
obs_c253318ff1ae37,ai_index_fig_1_8_6_netflow,"Net ow of top AI authors and inventors by country, 2010–25","Talent, Public Sector, and Defense",netflow,KOR,South Korea,KOR/USA/CHN,monthly,2020,2020-08-01,2020-08-31,2020-08,-12.41667,-12.41667,count,count,-12.41667,Numeric value parsed; no unit conversion applied.,observed_metric,stanford_ai_index_2026_public_data_bundle,2026 AI Index Report public data bundle,https://hai.stanford.edu/ai-index,1. Research and Development\Data\fig_1.8.6.csv,,2026-05-03T06:51:20+00:00,medium_high,"Korea-specific AI talent, education, graduate, or skills indicator.",True,Only observation for indicator/country/period/unit.,5,ai_index_fig_1_8_6_netflow|KOR|2020-08-01|2020-08-31|count,mapped_to_master_schema,"Source figure: fig_1.8.6; source chapter: 1. Research and Development | Korea-specific AI talent, education, graduate, or skills indicator. | {""country_code"": ""KR"", ""year_month"": ""2020-08""} | Original fields: {""country"": ""South Korea"", ""country_code"": ""KR"", ""netflow"": ""-12.41667"", ""year_month"": ""2020-08""}"
obs_16de037739279f,ai_index_fig_1_8_6_netflow,"Net ow of top AI authors and inventors by country, 2010–25","Talent, Public Sector, and Defense",netflow,KOR,South Korea,KOR/USA/CHN,monthly,2020,2020-09-01,2020-09-30,2020-09,-8.75,-8.75,count,count,-8.75,Numeric value parsed; no unit conversion applied.,observed_metric,stanford_ai_index_2026_public_data_bundle,2026 AI Index Report public data bundle,https://hai.stanford.edu/ai-index,1. Research and Development\Data\fig_1.8.6.csv,,2026-05-03T06:51:20+00:00,medium_high,"Korea-specific AI talent, education, graduate, or skills indicator.",True,Only observation for indicator/country/period/unit.,5,ai_index_fig_1_8_6_netflow|KOR|2020-09-01|2020-09-30|count,mapped_to_master_schema,"Source figure: fig_1.8.6; source chapter: 1. Research and Development | Korea-specific AI talent, education, graduate, or skills indicator. | {""country_code"": ""KR"", ""year_month"": ""2020-09""} | Original fields: {""country"": ""South Korea"", ""country_code"": ""KR"", ""netflow"": ""-8.75"", ""year_month"": ""2020-09""}"
obs_f35db5c794ab83,ai_index_fig_1_8_6_netflow,"Net ow of top AI authors and inventors by country, 2010–25","Talent, Public Sector, and Defense",netflow,KOR,South Korea,KOR/USA/CHN,monthly,2020,2020-10-01,2020-10-31,2020-10,-7.66667,-7.66667,count,count,-7.66667,Numeric value parsed; no unit conversion applied.,observed_metric,stanford_ai_index_2026_public_data_bundle,2026 AI Index Report public data bundle,https://hai.stanford.edu/ai-index,1. Research and Development\Data\fig_1.8.6.csv,,2026-05-03T06:51:20+00:00,medium_high,"Korea-specific AI talent, education, graduate, or skills indicator.",True,Only observation for indicator/country/period/unit.,5,ai_index_fig_1_8_6_netflow|KOR|2020-10-01|2020-10-31|count,mapped_to_master_schema,"Source figure: fig_1.8.6; source chapter: 1. Research and Development | Korea-specific AI talent, education, graduate, or skills indicator. | {""country_code"": ""KR"", ""year_month"": ""2020-10""} | Original fields: {""country"": ""South Korea"", ""country_code"": ""KR"", ""netflow"": ""-7.66667"", ""year_month"": ""2020-10""}"
obs_e3ccaab868ca81,ai_index_fig_1_8_6_netflow,"Net ow of top AI authors and inventors by country, 2010–25","Talent, Public Sector, and Defense",netflow,KOR,South Korea,KOR/USA/CHN,monthly,2020,2020-11-01,2020-11-30,2020-11,-6.33334,-6.33334,count,count,-6.33334,Numeric value parsed; no unit conversion applied.,observed_metric,stanford_ai_index_2026_public_data_bundle,2026 AI Index Report public data bundle,https://hai.stanford.edu/ai-index,1. Research and Development\Data\fig_1.8.6.csv,,2026-05-03T06:51:20+00:00,medium_high,"Korea-specific AI talent, education, graduate, or skills indicator.",True,Only observation for indicator/country/period/unit.,5,ai_index_fig_1_8_6_netflow|KOR|2020-11-01|2020-11-30|count,mapped_to_master_schema,"Source figure: fig_1.8.6; source chapter: 1. Research and Development | Korea-specific AI talent, education, graduate, or skills indicator. | {""country_code"": ""KR"", ""year_month"": ""2020-11""} | Original fields: {""country"": ""South Korea"", ""country_code"": ""KR"", ""netflow"": ""-6.33334"", ""year_month"": ""2020-11""}"
obs_012eefc611dcf6,ai_index_fig_1_8_6_netflow,"Net ow of top AI authors and inventors by country, 2010–25","Talent, Public Sector, and Defense",netflow,KOR,South Korea,KOR/USA/CHN,monthly,2020,2020-12-01,2020-12-31,2020-12,-5.58333,-5.58333,count,count,-5.58333,Numeric value parsed; no unit conversion applied.,observed_metric,stanford_ai_index_2026_public_data_bundle,2026 AI Index Report public data bundle,https://hai.stanford.edu/ai-index,1. Research and Development\Data\fig_1.8.6.csv,,2026-05-03T06:51:20+00:00,medium_high,"Korea-specific AI talent, education, graduate, or skills indicator.",True,Only observation for indicator/country/period/unit.,5,ai_index_fig_1_8_6_netflow|KOR|2020-12-01|2020-12-31|count,mapped_to_master_schema,"Source figure: fig_1.8.6; source chapter: 1. Research and Development | Korea-specific AI talent, education, graduate, or skills indicator. | {""country_code"": ""KR"", ""year_month"": ""2020-12""} | Original fields: {""country"": ""South Korea"", ""country_code"": ""KR"", ""netflow"": ""-5.58333"", ""year_month"": ""2020-12""}"
obs_0c369d714b1d8d,ai_index_fig_1_8_6_netflow,"Net ow of top AI authors and inventors by country, 2010–25","Talent, Public Sector, and Defense",netflow,KOR,South Korea,KOR/USA/CHN,monthly,2021,2021-01-01,2021-01-31,2021-01,-2.91666,-2.91666,count,count,-2.91666,Numeric value parsed; no unit conversion applied.,observed_metric,stanford_ai_index_2026_public_data_bundle,2026 AI Index Report public data bundle,https://hai.stanford.edu/ai-index,1. Research and Development\Data\fig_1.8.6.csv,,2026-05-03T06:51:20+00:00,medium_high,"Korea-specific AI talent, education, graduate, or skills indicator.",True,Only observation for indicator/country/period/unit.,5,ai_index_fig_1_8_6_netflow|KOR|2021-01-01|2021-01-31|count,mapped_to_master_schema,"Source figure: fig_1.8.6; source chapter: 1. Research and Development | Korea-specific AI talent, education, graduate, or skills indicator. | {""country_code"": ""KR"", ""year_month"": ""2021-01""} | Original fields: {""country"": ""South Korea"", ""country_code"": ""KR"", ""netflow"": ""-2.91666"", ""year_month"": ""2021-01""}"
obs_4e4156188c0743,ai_index_fig_1_8_6_netflow,"Net ow of top AI authors and inventors by country, 2010–25","Talent, Public Sector, and Defense",netflow,KOR,South Korea,KOR/USA/CHN,monthly,2021,2021-02-01,2021-02-28,2021-02,-1.66667,-1.66667,count,count,-1.66667,Numeric value parsed; no unit conversion applied.,observed_metric,stanford_ai_index_2026_public_data_bundle,2026 AI Index Report public data bundle,https://hai.stanford.edu/ai-index,1. Research and Development\Data\fig_1.8.6.csv,,2026-05-03T06:51:20+00:00,medium_high,"Korea-specific AI talent, education, graduate, or skills indicator.",True,Only observation for indicator/country/period/unit.,5,ai_index_fig_1_8_6_netflow|KOR|2021-02-01|2021-02-28|count,mapped_to_master_schema,"Source figure: fig_1.8.6; source chapter: 1. Research and Development | Korea-specific AI talent, education, graduate, or skills indicator. | {""country_code"": ""KR"", ""year_month"": ""2021-02""} | Original fields: {""country"": ""South Korea"", ""country_code"": ""KR"", ""netflow"": ""-1.66667"", ""year_month"": ""2021-02""}"
obs_7bf2c3e5e8d963,ai_index_fig_1_8_6_netflow,"Net ow of top AI authors and inventors by country, 2010–25","Talent, Public Sector, and Defense",netflow,KOR,South Korea,KOR/USA/CHN,monthly,2021,2021-03-01,2021-03-31,2021-03,2.83334,2.83334,count,count,2.83334,Numeric value parsed; no unit conversion applied.,observed_metric,stanford_ai_index_2026_public_data_bundle,2026 AI Index Report public data bundle,https://hai.stanford.edu/ai-index,1. Research and Development\Data\fig_1.8.6.csv,,2026-05-03T06:51:20+00:00,medium_high,"Korea-specific AI talent, education, graduate, or skills indicator.",True,Only observation for indicator/country/period/unit.,5,ai_index_fig_1_8_6_netflow|KOR|2021-03-01|2021-03-31|count,mapped_to_master_schema,"Source figure: fig_1.8.6; source chapter: 1. Research and Development | Korea-specific AI talent, education, graduate, or skills indicator. | {""country_code"": ""KR"", ""year_month"": ""2021-03""} | Original fields: {""country"": ""South Korea"", ""country_code"": ""KR"", ""netflow"": ""2.83334"", ""year_month"": ""2021-03""}"
obs_04a28dfc1cf1fc,ai_index_fig_1_8_6_netflow,"Net ow of top AI authors and inventors by country, 2010–25","Talent, Public Sector, and Defense",netflow,KOR,South Korea,KOR/USA/CHN,monthly,2021,2021-04-01,2021-04-30,2021-04,0.66667,0.66667,count,count,0.66667,Numeric value parsed; no unit conversion applied.,observed_metric,stanford_ai_index_2026_public_data_bundle,2026 AI Index Report public data bundle,https://hai.stanford.edu/ai-index,1. Research and Development\Data\fig_1.8.6.csv,,2026-05-03T06:51:20+00:00,medium_high,"Korea-specific AI talent, education, graduate, or skills indicator.",True,Only observation for indicator/country/period/unit.,5,ai_index_fig_1_8_6_netflow|KOR|2021-04-01|2021-04-30|count,mapped_to_master_schema,"Source figure: fig_1.8.6; source chapter: 1. Research and Development | Korea-specific AI talent, education, graduate, or skills indicator. | {""country_code"": ""KR"", ""year_month"": ""2021-04""} | Original fields: {""country"": ""South Korea"", ""country_code"": ""KR"", ""netflow"": ""0.66667"", ""year_month"": ""2021-04""}"
obs_7e26536e7f58bd,ai_index_fig_1_8_6_netflow,"Net ow of top AI authors and inventors by country, 2010–25","Talent, Public Sector, and Defense",netflow,KOR,South Korea,KOR/USA/CHN,monthly,2021,2021-05-01,2021-05-31,2021-05,-0.66666,-0.66666,count,count,-0.66666,Numeric value parsed; no unit conversion applied.,observed_metric,stanford_ai_index_2026_public_data_bundle,2026 AI Index Report public data bundle,https://hai.stanford.edu/ai-index,1. Research and Development\Data\fig_1.8.6.csv,,2026-05-03T06:51:20+00:00,medium_high,"Korea-specific AI talent, education, graduate, or skills indicator.",True,Only observation for indicator/country/period/unit.,5,ai_index_fig_1_8_6_netflow|KOR|2021-05-01|2021-05-31|count,mapped_to_master_schema,"Source figure: fig_1.8.6; source chapter: 1. Research and Development | Korea-specific AI talent, education, graduate, or skills indicator. | {""country_code"": ""KR"", ""year_month"": ""2021-05""} | Original fields: {""country"": ""South Korea"", ""country_code"": ""KR"", ""netflow"": ""-0.66666"", ""year_month"": ""2021-05""}"
obs_10f63f0eef19a9,ai_index_fig_1_8_6_netflow,"Net ow of top AI authors and inventors by country, 2010–25","Talent, Public Sector, and Defense",netflow,KOR,South Korea,KOR/USA/CHN,monthly,2021,2021-06-01,2021-06-30,2021-06,-3.58333,-3.58333,count,count,-3.58333,Numeric value parsed; no unit conversion applied.,observed_metric,stanford_ai_index_2026_public_data_bundle,2026 AI Index Report public data bundle,https://hai.stanford.edu/ai-index,1. Research and Development\Data\fig_1.8.6.csv,,2026-05-03T06:51:20+00:00,medium_high,"Korea-specific AI talent, education, graduate, or skills indicator.",True,Only observation for indicator/country/period/unit.,5,ai_index_fig_1_8_6_netflow|KOR|2021-06-01|2021-06-30|count,mapped_to_master_schema,"Source figure: fig_1.8.6; source chapter: 1. Research and Development | Korea-specific AI talent, education, graduate, or skills indicator. | {""country_code"": ""KR"", ""year_month"": ""2021-06""} | Original fields: {""country"": ""South Korea"", ""country_code"": ""KR"", ""netflow"": ""-3.58333"", ""year_month"": ""2021-06""}"
obs_a000334fc56459,ai_index_fig_1_8_6_netflow,"Net ow of top AI authors and inventors by country, 2010–25","Talent, Public Sector, and Defense",netflow,KOR,South Korea,KOR/USA/CHN,monthly,2021,2021-07-01,2021-07-31,2021-07,-4.66666,-4.66666,count,count,-4.66666,Numeric value parsed; no unit conversion applied.,observed_metric,stanford_ai_index_2026_public_data_bundle,2026 AI Index Report public data bundle,https://hai.stanford.edu/ai-index,1. Research and Development\Data\fig_1.8.6.csv,,2026-05-03T06:51:20+00:00,medium_high,"Korea-specific AI talent, education, graduate, or skills indicator.",True,Only observation for indicator/country/period/unit.,5,ai_index_fig_1_8_6_netflow|KOR|2021-07-01|2021-07-31|count,mapped_to_master_schema,"Source figure: fig_1.8.6; source chapter: 1. Research and Development | Korea-specific AI talent, education, graduate, or skills indicator. | {""country_code"": ""KR"", ""year_month"": ""2021-07""} | Original fields: {""country"": ""South Korea"", ""country_code"": ""KR"", ""netflow"": ""-4.66666"", ""year_month"": ""2021-07""}"
obs_01810f1515d82e,ai_index_fig_1_8_6_netflow,"Net ow of top AI authors and inventors by country, 2010–25","Talent, Public Sector, and Defense",netflow,KOR,South Korea,KOR/USA/CHN,monthly,2021,2021-08-01,2021-08-31,2021-08,-6.33333,-6.33333,count,count,-6.33333,Numeric value parsed; no unit conversion applied.,observed_metric,stanford_ai_index_2026_public_data_bundle,2026 AI Index Report public data bundle,https://hai.stanford.edu/ai-index,1. Research and Development\Data\fig_1.8.6.csv,,2026-05-03T06:51:20+00:00,medium_high,"Korea-specific AI talent, education, graduate, or skills indicator.",True,Only observation for indicator/country/period/unit.,5,ai_index_fig_1_8_6_netflow|KOR|2021-08-01|2021-08-31|count,mapped_to_master_schema,"Source figure: fig_1.8.6; source chapter: 1. Research and Development | Korea-specific AI talent, education, graduate, or skills indicator. | {""country_code"": ""KR"", ""year_month"": ""2021-08""} | Original fields: {""country"": ""South Korea"", ""country_code"": ""KR"", ""netflow"": ""-6.33333"", ""year_month"": ""2021-08""}"
obs_6e0c2f8a67465c,ai_index_fig_1_8_6_netflow,"Net ow of top AI authors and inventors by country, 2010–25","Talent, Public Sector, and Defense",netflow,KOR,South Korea,KOR/USA/CHN,monthly,2021,2021-09-01,2021-09-30,2021-09,-7.91666,-7.91666,count,count,-7.91666,Numeric value parsed; no unit conversion applied.,observed_metric,stanford_ai_index_2026_public_data_bundle,2026 AI Index Report public data bundle,https://hai.stanford.edu/ai-index,1. Research and Development\Data\fig_1.8.6.csv,,2026-05-03T06:51:20+00:00,medium_high,"Korea-specific AI talent, education, graduate, or skills indicator.",True,Only observation for indicator/country/period/unit.,5,ai_index_fig_1_8_6_netflow|KOR|2021-09-01|2021-09-30|count,mapped_to_master_schema,"Source figure: fig_1.8.6; source chapter: 1. Research and Development | Korea-specific AI talent, education, graduate, or skills indicator. | {""country_code"": ""KR"", ""year_month"": ""2021-09""} | Original fields: {""country"": ""South Korea"", ""country_code"": ""KR"", ""netflow"": ""-7.91666"", ""year_month"": ""2021-09""}"
obs_cdc275d7a3a3f6,ai_index_fig_1_8_6_netflow,"Net ow of top AI authors and inventors by country, 2010–25","Talent, Public Sector, and Defense",netflow,KOR,South Korea,KOR/USA/CHN,monthly,2021,2021-10-01,2021-10-31,2021-10,-7.75,-7.75,count,count,-7.75,Numeric value parsed; no unit conversion applied.,observed_metric,stanford_ai_index_2026_public_data_bundle,2026 AI Index Report public data bundle,https://hai.stanford.edu/ai-index,1. Research and Development\Data\fig_1.8.6.csv,,2026-05-03T06:51:20+00:00,medium_high,"Korea-specific AI talent, education, graduate, or skills indicator.",True,Only observation for indicator/country/period/unit.,5,ai_index_fig_1_8_6_netflow|KOR|2021-10-01|2021-10-31|count,mapped_to_master_schema,"Source figure: fig_1.8.6; source chapter: 1. Research and Development | Korea-specific AI talent, education, graduate, or skills indicator. | {""country_code"": ""KR"", ""year_month"": ""2021-10""} | Original fields: {""country"": ""South Korea"", ""country_code"": ""KR"", ""netflow"": ""-7.75"", ""year_month"": ""2021-10""}"
obs_51357471dbf8df,ai_index_fig_1_8_6_netflow,"Net ow of top AI authors and inventors by country, 2010–25","Talent, Public Sector, and Defense",netflow,KOR,South Korea,KOR/USA/CHN,monthly,2021,2021-11-01,2021-11-30,2021-11,-8.91667,-8.91667,count,count,-8.91667,Numeric value parsed; no unit conversion applied.,observed_metric,stanford_ai_index_2026_public_data_bundle,2026 AI Index Report public data bundle,https://hai.stanford.edu/ai-index,1. Research and Development\Data\fig_1.8.6.csv,,2026-05-03T06:51:20+00:00,medium_high,"Korea-specific AI talent, education, graduate, or skills indicator.",True,Only observation for indicator/country/period/unit.,5,ai_index_fig_1_8_6_netflow|KOR|2021-11-01|2021-11-30|count,mapped_to_master_schema,"Source figure: fig_1.8.6; source chapter: 1. Research and Development | Korea-specific AI talent, education, graduate, or skills indicator. | {""country_code"": ""KR"", ""year_month"": ""2021-11""} | Original fields: {""country"": ""South Korea"", ""country_code"": ""KR"", ""netflow"": ""-8.91667"", ""year_month"": ""2021-11""}"
obs_4c40851073b87d,ai_index_fig_1_8_6_netflow,"Net ow of top AI authors and inventors by country, 2010–25","Talent, Public Sector, and Defense",netflow,KOR,South Korea,KOR/USA/CHN,monthly,2021,2021-12-01,2021-12-31,2021-12,-9.41667,-9.41667,count,count,-9.41667,Numeric value parsed; no unit conversion applied.,observed_metric,stanford_ai_index_2026_public_data_bundle,2026 AI Index Report public data bundle,https://hai.stanford.edu/ai-index,1. Research and Development\Data\fig_1.8.6.csv,,2026-05-03T06:51:20+00:00,medium_high,"Korea-specific AI talent, education, graduate, or skills indicator.",True,Only observation for indicator/country/period/unit.,5,ai_index_fig_1_8_6_netflow|KOR|2021-12-01|2021-12-31|count,mapped_to_master_schema,"Source figure: fig_1.8.6; source chapter: 1. Research and Development | Korea-specific AI talent, education, graduate, or skills indicator. | {""country_code"": ""KR"", ""year_month"": ""2021-12""} | Original fields: {""country"": ""South Korea"", ""country_code"": ""KR"", ""netflow"": ""-9.41667"", ""year_month"": ""2021-12""}"
obs_cf51a7fdc8ebc7,ai_index_fig_1_8_6_netflow,"Net ow of top AI authors and inventors by country, 2010–25","Talent, Public Sector, and Defense",netflow,KOR,South Korea,KOR/USA/CHN,monthly,2022,2022-01-01,2022-01-31,2022-01,-10.16667,-10.16667,count,count,-10.16667,Numeric value parsed; no unit conversion applied.,observed_metric,stanford_ai_index_2026_public_data_bundle,2026 AI Index Report public data bundle,https://hai.stanford.edu/ai-index,1. Research and Development\Data\fig_1.8.6.csv,,2026-05-03T06:51:20+00:00,medium_high,"Korea-specific AI talent, education, graduate, or skills indicator.",True,Only observation for indicator/country/period/unit.,5,ai_index_fig_1_8_6_netflow|KOR|2022-01-01|2022-01-31|count,mapped_to_master_schema,"Source figure: fig_1.8.6; source chapter: 1. Research and Development | Korea-specific AI talent, education, graduate, or skills indicator. | {""country_code"": ""KR"", ""year_month"": ""2022-01""} | Original fields: {""country"": ""South Korea"", ""country_code"": ""KR"", ""netflow"": ""-10.16667"", ""year_month"": ""2022-01""}"
obs_3864992b4cf5ee,ai_index_fig_1_8_6_netflow,"Net ow of top AI authors and inventors by country, 2010–25","Talent, Public Sector, and Defense",netflow,KOR,South Korea,KOR/USA/CHN,monthly,2022,2022-02-01,2022-02-28,2022-02,-10.91667,-10.91667,count,count,-10.91667,Numeric value parsed; no unit conversion applied.,observed_metric,stanford_ai_index_2026_public_data_bundle,2026 AI Index Report public data bundle,https://hai.stanford.edu/ai-index,1. Research and Development\Data\fig_1.8.6.csv,,2026-05-03T06:51:20+00:00,medium_high,"Korea-specific AI talent, education, graduate, or skills indicator.",True,Only observation for indicator/country/period/unit.,5,ai_index_fig_1_8_6_netflow|KOR|2022-02-01|2022-02-28|count,mapped_to_master_schema,"Source figure: fig_1.8.6; source chapter: 1. Research and Development | Korea-specific AI talent, education, graduate, or skills indicator. | {""country_code"": ""KR"", ""year_month"": ""2022-02""} | Original fields: {""country"": ""South Korea"", ""country_code"": ""KR"", ""netflow"": ""-10.91667"", ""year_month"": ""2022-02""}"
obs_fa18db5c87d4aa,ai_index_fig_1_8_6_netflow,"Net ow of top AI authors and inventors by country, 2010–25","Talent, Public Sector, and Defense",netflow,KOR,South Korea,KOR/USA/CHN,monthly,2022,2022-03-01,2022-03-31,2022-03,-13.5,-13.5,count,count,-13.5,Numeric value parsed; no unit conversion applied.,observed_metric,stanford_ai_index_2026_public_data_bundle,2026 AI Index Report public data bundle,https://hai.stanford.edu/ai-index,1. Research and Development\Data\fig_1.8.6.csv,,2026-05-03T06:51:20+00:00,medium_high,"Korea-specific AI talent, education, graduate, or skills indicator.",True,Only observation for indicator/country/period/unit.,5,ai_index_fig_1_8_6_netflow|KOR|2022-03-01|2022-03-31|count,mapped_to_master_schema,"Source figure: fig_1.8.6; source chapter: 1. Research and Development | Korea-specific AI talent, education, graduate, or skills indicator. | {""country_code"": ""KR"", ""year_month"": ""2022-03""} | Original fields: {""country"": ""South Korea"", ""country_code"": ""KR"", ""netflow"": ""-13.5"", ""year_month"": ""2022-03""}"
obs_a676e1876b00f5,ai_index_fig_1_8_6_netflow,"Net ow of top AI authors and inventors by country, 2010–25","Talent, Public Sector, and Defense",netflow,KOR,South Korea,KOR/USA/CHN,monthly,2022,2022-04-01,2022-04-30,2022-04,-13.91667,-13.91667,count,count,-13.91667,Numeric value parsed; no unit conversion applied.,observed_metric,stanford_ai_index_2026_public_data_bundle,2026 AI Index Report public data bundle,https://hai.stanford.edu/ai-index,1. Research and Development\Data\fig_1.8.6.csv,,2026-05-03T06:51:20+00:00,medium_high,"Korea-specific AI talent, education, graduate, or skills indicator.",True,Only observation for indicator/country/period/unit.,5,ai_index_fig_1_8_6_netflow|KOR|2022-04-01|2022-04-30|count,mapped_to_master_schema,"Source figure: fig_1.8.6; source chapter: 1. Research and Development | Korea-specific AI talent, education, graduate, or skills indicator. | {""country_code"": ""KR"", ""year_month"": ""2022-04""} | Original fields: {""country"": ""South Korea"", ""country_code"": ""KR"", ""netflow"": ""-13.91667"", ""year_month"": ""2022-04""}"
obs_2a2f6fdd788fda,ai_index_fig_1_8_6_netflow,"Net ow of top AI authors and inventors by country, 2010–25","Talent, Public Sector, and Defense",netflow,KOR,South Korea,KOR/USA/CHN,monthly,2022,2022-05-01,2022-05-31,2022-05,-14.33334,-14.33334,count,count,-14.33334,Numeric value parsed; no unit conversion applied.,observed_metric,stanford_ai_index_2026_public_data_bundle,2026 AI Index Report public data bundle,https://hai.stanford.edu/ai-index,1. Research and Development\Data\fig_1.8.6.csv,,2026-05-03T06:51:20+00:00,medium_high,"Korea-specific AI talent, education, graduate, or skills indicator.",True,Only observation for indicator/country/period/unit.,5,ai_index_fig_1_8_6_netflow|KOR|2022-05-01|2022-05-31|count,mapped_to_master_schema,"Source figure: fig_1.8.6; source chapter: 1. Research and Development | Korea-specific AI talent, education, graduate, or skills indicator. | {""country_code"": ""KR"", ""year_month"": ""2022-05""} | Original fields: {""country"": ""South Korea"", ""country_code"": ""KR"", ""netflow"": ""-14.33334"", ""year_month"": ""2022-05""}"
obs_4bd224ae4ff7fe,ai_index_fig_1_8_6_netflow,"Net ow of top AI authors and inventors by country, 2010–25","Talent, Public Sector, and Defense",netflow,KOR,South Korea,KOR/USA/CHN,monthly,2022,2022-06-01,2022-06-30,2022-06,-15.66667,-15.66667,count,count,-15.66667,Numeric value parsed; no unit conversion applied.,observed_metric,stanford_ai_index_2026_public_data_bundle,2026 AI Index Report public data bundle,https://hai.stanford.edu/ai-index,1. Research and Development\Data\fig_1.8.6.csv,,2026-05-03T06:51:20+00:00,medium_high,"Korea-specific AI talent, education, graduate, or skills indicator.",True,Only observation for indicator/country/period/unit.,5,ai_index_fig_1_8_6_netflow|KOR|2022-06-01|2022-06-30|count,mapped_to_master_schema,"Source figure: fig_1.8.6; source chapter: 1. Research and Development | Korea-specific AI talent, education, graduate, or skills indicator. | {""country_code"": ""KR"", ""year_month"": ""2022-06""} | Original fields: {""country"": ""South Korea"", ""country_code"": ""KR"", ""netflow"": ""-15.66667"", ""year_month"": ""2022-06""}"
obs_3f9069f859eeb0,ai_index_fig_1_8_6_netflow,"Net ow of top AI authors and inventors by country, 2010–25","Talent, Public Sector, and Defense",netflow,KOR,South Korea,KOR/USA/CHN,monthly,2022,2022-07-01,2022-07-31,2022-07,-16.83333,-16.83333,count,count,-16.83333,Numeric value parsed; no unit conversion applied.,observed_metric,stanford_ai_index_2026_public_data_bundle,2026 AI Index Report public data bundle,https://hai.stanford.edu/ai-index,1. Research and Development\Data\fig_1.8.6.csv,,2026-05-03T06:51:20+00:00,medium_high,"Korea-specific AI talent, education, graduate, or skills indicator.",True,Only observation for indicator/country/period/unit.,5,ai_index_fig_1_8_6_netflow|KOR|2022-07-01|2022-07-31|count,mapped_to_master_schema,"Source figure: fig_1.8.6; source chapter: 1. Research and Development | Korea-specific AI talent, education, graduate, or skills indicator. | {""country_code"": ""KR"", ""year_month"": ""2022-07""} | Original fields: {""country"": ""South Korea"", ""country_code"": ""KR"", ""netflow"": ""-16.83333"", ""year_month"": ""2022-07""}"
obs_676a31135ee0bf,ai_index_fig_1_8_6_netflow,"Net ow of top AI authors and inventors by country, 2010–25","Talent, Public Sector, and Defense",netflow,KOR,South Korea,KOR/USA/CHN,monthly,2022,2022-08-01,2022-08-31,2022-08,-16.58333,-16.58333,count,count,-16.58333,Numeric value parsed; no unit conversion applied.,observed_metric,stanford_ai_index_2026_public_data_bundle,2026 AI Index Report public data bundle,https://hai.stanford.edu/ai-index,1. Research and Development\Data\fig_1.8.6.csv,,2026-05-03T06:51:20+00:00,medium_high,"Korea-specific AI talent, education, graduate, or skills indicator.",True,Only observation for indicator/country/period/unit.,5,ai_index_fig_1_8_6_netflow|KOR|2022-08-01|2022-08-31|count,mapped_to_master_schema,"Source figure: fig_1.8.6; source chapter: 1. Research and Development | Korea-specific AI talent, education, graduate, or skills indicator. | {""country_code"": ""KR"", ""year_month"": ""2022-08""} | Original fields: {""country"": ""South Korea"", ""country_code"": ""KR"", ""netflow"": ""-16.58333"", ""year_month"": ""2022-08""}"
obs_00d4467a93f4e6,ai_index_fig_1_8_6_netflow,"Net ow of top AI authors and inventors by country, 2010–25","Talent, Public Sector, and Defense",netflow,KOR,South Korea,KOR/USA/CHN,monthly,2022,2022-09-01,2022-09-30,2022-09,-16.25,-16.25,count,count,-16.25,Numeric value parsed; no unit conversion applied.,observed_metric,stanford_ai_index_2026_public_data_bundle,2026 AI Index Report public data bundle,https://hai.stanford.edu/ai-index,1. Research and Development\Data\fig_1.8.6.csv,,2026-05-03T06:51:20+00:00,medium_high,"Korea-specific AI talent, education, graduate, or skills indicator.",True,Only observation for indicator/country/period/unit.,5,ai_index_fig_1_8_6_netflow|KOR|2022-09-01|2022-09-30|count,mapped_to_master_schema,"Source figure: fig_1.8.6; source chapter: 1. Research and Development | Korea-specific AI talent, education, graduate, or skills indicator. | {""country_code"": ""KR"", ""year_month"": ""2022-09""} | Original fields: {""country"": ""South Korea"", ""country_code"": ""KR"", ""netflow"": ""-16.25"", ""year_month"": ""2022-09""}"
obs_07593a6aa4cd87,ai_index_fig_1_8_6_netflow,"Net ow of top AI authors and inventors by country, 2010–25","Talent, Public Sector, and Defense",netflow,KOR,South Korea,KOR/USA/CHN,monthly,2022,2022-10-01,2022-10-31,2022-10,-16.5,-16.5,count,count,-16.5,Numeric value parsed; no unit conversion applied.,observed_metric,stanford_ai_index_2026_public_data_bundle,2026 AI Index Report public data bundle,https://hai.stanford.edu/ai-index,1. Research and Development\Data\fig_1.8.6.csv,,2026-05-03T06:51:20+00:00,medium_high,"Korea-specific AI talent, education, graduate, or skills indicator.",True,Only observation for indicator/country/period/unit.,5,ai_index_fig_1_8_6_netflow|KOR|2022-10-01|2022-10-31|count,mapped_to_master_schema,"Source figure: fig_1.8.6; source chapter: 1. Research and Development | Korea-specific AI talent, education, graduate, or skills indicator. | {""country_code"": ""KR"", ""year_month"": ""2022-10""} | Original fields: {""country"": ""South Korea"", ""country_code"": ""KR"", ""netflow"": ""-16.5"", ""year_month"": ""2022-10""}"
obs_caa97c491942b2,ai_index_fig_1_8_6_netflow,"Net ow of top AI authors and inventors by country, 2010–25","Talent, Public Sector, and Defense",netflow,KOR,South Korea,KOR/USA/CHN,monthly,2022,2022-11-01,2022-11-30,2022-11,-16.41667,-16.41667,count,count,-16.41667,Numeric value parsed; no unit conversion applied.,observed_metric,stanford_ai_index_2026_public_data_bundle,2026 AI Index Report public data bundle,https://hai.stanford.edu/ai-index,1. Research and Development\Data\fig_1.8.6.csv,,2026-05-03T06:51:20+00:00,medium_high,"Korea-specific AI talent, education, graduate, or skills indicator.",True,Only observation for indicator/country/period/unit.,5,ai_index_fig_1_8_6_netflow|KOR|2022-11-01|2022-11-30|count,mapped_to_master_schema,"Source figure: fig_1.8.6; source chapter: 1. Research and Development | Korea-specific AI talent, education, graduate, or skills indicator. | {""country_code"": ""KR"", ""year_month"": ""2022-11""} | Original fields: {""country"": ""South Korea"", ""country_code"": ""KR"", ""netflow"": ""-16.41667"", ""year_month"": ""2022-11""}"
obs_3ea2bb0c1662a4,ai_index_fig_1_8_6_netflow,"Net ow of top AI authors and inventors by country, 2010–25","Talent, Public Sector, and Defense",netflow,KOR,South Korea,KOR/USA/CHN,monthly,2022,2022-12-01,2022-12-31,2022-12,-16.75,-16.75,count,count,-16.75,Numeric value parsed; no unit conversion applied.,observed_metric,stanford_ai_index_2026_public_data_bundle,2026 AI Index Report public data bundle,https://hai.stanford.edu/ai-index,1. Research and Development\Data\fig_1.8.6.csv,,2026-05-03T06:51:20+00:00,medium_high,"Korea-specific AI talent, education, graduate, or skills indicator.",True,Only observation for indicator/country/period/unit.,5,ai_index_fig_1_8_6_netflow|KOR|2022-12-01|2022-12-31|count,mapped_to_master_schema,"Source figure: fig_1.8.6; source chapter: 1. Research and Development | Korea-specific AI talent, education, graduate, or skills indicator. | {""country_code"": ""KR"", ""year_month"": ""2022-12""} | Original fields: {""country"": ""South Korea"", ""country_code"": ""KR"", ""netflow"": ""-16.75"", ""year_month"": ""2022-12""}"
obs_9b373a5154da41,ai_index_fig_1_8_6_netflow,"Net ow of top AI authors and inventors by country, 2010–25","Talent, Public Sector, and Defense",netflow,KOR,South Korea,KOR/USA/CHN,monthly,2023,2023-01-01,2023-01-31,2023-01,-15.91667,-15.91667,count,count,-15.91667,Numeric value parsed; no unit conversion applied.,observed_metric,stanford_ai_index_2026_public_data_bundle,2026 AI Index Report public data bundle,https://hai.stanford.edu/ai-index,1. Research and Development\Data\fig_1.8.6.csv,,2026-05-03T06:51:20+00:00,medium_high,"Korea-specific AI talent, education, graduate, or skills indicator.",True,Only observation for indicator/country/period/unit.,5,ai_index_fig_1_8_6_netflow|KOR|2023-01-01|2023-01-31|count,mapped_to_master_schema,"Source figure: fig_1.8.6; source chapter: 1. Research and Development | Korea-specific AI talent, education, graduate, or skills indicator. | {""country_code"": ""KR"", ""year_month"": ""2023-01""} | Original fields: {""country"": ""South Korea"", ""country_code"": ""KR"", ""netflow"": ""-15.91667"", ""year_month"": ""2023-01""}"
obs_2f3bb60033b6c2,ai_index_fig_1_8_6_netflow,"Net ow of top AI authors and inventors by country, 2010–25","Talent, Public Sector, and Defense",netflow,KOR,South Korea,KOR/USA/CHN,monthly,2023,2023-02-01,2023-02-28,2023-02,-15.83333,-15.83333,count,count,-15.83333,Numeric value parsed; no unit conversion applied.,observed_metric,stanford_ai_index_2026_public_data_bundle,2026 AI Index Report public data bundle,https://hai.stanford.edu/ai-index,1. Research and Development\Data\fig_1.8.6.csv,,2026-05-03T06:51:20+00:00,medium_high,"Korea-specific AI talent, education, graduate, or skills indicator.",True,Only observation for indicator/country/period/unit.,5,ai_index_fig_1_8_6_netflow|KOR|2023-02-01|2023-02-28|count,mapped_to_master_schema,"Source figure: fig_1.8.6; source chapter: 1. Research and Development | Korea-specific AI talent, education, graduate, or skills indicator. | {""country_code"": ""KR"", ""year_month"": ""2023-02""} | Original fields: {""country"": ""South Korea"", ""country_code"": ""KR"", ""netflow"": ""-15.83333"", ""year_month"": ""2023-02""}"
obs_4966b8aae0b43a,ai_index_fig_1_8_6_netflow,"Net ow of top AI authors and inventors by country, 2010–25","Talent, Public Sector, and Defense",netflow,KOR,South Korea,KOR/USA/CHN,monthly,2023,2023-03-01,2023-03-31,2023-03,-16.91667,-16.91667,count,count,-16.91667,Numeric value parsed; no unit conversion applied.,observed_metric,stanford_ai_index_2026_public_data_bundle,2026 AI Index Report public data bundle,https://hai.stanford.edu/ai-index,1. Research and Development\Data\fig_1.8.6.csv,,2026-05-03T06:51:20+00:00,medium_high,"Korea-specific AI talent, education, graduate, or skills indicator.",True,Only observation for indicator/country/period/unit.,5,ai_index_fig_1_8_6_netflow|KOR|2023-03-01|2023-03-31|count,mapped_to_master_schema,"Source figure: fig_1.8.6; source chapter: 1. Research and Development | Korea-specific AI talent, education, graduate, or skills indicator. | {""country_code"": ""KR"", ""year_month"": ""2023-03""} | Original fields: {""country"": ""South Korea"", ""country_code"": ""KR"", ""netflow"": ""-16.91667"", ""year_month"": ""2023-03""}"
obs_1dd0a0c215eab7,ai_index_fig_1_8_6_netflow,"Net ow of top AI authors and inventors by country, 2010–25","Talent, Public Sector, and Defense",netflow,KOR,South Korea,KOR/USA/CHN,monthly,2023,2023-04-01,2023-04-30,2023-04,-15.91666,-15.91666,count,count,-15.91666,Numeric value parsed; no unit conversion applied.,observed_metric,stanford_ai_index_2026_public_data_bundle,2026 AI Index Report public data bundle,https://hai.stanford.edu/ai-index,1. Research and Development\Data\fig_1.8.6.csv,,2026-05-03T06:51:20+00:00,medium_high,"Korea-specific AI talent, education, graduate, or skills indicator.",True,Only observation for indicator/country/period/unit.,5,ai_index_fig_1_8_6_netflow|KOR|2023-04-01|2023-04-30|count,mapped_to_master_schema,"Source figure: fig_1.8.6; source chapter: 1. Research and Development | Korea-specific AI talent, education, graduate, or skills indicator. | {""country_code"": ""KR"", ""year_month"": ""2023-04""} | Original fields: {""country"": ""South Korea"", ""country_code"": ""KR"", ""netflow"": ""-15.91666"", ""year_month"": ""2023-04""}"
obs_4efc600941016a,ai_index_fig_1_8_6_netflow,"Net ow of top AI authors and inventors by country, 2010–25","Talent, Public Sector, and Defense",netflow,KOR,South Korea,KOR/USA/CHN,monthly,2023,2023-05-01,2023-05-31,2023-05,-17,-17.0,count,count,-17.0,Numeric value parsed; no unit conversion applied.,observed_metric,stanford_ai_index_2026_public_data_bundle,2026 AI Index Report public data bundle,https://hai.stanford.edu/ai-index,1. Research and Development\Data\fig_1.8.6.csv,,2026-05-03T06:51:20+00:00,medium_high,"Korea-specific AI talent, education, graduate, or skills indicator.",True,Only observation for indicator/country/period/unit.,5,ai_index_fig_1_8_6_netflow|KOR|2023-05-01|2023-05-31|count,mapped_to_master_schema,"Source figure: fig_1.8.6; source chapter: 1. Research and Development | Korea-specific AI talent, education, graduate, or skills indicator. | {""country_code"": ""KR"", ""year_month"": ""2023-05""} | Original fields: {""country"": ""South Korea"", ""country_code"": ""KR"", ""netflow"": ""-17"", ""year_month"": ""2023-05""}"
obs_d9eb0f4acd4da2,ai_index_fig_1_8_6_netflow,"Net ow of top AI authors and inventors by country, 2010–25","Talent, Public Sector, and Defense",netflow,KOR,South Korea,KOR/USA/CHN,monthly,2023,2023-06-01,2023-06-30,2023-06,-16.58333,-16.58333,count,count,-16.58333,Numeric value parsed; no unit conversion applied.,observed_metric,stanford_ai_index_2026_public_data_bundle,2026 AI Index Report public data bundle,https://hai.stanford.edu/ai-index,1. Research and Development\Data\fig_1.8.6.csv,,2026-05-03T06:51:20+00:00,medium_high,"Korea-specific AI talent, education, graduate, or skills indicator.",True,Only observation for indicator/country/period/unit.,5,ai_index_fig_1_8_6_netflow|KOR|2023-06-01|2023-06-30|count,mapped_to_master_schema,"Source figure: fig_1.8.6; source chapter: 1. Research and Development | Korea-specific AI talent, education, graduate, or skills indicator. | {""country_code"": ""KR"", ""year_month"": ""2023-06""} | Original fields: {""country"": ""South Korea"", ""country_code"": ""KR"", ""netflow"": ""-16.58333"", ""year_month"": ""2023-06""}"
obs_ceda82f4761240,ai_index_fig_1_8_6_netflow,"Net ow of top AI authors and inventors by country, 2010–25","Talent, Public Sector, and Defense",netflow,KOR,South Korea,KOR/USA/CHN,monthly,2023,2023-07-01,2023-07-31,2023-07,-16,-16.0,count,count,-16.0,Numeric value parsed; no unit conversion applied.,observed_metric,stanford_ai_index_2026_public_data_bundle,2026 AI Index Report public data bundle,https://hai.stanford.edu/ai-index,1. Research and Development\Data\fig_1.8.6.csv,,2026-05-03T06:51:20+00:00,medium_high,"Korea-specific AI talent, education, graduate, or skills indicator.",True,Only observation for indicator/country/period/unit.,5,ai_index_fig_1_8_6_netflow|KOR|2023-07-01|2023-07-31|count,mapped_to_master_schema,"Source figure: fig_1.8.6; source chapter: 1. Research and Development | Korea-specific AI talent, education, graduate, or skills indicator. | {""country_code"": ""KR"", ""year_month"": ""2023-07""} | Original fields: {""country"": ""South Korea"", ""country_code"": ""KR"", ""netflow"": ""-16"", ""year_month"": ""2023-07""}"
obs_f7e3ab188822cc,ai_index_fig_1_8_6_netflow,"Net ow of top AI authors and inventors by country, 2010–25","Talent, Public Sector, and Defense",netflow,KOR,South Korea,KOR/USA/CHN,monthly,2023,2023-08-01,2023-08-31,2023-08,-14.83334,-14.83334,count,count,-14.83334,Numeric value parsed; no unit conversion applied.,observed_metric,stanford_ai_index_2026_public_data_bundle,2026 AI Index Report public data bundle,https://hai.stanford.edu/ai-index,1. Research and Development\Data\fig_1.8.6.csv,,2026-05-03T06:51:20+00:00,medium_high,"Korea-specific AI talent, education, graduate, or skills indicator.",True,Only observation for indicator/country/period/unit.,5,ai_index_fig_1_8_6_netflow|KOR|2023-08-01|2023-08-31|count,mapped_to_master_schema,"Source figure: fig_1.8.6; source chapter: 1. Research and Development | Korea-specific AI talent, education, graduate, or skills indicator. | {""country_code"": ""KR"", ""year_month"": ""2023-08""} | Original fields: {""country"": ""South Korea"", ""country_code"": ""KR"", ""netflow"": ""-14.83334"", ""year_month"": ""2023-08""}"
obs_8ca9121647e36a,ai_index_fig_1_8_6_netflow,"Net ow of top AI authors and inventors by country, 2010–25","Talent, Public Sector, and Defense",netflow,KOR,South Korea,KOR/USA/CHN,monthly,2023,2023-09-01,2023-09-30,2023-09,-14.91666,-14.91666,count,count,-14.91666,Numeric value parsed; no unit conversion applied.,observed_metric,stanford_ai_index_2026_public_data_bundle,2026 AI Index Report public data bundle,https://hai.stanford.edu/ai-index,1. Research and Development\Data\fig_1.8.6.csv,,2026-05-03T06:51:20+00:00,medium_high,"Korea-specific AI talent, education, graduate, or skills indicator.",True,Only observation for indicator/country/period/unit.,5,ai_index_fig_1_8_6_netflow|KOR|2023-09-01|2023-09-30|count,mapped_to_master_schema,"Source figure: fig_1.8.6; source chapter: 1. Research and Development | Korea-specific AI talent, education, graduate, or skills indicator. | {""country_code"": ""KR"", ""year_month"": ""2023-09""} | Original fields: {""country"": ""South Korea"", ""country_code"": ""KR"", ""netflow"": ""-14.91666"", ""year_month"": ""2023-09""}"
obs_01bf28aeaac813,ai_index_fig_1_8_6_netflow,"Net ow of top AI authors and inventors by country, 2010–25","Talent, Public Sector, and Defense",netflow,KOR,South Korea,KOR/USA/CHN,monthly,2023,2023-10-01,2023-10-31,2023-10,-14.83333,-14.83333,count,count,-14.83333,Numeric value parsed; no unit conversion applied.,observed_metric,stanford_ai_index_2026_public_data_bundle,2026 AI Index Report public data bundle,https://hai.stanford.edu/ai-index,1. Research and Development\Data\fig_1.8.6.csv,,2026-05-03T06:51:20+00:00,medium_high,"Korea-specific AI talent, education, graduate, or skills indicator.",True,Only observation for indicator/country/period/unit.,5,ai_index_fig_1_8_6_netflow|KOR|2023-10-01|2023-10-31|count,mapped_to_master_schema,"Source figure: fig_1.8.6; source chapter: 1. Research and Development | Korea-specific AI talent, education, graduate, or skills indicator. | {""country_code"": ""KR"", ""year_month"": ""2023-10""} | Original fields: {""country"": ""South Korea"", ""country_code"": ""KR"", ""netflow"": ""-14.83333"", ""year_month"": ""2023-10""}"
obs_3f9d368d67e457,ai_index_fig_1_8_6_netflow,"Net ow of top AI authors and inventors by country, 2010–25","Talent, Public Sector, and Defense",netflow,KOR,South Korea,KOR/USA/CHN,monthly,2023,2023-11-01,2023-11-30,2023-11,-14.25,-14.25,count,count,-14.25,Numeric value parsed; no unit conversion applied.,observed_metric,stanford_ai_index_2026_public_data_bundle,2026 AI Index Report public data bundle,https://hai.stanford.edu/ai-index,1. Research and Development\Data\fig_1.8.6.csv,,2026-05-03T06:51:20+00:00,medium_high,"Korea-specific AI talent, education, graduate, or skills indicator.",True,Only observation for indicator/country/period/unit.,5,ai_index_fig_1_8_6_netflow|KOR|2023-11-01|2023-11-30|count,mapped_to_master_schema,"Source figure: fig_1.8.6; source chapter: 1. Research and Development | Korea-specific AI talent, education, graduate, or skills indicator. | {""country_code"": ""KR"", ""year_month"": ""2023-11""} | Original fields: {""country"": ""South Korea"", ""country_code"": ""KR"", ""netflow"": ""-14.25"", ""year_month"": ""2023-11""}"
obs_3b83a7b07c9b7b,ai_index_fig_1_8_6_netflow,"Net ow of top AI authors and inventors by country, 2010–25","Talent, Public Sector, and Defense",netflow,KOR,South Korea,KOR/USA/CHN,monthly,2023,2023-12-01,2023-12-31,2023-12,-14.58333,-14.58333,count,count,-14.58333,Numeric value parsed; no unit conversion applied.,observed_metric,stanford_ai_index_2026_public_data_bundle,2026 AI Index Report public data bundle,https://hai.stanford.edu/ai-index,1. Research and Development\Data\fig_1.8.6.csv,,2026-05-03T06:51:20+00:00,medium_high,"Korea-specific AI talent, education, graduate, or skills indicator.",True,Only observation for indicator/country/period/unit.,5,ai_index_fig_1_8_6_netflow|KOR|2023-12-01|2023-12-31|count,mapped_to_master_schema,"Source figure: fig_1.8.6; source chapter: 1. Research and Development | Korea-specific AI talent, education, graduate, or skills indicator. | {""country_code"": ""KR"", ""year_month"": ""2023-12""} | Original fields: {""country"": ""South Korea"", ""country_code"": ""KR"", ""netflow"": ""-14.58333"", ""year_month"": ""2023-12""}"
obs_188c30ae00e88e,ai_index_fig_1_8_6_netflow,"Net ow of top AI authors and inventors by country, 2010–25","Talent, Public Sector, and Defense",netflow,KOR,South Korea,KOR/USA/CHN,monthly,2024,2024-01-01,2024-01-31,2024-01,-13.33333,-13.33333,count,count,-13.33333,Numeric value parsed; no unit conversion applied.,observed_metric,stanford_ai_index_2026_public_data_bundle,2026 AI Index Report public data bundle,https://hai.stanford.edu/ai-index,1. Research and Development\Data\fig_1.8.6.csv,,2026-05-03T06:51:20+00:00,medium_high,"Korea-specific AI talent, education, graduate, or skills indicator.",True,Only observation for indicator/country/period/unit.,5,ai_index_fig_1_8_6_netflow|KOR|2024-01-01|2024-01-31|count,mapped_to_master_schema,"Source figure: fig_1.8.6; source chapter: 1. Research and Development | Korea-specific AI talent, education, graduate, or skills indicator. | {""country_code"": ""KR"", ""year_month"": ""2024-01""} | Original fields: {""country"": ""South Korea"", ""country_code"": ""KR"", ""netflow"": ""-13.33333"", ""year_month"": ""2024-01""}"
obs_a96a73f966ae45,ai_index_fig_1_8_6_netflow,"Net ow of top AI authors and inventors by country, 2010–25","Talent, Public Sector, and Defense",netflow,KOR,South Korea,KOR/USA/CHN,monthly,2024,2024-02-01,2024-02-29,2024-02,-13.58334,-13.58334,count,count,-13.58334,Numeric value parsed; no unit conversion applied.,observed_metric,stanford_ai_index_2026_public_data_bundle,2026 AI Index Report public data bundle,https://hai.stanford.edu/ai-index,1. Research and Development\Data\fig_1.8.6.csv,,2026-05-03T06:51:20+00:00,medium_high,"Korea-specific AI talent, education, graduate, or skills indicator.",True,Only observation for indicator/country/period/unit.,5,ai_index_fig_1_8_6_netflow|KOR|2024-02-01|2024-02-29|count,mapped_to_master_schema,"Source figure: fig_1.8.6; source chapter: 1. Research and Development | Korea-specific AI talent, education, graduate, or skills indicator. | {""country_code"": ""KR"", ""year_month"": ""2024-02""} | Original fields: {""country"": ""South Korea"", ""country_code"": ""KR"", ""netflow"": ""-13.58334"", ""year_month"": ""2024-02""}"
obs_a02a683293f596,ai_index_fig_1_8_6_netflow,"Net ow of top AI authors and inventors by country, 2010–25","Talent, Public Sector, and Defense",netflow,KOR,South Korea,KOR/USA/CHN,monthly,2024,2024-03-01,2024-03-31,2024-03,-13.83333,-13.83333,count,count,-13.83333,Numeric value parsed; no unit conversion applied.,observed_metric,stanford_ai_index_2026_public_data_bundle,2026 AI Index Report public data bundle,https://hai.stanford.edu/ai-index,1. Research and Development\Data\fig_1.8.6.csv,,2026-05-03T06:51:20+00:00,medium_high,"Korea-specific AI talent, education, graduate, or skills indicator.",True,Only observation for indicator/country/period/unit.,5,ai_index_fig_1_8_6_netflow|KOR|2024-03-01|2024-03-31|count,mapped_to_master_schema,"Source figure: fig_1.8.6; source chapter: 1. Research and Development | Korea-specific AI talent, education, graduate, or skills indicator. | {""country_code"": ""KR"", ""year_month"": ""2024-03""} | Original fields: {""country"": ""South Korea"", ""country_code"": ""KR"", ""netflow"": ""-13.83333"", ""year_month"": ""2024-03""}"
obs_e05e3f75fe1896,ai_index_fig_1_8_6_netflow,"Net ow of top AI authors and inventors by country, 2010–25","Talent, Public Sector, and Defense",netflow,KOR,South Korea,KOR/USA/CHN,monthly,2024,2024-04-01,2024-04-30,2024-04,-13.91667,-13.91667,count,count,-13.91667,Numeric value parsed; no unit conversion applied.,observed_metric,stanford_ai_index_2026_public_data_bundle,2026 AI Index Report public data bundle,https://hai.stanford.edu/ai-index,1. Research and Development\Data\fig_1.8.6.csv,,2026-05-03T06:51:20+00:00,medium_high,"Korea-specific AI talent, education, graduate, or skills indicator.",True,Only observation for indicator/country/period/unit.,5,ai_index_fig_1_8_6_netflow|KOR|2024-04-01|2024-04-30|count,mapped_to_master_schema,"Source figure: fig_1.8.6; source chapter: 1. Research and Development | Korea-specific AI talent, education, graduate, or skills indicator. | {""country_code"": ""KR"", ""year_month"": ""2024-04""} | Original fields: {""country"": ""South Korea"", ""country_code"": ""KR"", ""netflow"": ""-13.91667"", ""year_month"": ""2024-04""}"
obs_8d760c7fc5e1f3,ai_index_fig_1_8_6_netflow,"Net ow of top AI authors and inventors by country, 2010–25","Talent, Public Sector, and Defense",netflow,KOR,South Korea,KOR/USA/CHN,monthly,2024,2024-05-01,2024-05-31,2024-05,-11.83333,-11.83333,count,count,-11.83333,Numeric value parsed; no unit conversion applied.,observed_metric,stanford_ai_index_2026_public_data_bundle,2026 AI Index Report public data bundle,https://hai.stanford.edu/ai-index,1. Research and Development\Data\fig_1.8.6.csv,,2026-05-03T06:51:20+00:00,medium_high,"Korea-specific AI talent, education, graduate, or skills indicator.",True,Only observation for indicator/country/period/unit.,5,ai_index_fig_1_8_6_netflow|KOR|2024-05-01|2024-05-31|count,mapped_to_master_schema,"Source figure: fig_1.8.6; source chapter: 1. Research and Development | Korea-specific AI talent, education, graduate, or skills indicator. | {""country_code"": ""KR"", ""year_month"": ""2024-05""} | Original fields: {""country"": ""South Korea"", ""country_code"": ""KR"", ""netflow"": ""-11.83333"", ""year_month"": ""2024-05""}"
obs_6a90403ee3ece6,ai_index_fig_1_8_6_netflow,"Net ow of top AI authors and inventors by country, 2010–25","Talent, Public Sector, and Defense",netflow,KOR,South Korea,KOR/USA/CHN,monthly,2024,2024-06-01,2024-06-30,2024-06,-10.5,-10.5,count,count,-10.5,Numeric value parsed; no unit conversion applied.,observed_metric,stanford_ai_index_2026_public_data_bundle,2026 AI Index Report public data bundle,https://hai.stanford.edu/ai-index,1. Research and Development\Data\fig_1.8.6.csv,,2026-05-03T06:51:20+00:00,medium_high,"Korea-specific AI talent, education, graduate, or skills indicator.",True,Only observation for indicator/country/period/unit.,5,ai_index_fig_1_8_6_netflow|KOR|2024-06-01|2024-06-30|count,mapped_to_master_schema,"Source figure: fig_1.8.6; source chapter: 1. Research and Development | Korea-specific AI talent, education, graduate, or skills indicator. | {""country_code"": ""KR"", ""year_month"": ""2024-06""} | Original fields: {""country"": ""South Korea"", ""country_code"": ""KR"", ""netflow"": ""-10.5"", ""year_month"": ""2024-06""}"
obs_7c5a9fea0b5205,ai_index_fig_1_8_6_netflow,"Net ow of top AI authors and inventors by country, 2010–25","Talent, Public Sector, and Defense",netflow,KOR,South Korea,KOR/USA/CHN,monthly,2024,2024-07-01,2024-07-31,2024-07,-9.83333,-9.83333,count,count,-9.83333,Numeric value parsed; no unit conversion applied.,observed_metric,stanford_ai_index_2026_public_data_bundle,2026 AI Index Report public data bundle,https://hai.stanford.edu/ai-index,1. Research and Development\Data\fig_1.8.6.csv,,2026-05-03T06:51:20+00:00,medium_high,"Korea-specific AI talent, education, graduate, or skills indicator.",True,Only observation for indicator/country/period/unit.,5,ai_index_fig_1_8_6_netflow|KOR|2024-07-01|2024-07-31|count,mapped_to_master_schema,"Source figure: fig_1.8.6; source chapter: 1. Research and Development | Korea-specific AI talent, education, graduate, or skills indicator. | {""country_code"": ""KR"", ""year_month"": ""2024-07""} | Original fields: {""country"": ""South Korea"", ""country_code"": ""KR"", ""netflow"": ""-9.83333"", ""year_month"": ""2024-07""}"
obs_513c497ddfcb61,ai_index_fig_1_8_6_netflow,"Net ow of top AI authors and inventors by country, 2010–25","Talent, Public Sector, and Defense",netflow,KOR,South Korea,KOR/USA/CHN,monthly,2024,2024-08-01,2024-08-31,2024-08,-9.16666,-9.16666,count,count,-9.16666,Numeric value parsed; no unit conversion applied.,observed_metric,stanford_ai_index_2026_public_data_bundle,2026 AI Index Report public data bundle,https://hai.stanford.edu/ai-index,1. Research and Development\Data\fig_1.8.6.csv,,2026-05-03T06:51:20+00:00,medium_high,"Korea-specific AI talent, education, graduate, or skills indicator.",True,Only observation for indicator/country/period/unit.,5,ai_index_fig_1_8_6_netflow|KOR|2024-08-01|2024-08-31|count,mapped_to_master_schema,"Source figure: fig_1.8.6; source chapter: 1. Research and Development | Korea-specific AI talent, education, graduate, or skills indicator. | {""country_code"": ""KR"", ""year_month"": ""2024-08""} | Original fields: {""country"": ""South Korea"", ""country_code"": ""KR"", ""netflow"": ""-9.16666"", ""year_month"": ""2024-08""}"
obs_296f4e95f95fa8,ai_index_fig_1_8_6_netflow,"Net ow of top AI authors and inventors by country, 2010–25","Talent, Public Sector, and Defense",netflow,KOR,South Korea,KOR/USA/CHN,monthly,2024,2024-09-01,2024-09-30,2024-09,-8.58334,-8.58334,count,count,-8.58334,Numeric value parsed; no unit conversion applied.,observed_metric,stanford_ai_index_2026_public_data_bundle,2026 AI Index Report public data bundle,https://hai.stanford.edu/ai-index,1. Research and Development\Data\fig_1.8.6.csv,,2026-05-03T06:51:20+00:00,medium_high,"Korea-specific AI talent, education, graduate, or skills indicator.",True,Only observation for indicator/country/period/unit.,5,ai_index_fig_1_8_6_netflow|KOR|2024-09-01|2024-09-30|count,mapped_to_master_schema,"Source figure: fig_1.8.6; source chapter: 1. Research and Development | Korea-specific AI talent, education, graduate, or skills indicator. | {""country_code"": ""KR"", ""year_month"": ""2024-09""} | Original fields: {""country"": ""South Korea"", ""country_code"": ""KR"", ""netflow"": ""-8.58334"", ""year_month"": ""2024-09""}"
obs_a6142a825779cf,ai_index_fig_1_8_6_netflow,"Net ow of top AI authors and inventors by country, 2010–25","Talent, Public Sector, and Defense",netflow,KOR,South Korea,KOR/USA/CHN,monthly,2024,2024-10-01,2024-10-31,2024-10,-7.58334,-7.58334,count,count,-7.58334,Numeric value parsed; no unit conversion applied.,observed_metric,stanford_ai_index_2026_public_data_bundle,2026 AI Index Report public data bundle,https://hai.stanford.edu/ai-index,1. Research and Development\Data\fig_1.8.6.csv,,2026-05-03T06:51:20+00:00,medium_high,"Korea-specific AI talent, education, graduate, or skills indicator.",True,Only observation for indicator/country/period/unit.,5,ai_index_fig_1_8_6_netflow|KOR|2024-10-01|2024-10-31|count,mapped_to_master_schema,"Source figure: fig_1.8.6; source chapter: 1. Research and Development | Korea-specific AI talent, education, graduate, or skills indicator. | {""country_code"": ""KR"", ""year_month"": ""2024-10""} | Original fields: {""country"": ""South Korea"", ""country_code"": ""KR"", ""netflow"": ""-7.58334"", ""year_month"": ""2024-10""}"
obs_34ff2d6a016a3a,ai_index_fig_1_8_6_netflow,"Net ow of top AI authors and inventors by country, 2010–25","Talent, Public Sector, and Defense",netflow,KOR,South Korea,KOR/USA/CHN,monthly,2024,2024-11-01,2024-11-30,2024-11,-7.66666,-7.66666,count,count,-7.66666,Numeric value parsed; no unit conversion applied.,observed_metric,stanford_ai_index_2026_public_data_bundle,2026 AI Index Report public data bundle,https://hai.stanford.edu/ai-index,1. Research and Development\Data\fig_1.8.6.csv,,2026-05-03T06:51:20+00:00,medium_high,"Korea-specific AI talent, education, graduate, or skills indicator.",True,Only observation for indicator/country/period/unit.,5,ai_index_fig_1_8_6_netflow|KOR|2024-11-01|2024-11-30|count,mapped_to_master_schema,"Source figure: fig_1.8.6; source chapter: 1. Research and Development | Korea-specific AI talent, education, graduate, or skills indicator. | {""country_code"": ""KR"", ""year_month"": ""2024-11""} | Original fields: {""country"": ""South Korea"", ""country_code"": ""KR"", ""netflow"": ""-7.66666"", ""year_month"": ""2024-11""}"
obs_e96947befef9b9,ai_index_fig_1_8_6_netflow,"Net ow of top AI authors and inventors by country, 2010–25","Talent, Public Sector, and Defense",netflow,KOR,South Korea,KOR/USA/CHN,monthly,2024,2024-12-01,2024-12-31,2024-12,-7.5,-7.5,count,count,-7.5,Numeric value parsed; no unit conversion applied.,observed_metric,stanford_ai_index_2026_public_data_bundle,2026 AI Index Report public data bundle,https://hai.stanford.edu/ai-index,1. Research and Development\Data\fig_1.8.6.csv,,2026-05-03T06:51:20+00:00,medium_high,"Korea-specific AI talent, education, graduate, or skills indicator.",True,Only observation for indicator/country/period/unit.,5,ai_index_fig_1_8_6_netflow|KOR|2024-12-01|2024-12-31|count,mapped_to_master_schema,"Source figure: fig_1.8.6; source chapter: 1. Research and Development | Korea-specific AI talent, education, graduate, or skills indicator. | {""country_code"": ""KR"", ""year_month"": ""2024-12""} | Original fields: {""country"": ""South Korea"", ""country_code"": ""KR"", ""netflow"": ""-7.5"", ""year_month"": ""2024-12""}"
obs_49dd4b2b959643,ai_index_fig_1_8_6_netflow,"Net ow of top AI authors and inventors by country, 2010–25","Talent, Public Sector, and Defense",netflow,KOR,South Korea,KOR/USA/CHN,monthly,2025,2025-01-01,2025-01-31,2025-01,-7,-7.0,count,count,-7.0,Numeric value parsed; no unit conversion applied.,observed_metric,stanford_ai_index_2026_public_data_bundle,2026 AI Index Report public data bundle,https://hai.stanford.edu/ai-index,1. Research and Development\Data\fig_1.8.6.csv,,2026-05-03T06:51:20+00:00,medium_high,"Korea-specific AI talent, education, graduate, or skills indicator.",True,Only observation for indicator/country/period/unit.,5,ai_index_fig_1_8_6_netflow|KOR|2025-01-01|2025-01-31|count,mapped_to_master_schema,"Source figure: fig_1.8.6; source chapter: 1. Research and Development | Korea-specific AI talent, education, graduate, or skills indicator. | {""country_code"": ""KR"", ""year_month"": ""2025-01""} | Original fields: {""country"": ""South Korea"", ""country_code"": ""KR"", ""netflow"": ""-7"", ""year_month"": ""2025-01""}"
obs_ebf93823f0845f,ai_index_fig_1_8_6_netflow,"Net ow of top AI authors and inventors by country, 2010–25","Talent, Public Sector, and Defense",netflow,KOR,South Korea,KOR/USA/CHN,monthly,2025,2025-02-01,2025-02-28,2025-02,-6.58333,-6.58333,count,count,-6.58333,Numeric value parsed; no unit conversion applied.,observed_metric,stanford_ai_index_2026_public_data_bundle,2026 AI Index Report public data bundle,https://hai.stanford.edu/ai-index,1. Research and Development\Data\fig_1.8.6.csv,,2026-05-03T06:51:20+00:00,medium_high,"Korea-specific AI talent, education, graduate, or skills indicator.",True,Only observation for indicator/country/period/unit.,5,ai_index_fig_1_8_6_netflow|KOR|2025-02-01|2025-02-28|count,mapped_to_master_schema,"Source figure: fig_1.8.6; source chapter: 1. Research and Development | Korea-specific AI talent, education, graduate, or skills indicator. | {""country_code"": ""KR"", ""year_month"": ""2025-02""} | Original fields: {""country"": ""South Korea"", ""country_code"": ""KR"", ""netflow"": ""-6.58333"", ""year_month"": ""2025-02""}"
obs_6794467bbffaa1,ai_index_fig_1_8_6_netflow,"Net ow of top AI authors and inventors by country, 2010–25","Talent, Public Sector, and Defense",netflow,KOR,South Korea,KOR/USA/CHN,monthly,2025,2025-03-01,2025-03-31,2025-03,-6.41667,-6.41667,count,count,-6.41667,Numeric value parsed; no unit conversion applied.,observed_metric,stanford_ai_index_2026_public_data_bundle,2026 AI Index Report public data bundle,https://hai.stanford.edu/ai-index,1. Research and Development\Data\fig_1.8.6.csv,,2026-05-03T06:51:20+00:00,medium_high,"Korea-specific AI talent, education, graduate, or skills indicator.",True,Only observation for indicator/country/period/unit.,5,ai_index_fig_1_8_6_netflow|KOR|2025-03-01|2025-03-31|count,mapped_to_master_schema,"Source figure: fig_1.8.6; source chapter: 1. Research and Development | Korea-specific AI talent, education, graduate, or skills indicator. | {""country_code"": ""KR"", ""year_month"": ""2025-03""} | Original fields: {""country"": ""South Korea"", ""country_code"": ""KR"", ""netflow"": ""-6.41667"", ""year_month"": ""2025-03""}"
obs_a044fb1f561d5a,ai_index_fig_1_8_6_netflow,"Net ow of top AI authors and inventors by country, 2010–25","Talent, Public Sector, and Defense",netflow,KOR,South Korea,KOR/USA/CHN,monthly,2025,2025-04-01,2025-04-30,2025-04,-5.25,-5.25,count,count,-5.25,Numeric value parsed; no unit conversion applied.,observed_metric,stanford_ai_index_2026_public_data_bundle,2026 AI Index Report public data bundle,https://hai.stanford.edu/ai-index,1. Research and Development\Data\fig_1.8.6.csv,,2026-05-03T06:51:20+00:00,medium_high,"Korea-specific AI talent, education, graduate, or skills indicator.",True,Only observation for indicator/country/period/unit.,5,ai_index_fig_1_8_6_netflow|KOR|2025-04-01|2025-04-30|count,mapped_to_master_schema,"Source figure: fig_1.8.6; source chapter: 1. Research and Development | Korea-specific AI talent, education, graduate, or skills indicator. | {""country_code"": ""KR"", ""year_month"": ""2025-04""} | Original fields: {""country"": ""South Korea"", ""country_code"": ""KR"", ""netflow"": ""-5.25"", ""year_month"": ""2025-04""}"
obs_52ece7cec42ba3,ai_index_fig_1_8_6_netflow,"Net ow of top AI authors and inventors by country, 2010–25","Talent, Public Sector, and Defense",netflow,KOR,South Korea,KOR/USA/CHN,monthly,2025,2025-05-01,2025-05-31,2025-05,-4.91667,-4.91667,count,count,-4.91667,Numeric value parsed; no unit conversion applied.,observed_metric,stanford_ai_index_2026_public_data_bundle,2026 AI Index Report public data bundle,https://hai.stanford.edu/ai-index,1. Research and Development\Data\fig_1.8.6.csv,,2026-05-03T06:51:20+00:00,medium_high,"Korea-specific AI talent, education, graduate, or skills indicator.",True,Only observation for indicator/country/period/unit.,5,ai_index_fig_1_8_6_netflow|KOR|2025-05-01|2025-05-31|count,mapped_to_master_schema,"Source figure: fig_1.8.6; source chapter: 1. Research and Development | Korea-specific AI talent, education, graduate, or skills indicator. | {""country_code"": ""KR"", ""year_month"": ""2025-05""} | Original fields: {""country"": ""South Korea"", ""country_code"": ""KR"", ""netflow"": ""-4.91667"", ""year_month"": ""2025-05""}"
obs_c88c40c3b1f7d5,ai_index_fig_1_8_6_netflow,"Net ow of top AI authors and inventors by country, 2010–25","Talent, Public Sector, and Defense",netflow,KOR,South Korea,KOR/USA/CHN,monthly,2025,2025-06-01,2025-06-30,2025-06,-4.08333,-4.08333,count,count,-4.08333,Numeric value parsed; no unit conversion applied.,observed_metric,stanford_ai_index_2026_public_data_bundle,2026 AI Index Report public data bundle,https://hai.stanford.edu/ai-index,1. Research and Development\Data\fig_1.8.6.csv,,2026-05-03T06:51:20+00:00,medium_high,"Korea-specific AI talent, education, graduate, or skills indicator.",True,Only observation for indicator/country/period/unit.,5,ai_index_fig_1_8_6_netflow|KOR|2025-06-01|2025-06-30|count,mapped_to_master_schema,"Source figure: fig_1.8.6; source chapter: 1. Research and Development | Korea-specific AI talent, education, graduate, or skills indicator. | {""country_code"": ""KR"", ""year_month"": ""2025-06""} | Original fields: {""country"": ""South Korea"", ""country_code"": ""KR"", ""netflow"": ""-4.08333"", ""year_month"": ""2025-06""}"
obs_ff0143f88397e8,ai_index_fig_1_8_6_netflow,"Net ow of top AI authors and inventors by country, 2010–25","Talent, Public Sector, and Defense",netflow,KOR,South Korea,KOR/USA/CHN,monthly,2025,2025-07-01,2025-07-31,2025-07,-3.66667,-3.66667,count,count,-3.66667,Numeric value parsed; no unit conversion applied.,observed_metric,stanford_ai_index_2026_public_data_bundle,2026 AI Index Report public data bundle,https://hai.stanford.edu/ai-index,1. Research and Development\Data\fig_1.8.6.csv,,2026-05-03T06:51:20+00:00,medium_high,"Korea-specific AI talent, education, graduate, or skills indicator.",True,Only observation for indicator/country/period/unit.,5,ai_index_fig_1_8_6_netflow|KOR|2025-07-01|2025-07-31|count,mapped_to_master_schema,"Source figure: fig_1.8.6; source chapter: 1. Research and Development | Korea-specific AI talent, education, graduate, or skills indicator. | {""country_code"": ""KR"", ""year_month"": ""2025-07""} | Original fields: {""country"": ""South Korea"", ""country_code"": ""KR"", ""netflow"": ""-3.66667"", ""year_month"": ""2025-07""}"
obs_147c46dc8198a9,ai_index_fig_1_8_6_netflow,"Net ow of top AI authors and inventors by country, 2010–25","Talent, Public Sector, and Defense",netflow,KOR,South Korea,KOR/USA/CHN,monthly,2025,2025-08-01,2025-08-31,2025-08,-2.25,-2.25,count,count,-2.25,Numeric value parsed; no unit conversion applied.,observed_metric,stanford_ai_index_2026_public_data_bundle,2026 AI Index Report public data bundle,https://hai.stanford.edu/ai-index,1. Research and Development\Data\fig_1.8.6.csv,,2026-05-03T06:51:20+00:00,medium_high,"Korea-specific AI talent, education, graduate, or skills indicator.",True,Only observation for indicator/country/period/unit.,5,ai_index_fig_1_8_6_netflow|KOR|2025-08-01|2025-08-31|count,mapped_to_master_schema,"Source figure: fig_1.8.6; source chapter: 1. Research and Development | Korea-specific AI talent, education, graduate, or skills indicator. | {""country_code"": ""KR"", ""year_month"": ""2025-08""} | Original fields: {""country"": ""South Korea"", ""country_code"": ""KR"", ""netflow"": ""-2.25"", ""year_month"": ""2025-08""}"
obs_3b46e104f3445a,ai_index_fig_1_8_6_netflow,"Net ow of top AI authors and inventors by country, 2010–25","Talent, Public Sector, and Defense",netflow,KOR,South Korea,KOR/USA/CHN,monthly,2025,2025-09-01,2025-09-30,2025-09,-1.75,-1.75,count,count,-1.75,Numeric value parsed; no unit conversion applied.,observed_metric,stanford_ai_index_2026_public_data_bundle,2026 AI Index Report public data bundle,https://hai.stanford.edu/ai-index,1. Research and Development\Data\fig_1.8.6.csv,,2026-05-03T06:51:20+00:00,medium_high,"Korea-specific AI talent, education, graduate, or skills indicator.",True,Only observation for indicator/country/period/unit.,5,ai_index_fig_1_8_6_netflow|KOR|2025-09-01|2025-09-30|count,mapped_to_master_schema,"Source figure: fig_1.8.6; source chapter: 1. Research and Development | Korea-specific AI talent, education, graduate, or skills indicator. | {""country_code"": ""KR"", ""year_month"": ""2025-09""} | Original fields: {""country"": ""South Korea"", ""country_code"": ""KR"", ""netflow"": ""-1.75"", ""year_month"": ""2025-09""}"
obs_dda713906fb752,ai_index_fig_4_4_16_relative_ai_hiring_index,"AI vs. overall hiring rate growth by geographic area, 2018–25",Adoption and Industry,relative_ai_hiring_index,KOR,South Korea,KOR/USA/CHN,event,2018,2018-01-01,2018-01-01,2018-01-01,0.05633,0.05633,index,index,0.05633,Numeric value parsed; no unit conversion applied.,observed_metric,stanford_ai_index_2026_public_data_bundle,2026 AI Index Report public data bundle,https://hai.stanford.edu/ai-index,4. Economy\Data\fig_4.4.16.csv,,2026-05-03T06:51:20+00:00,medium_high,"Korea-specific AI diffusion, labor market, or robotics deployment indicator.",True,Only observation for indicator/country/period/unit.,5,ai_index_fig_4_4_16_relative_ai_hiring_index|KOR|2018-01-01|2018-01-01|index,mapped_to_master_schema,"Source figure: fig_4.4.16; source chapter: 4. Economy | Korea-specific AI diffusion, labor market, or robotics deployment indicator. | {""date"": ""1/1/18""} | Original fields: {""country"": ""South Korea"", ""date"": ""1/1/18"", ""relative_ai_hiring_index"": ""0.05633""}"
obs_7c5c748bc7c929,ai_index_fig_4_4_16_relative_ai_hiring_index,"AI vs. overall hiring rate growth by geographic area, 2018–25",Adoption and Industry,relative_ai_hiring_index,KOR,South Korea,KOR/USA/CHN,event,2018,2018-02-01,2018-02-01,2018-02-01,-0.03708,-0.03708,index,index,-0.03708,Numeric value parsed; no unit conversion applied.,observed_metric,stanford_ai_index_2026_public_data_bundle,2026 AI Index Report public data bundle,https://hai.stanford.edu/ai-index,4. Economy\Data\fig_4.4.16.csv,,2026-05-03T06:51:20+00:00,medium_high,"Korea-specific AI diffusion, labor market, or robotics deployment indicator.",True,Only observation for indicator/country/period/unit.,5,ai_index_fig_4_4_16_relative_ai_hiring_index|KOR|2018-02-01|2018-02-01|index,mapped_to_master_schema,"Source figure: fig_4.4.16; source chapter: 4. Economy | Korea-specific AI diffusion, labor market, or robotics deployment indicator. | {""date"": ""2/1/18""} | Original fields: {""country"": ""South Korea"", ""date"": ""2/1/18"", ""relative_ai_hiring_index"": ""-0.03708""}"
obs_2b3c73f24fc014,ai_index_fig_4_4_16_relative_ai_hiring_index,"AI vs. overall hiring rate growth by geographic area, 2018–25",Adoption and Industry,relative_ai_hiring_index,KOR,South Korea,KOR/USA/CHN,event,2018,2018-03-01,2018-03-01,2018-03-01,0.261,0.261,index,index,0.261,Numeric value parsed; no unit conversion applied.,observed_metric,stanford_ai_index_2026_public_data_bundle,2026 AI Index Report public data bundle,https://hai.stanford.edu/ai-index,4. Economy\Data\fig_4.4.16.csv,,2026-05-03T06:51:20+00:00,medium_high,"Korea-specific AI diffusion, labor market, or robotics deployment indicator.",True,Only observation for indicator/country/period/unit.,5,ai_index_fig_4_4_16_relative_ai_hiring_index|KOR|2018-03-01|2018-03-01|index,mapped_to_master_schema,"Source figure: fig_4.4.16; source chapter: 4. Economy | Korea-specific AI diffusion, labor market, or robotics deployment indicator. | {""date"": ""3/1/18""} | Original fields: {""country"": ""South Korea"", ""date"": ""3/1/18"", ""relative_ai_hiring_index"": ""0.261""}"
obs_b836a133b58c0b,ai_index_fig_4_4_16_relative_ai_hiring_index,"AI vs. overall hiring rate growth by geographic area, 2018–25",Adoption and Industry,relative_ai_hiring_index,KOR,South Korea,KOR/USA/CHN,event,2018,2018-04-01,2018-04-01,2018-04-01,0.07308,0.07308,index,index,0.07308,Numeric value parsed; no unit conversion applied.,observed_metric,stanford_ai_index_2026_public_data_bundle,2026 AI Index Report public data bundle,https://hai.stanford.edu/ai-index,4. Economy\Data\fig_4.4.16.csv,,2026-05-03T06:51:20+00:00,medium_high,"Korea-specific AI diffusion, labor market, or robotics deployment indicator.",True,Only observation for indicator/country/period/unit.,5,ai_index_fig_4_4_16_relative_ai_hiring_index|KOR|2018-04-01|2018-04-01|index,mapped_to_master_schema,"Source figure: fig_4.4.16; source chapter: 4. Economy | Korea-specific AI diffusion, labor market, or robotics deployment indicator. | {""date"": ""4/1/18""} | Original fields: {""country"": ""South Korea"", ""date"": ""4/1/18"", ""relative_ai_hiring_index"": ""0.07308""}"
obs_0c180cfc187e58,ai_index_fig_4_4_16_relative_ai_hiring_index,"AI vs. overall hiring rate growth by geographic area, 2018–25",Adoption and Industry,relative_ai_hiring_index,KOR,South Korea,KOR/USA/CHN,event,2018,2018-05-01,2018-05-01,2018-05-01,0.18151,0.18151,index,index,0.18151,Numeric value parsed; no unit conversion applied.,observed_metric,stanford_ai_index_2026_public_data_bundle,2026 AI Index Report public data bundle,https://hai.stanford.edu/ai-index,4. Economy\Data\fig_4.4.16.csv,,2026-05-03T06:51:20+00:00,medium_high,"Korea-specific AI diffusion, labor market, or robotics deployment indicator.",True,Only observation for indicator/country/period/unit.,5,ai_index_fig_4_4_16_relative_ai_hiring_index|KOR|2018-05-01|2018-05-01|index,mapped_to_master_schema,"Source figure: fig_4.4.16; source chapter: 4. Economy | Korea-specific AI diffusion, labor market, or robotics deployment indicator. | {""date"": ""5/1/18""} | Original fields: {""country"": ""South Korea"", ""date"": ""5/1/18"", ""relative_ai_hiring_index"": ""0.18151""}"
obs_b5210f91438190,ai_index_fig_4_4_16_relative_ai_hiring_index,"AI vs. overall hiring rate growth by geographic area, 2018–25",Adoption and Industry,relative_ai_hiring_index,KOR,South Korea,KOR/USA/CHN,event,2018,2018-06-01,2018-06-01,2018-06-01,-0.00847,-0.00847,index,index,-0.00847,Numeric value parsed; no unit conversion applied.,observed_metric,stanford_ai_index_2026_public_data_bundle,2026 AI Index Report public data bundle,https://hai.stanford.edu/ai-index,4. Economy\Data\fig_4.4.16.csv,,2026-05-03T06:51:20+00:00,medium_high,"Korea-specific AI diffusion, labor market, or robotics deployment indicator.",True,Only observation for indicator/country/period/unit.,5,ai_index_fig_4_4_16_relative_ai_hiring_index|KOR|2018-06-01|2018-06-01|index,mapped_to_master_schema,"Source figure: fig_4.4.16; source chapter: 4. Economy | Korea-specific AI diffusion, labor market, or robotics deployment indicator. | {""date"": ""6/1/18""} | Original fields: {""country"": ""South Korea"", ""date"": ""6/1/18"", ""relative_ai_hiring_index"": ""-0.00847""}"
obs_6e97bb352b3c9f,ai_index_fig_4_4_16_relative_ai_hiring_index,"AI vs. overall hiring rate growth by geographic area, 2018–25",Adoption and Industry,relative_ai_hiring_index,KOR,South Korea,KOR/USA/CHN,event,2018,2018-07-01,2018-07-01,2018-07-01,0.25484,0.25484,index,index,0.25484,Numeric value parsed; no unit conversion applied.,observed_metric,stanford_ai_index_2026_public_data_bundle,2026 AI Index Report public data bundle,https://hai.stanford.edu/ai-index,4. Economy\Data\fig_4.4.16.csv,,2026-05-03T06:51:20+00:00,medium_high,"Korea-specific AI diffusion, labor market, or robotics deployment indicator.",True,Only observation for indicator/country/period/unit.,5,ai_index_fig_4_4_16_relative_ai_hiring_index|KOR|2018-07-01|2018-07-01|index,mapped_to_master_schema,"Source figure: fig_4.4.16; source chapter: 4. Economy | Korea-specific AI diffusion, labor market, or robotics deployment indicator. | {""date"": ""7/1/18""} | Original fields: {""country"": ""South Korea"", ""date"": ""7/1/18"", ""relative_ai_hiring_index"": ""0.25484""}"
obs_bbd6dcf24a543a,ai_index_fig_4_4_16_relative_ai_hiring_index,"AI vs. overall hiring rate growth by geographic area, 2018–25",Adoption and Industry,relative_ai_hiring_index,KOR,South Korea,KOR/USA/CHN,event,2018,2018-08-01,2018-08-01,2018-08-01,0.11722,0.11722,index,index,0.11722,Numeric value parsed; no unit conversion applied.,observed_metric,stanford_ai_index_2026_public_data_bundle,2026 AI Index Report public data bundle,https://hai.stanford.edu/ai-index,4. Economy\Data\fig_4.4.16.csv,,2026-05-03T06:51:20+00:00,medium_high,"Korea-specific AI diffusion, labor market, or robotics deployment indicator.",True,Only observation for indicator/country/period/unit.,5,ai_index_fig_4_4_16_relative_ai_hiring_index|KOR|2018-08-01|2018-08-01|index,mapped_to_master_schema,"Source figure: fig_4.4.16; source chapter: 4. Economy | Korea-specific AI diffusion, labor market, or robotics deployment indicator. | {""date"": ""8/1/18""} | Original fields: {""country"": ""South Korea"", ""date"": ""8/1/18"", ""relative_ai_hiring_index"": ""0.11722""}"
obs_76e128f35e8dd8,ai_index_fig_4_4_16_relative_ai_hiring_index,"AI vs. overall hiring rate growth by geographic area, 2018–25",Adoption and Industry,relative_ai_hiring_index,KOR,South Korea,KOR/USA/CHN,event,2018,2018-09-01,2018-09-01,2018-09-01,0.12471,0.12471,index,index,0.12471,Numeric value parsed; no unit conversion applied.,observed_metric,stanford_ai_index_2026_public_data_bundle,2026 AI Index Report public data bundle,https://hai.stanford.edu/ai-index,4. Economy\Data\fig_4.4.16.csv,,2026-05-03T06:51:20+00:00,medium_high,"Korea-specific AI diffusion, labor market, or robotics deployment indicator.",True,Only observation for indicator/country/period/unit.,5,ai_index_fig_4_4_16_relative_ai_hiring_index|KOR|2018-09-01|2018-09-01|index,mapped_to_master_schema,"Source figure: fig_4.4.16; source chapter: 4. Economy | Korea-specific AI diffusion, labor market, or robotics deployment indicator. | {""date"": ""9/1/18""} | Original fields: {""country"": ""South Korea"", ""date"": ""9/1/18"", ""relative_ai_hiring_index"": ""0.12471""}"
obs_a812c9d059d5e1,ai_index_fig_4_4_16_relative_ai_hiring_index,"AI vs. overall hiring rate growth by geographic area, 2018–25",Adoption and Industry,relative_ai_hiring_index,KOR,South Korea,KOR/USA/CHN,event,2018,2018-10-01,2018-10-01,2018-10-01,-0.04188,-0.04188,index,index,-0.04188,Numeric value parsed; no unit conversion applied.,observed_metric,stanford_ai_index_2026_public_data_bundle,2026 AI Index Report public data bundle,https://hai.stanford.edu/ai-index,4. Economy\Data\fig_4.4.16.csv,,2026-05-03T06:51:20+00:00,medium_high,"Korea-specific AI diffusion, labor market, or robotics deployment indicator.",True,Only observation for indicator/country/period/unit.,5,ai_index_fig_4_4_16_relative_ai_hiring_index|KOR|2018-10-01|2018-10-01|index,mapped_to_master_schema,"Source figure: fig_4.4.16; source chapter: 4. Economy | Korea-specific AI diffusion, labor market, or robotics deployment indicator. | {""date"": ""10/1/18""} | Original fields: {""country"": ""South Korea"", ""date"": ""10/1/18"", ""relative_ai_hiring_index"": ""-0.04188""}"
obs_2af05e7c7e2e39,ai_index_fig_4_4_16_relative_ai_hiring_index,"AI vs. overall hiring rate growth by geographic area, 2018–25",Adoption and Industry,relative_ai_hiring_index,KOR,South Korea,KOR/USA/CHN,event,2018,2018-11-01,2018-11-01,2018-11-01,0.04209,0.04209,index,index,0.04209,Numeric value parsed; no unit conversion applied.,observed_metric,stanford_ai_index_2026_public_data_bundle,2026 AI Index Report public data bundle,https://hai.stanford.edu/ai-index,4. Economy\Data\fig_4.4.16.csv,,2026-05-03T06:51:20+00:00,medium_high,"Korea-specific AI diffusion, labor market, or robotics deployment indicator.",True,Only observation for indicator/country/period/unit.,5,ai_index_fig_4_4_16_relative_ai_hiring_index|KOR|2018-11-01|2018-11-01|index,mapped_to_master_schema,"Source figure: fig_4.4.16; source chapter: 4. Economy | Korea-specific AI diffusion, labor market, or robotics deployment indicator. | {""date"": ""11/1/18""} | Original fields: {""country"": ""South Korea"", ""date"": ""11/1/18"", ""relative_ai_hiring_index"": ""0.04209""}"
obs_4354a4d645f069,ai_index_fig_4_4_16_relative_ai_hiring_index,"AI vs. overall hiring rate growth by geographic area, 2018–25",Adoption and Industry,relative_ai_hiring_index,KOR,South Korea,KOR/USA/CHN,event,2018,2018-12-01,2018-12-01,2018-12-01,0.09323,0.09323,index,index,0.09323,Numeric value parsed; no unit conversion applied.,observed_metric,stanford_ai_index_2026_public_data_bundle,2026 AI Index Report public data bundle,https://hai.stanford.edu/ai-index,4. Economy\Data\fig_4.4.16.csv,,2026-05-03T06:51:20+00:00,medium_high,"Korea-specific AI diffusion, labor market, or robotics deployment indicator.",True,Only observation for indicator/country/period/unit.,5,ai_index_fig_4_4_16_relative_ai_hiring_index|KOR|2018-12-01|2018-12-01|index,mapped_to_master_schema,"Source figure: fig_4.4.16; source chapter: 4. Economy | Korea-specific AI diffusion, labor market, or robotics deployment indicator. | {""date"": ""12/1/18""} | Original fields: {""country"": ""South Korea"", ""date"": ""12/1/18"", ""relative_ai_hiring_index"": ""0.09323""}"
obs_b655c244ab476b,ai_index_fig_4_4_16_relative_ai_hiring_index,"AI vs. overall hiring rate growth by geographic area, 2018–25",Adoption and Industry,relative_ai_hiring_index,KOR,South Korea,KOR/USA/CHN,event,2019,2019-01-01,2019-01-01,2019-01-01,0.25933,0.25933,index,index,0.25933,Numeric value parsed; no unit conversion applied.,observed_metric,stanford_ai_index_2026_public_data_bundle,2026 AI Index Report public data bundle,https://hai.stanford.edu/ai-index,4. Economy\Data\fig_4.4.16.csv,,2026-05-03T06:51:20+00:00,medium_high,"Korea-specific AI diffusion, labor market, or robotics deployment indicator.",True,Only observation for indicator/country/period/unit.,5,ai_index_fig_4_4_16_relative_ai_hiring_index|KOR|2019-01-01|2019-01-01|index,mapped_to_master_schema,"Source figure: fig_4.4.16; source chapter: 4. Economy | Korea-specific AI diffusion, labor market, or robotics deployment indicator. | {""date"": ""1/1/19""} | Original fields: {""country"": ""South Korea"", ""date"": ""1/1/19"", ""relative_ai_hiring_index"": ""0.25933""}"
obs_9254054a212165,ai_index_fig_4_4_16_relative_ai_hiring_index,"AI vs. overall hiring rate growth by geographic area, 2018–25",Adoption and Industry,relative_ai_hiring_index,KOR,South Korea,KOR/USA/CHN,event,2019,2019-02-01,2019-02-01,2019-02-01,0.34541,0.34541,index,index,0.34541,Numeric value parsed; no unit conversion applied.,observed_metric,stanford_ai_index_2026_public_data_bundle,2026 AI Index Report public data bundle,https://hai.stanford.edu/ai-index,4. Economy\Data\fig_4.4.16.csv,,2026-05-03T06:51:20+00:00,medium_high,"Korea-specific AI diffusion, labor market, or robotics deployment indicator.",True,Only observation for indicator/country/period/unit.,5,ai_index_fig_4_4_16_relative_ai_hiring_index|KOR|2019-02-01|2019-02-01|index,mapped_to_master_schema,"Source figure: fig_4.4.16; source chapter: 4. Economy | Korea-specific AI diffusion, labor market, or robotics deployment indicator. | {""date"": ""2/1/19""} | Original fields: {""country"": ""South Korea"", ""date"": ""2/1/19"", ""relative_ai_hiring_index"": ""0.34541""}"
obs_2b7c6c357ec489,ai_index_fig_4_4_16_relative_ai_hiring_index,"AI vs. overall hiring rate growth by geographic area, 2018–25",Adoption and Industry,relative_ai_hiring_index,KOR,South Korea,KOR/USA/CHN,event,2019,2019-03-01,2019-03-01,2019-03-01,0.19463,0.19463,index,index,0.19463,Numeric value parsed; no unit conversion applied.,observed_metric,stanford_ai_index_2026_public_data_bundle,2026 AI Index Report public data bundle,https://hai.stanford.edu/ai-index,4. Economy\Data\fig_4.4.16.csv,,2026-05-03T06:51:20+00:00,medium_high,"Korea-specific AI diffusion, labor market, or robotics deployment indicator.",True,Only observation for indicator/country/period/unit.,5,ai_index_fig_4_4_16_relative_ai_hiring_index|KOR|2019-03-01|2019-03-01|index,mapped_to_master_schema,"Source figure: fig_4.4.16; source chapter: 4. Economy | Korea-specific AI diffusion, labor market, or robotics deployment indicator. | {""date"": ""3/1/19""} | Original fields: {""country"": ""South Korea"", ""date"": ""3/1/19"", ""relative_ai_hiring_index"": ""0.19463""}"
obs_a191ae7e78385d,ai_index_fig_4_4_16_relative_ai_hiring_index,"AI vs. overall hiring rate growth by geographic area, 2018–25",Adoption and Industry,relative_ai_hiring_index,KOR,South Korea,KOR/USA/CHN,event,2019,2019-04-01,2019-04-01,2019-04-01,0.18461,0.18461,index,index,0.18461,Numeric value parsed; no unit conversion applied.,observed_metric,stanford_ai_index_2026_public_data_bundle,2026 AI Index Report public data bundle,https://hai.stanford.edu/ai-index,4. Economy\Data\fig_4.4.16.csv,,2026-05-03T06:51:20+00:00,medium_high,"Korea-specific AI diffusion, labor market, or robotics deployment indicator.",True,Only observation for indicator/country/period/unit.,5,ai_index_fig_4_4_16_relative_ai_hiring_index|KOR|2019-04-01|2019-04-01|index,mapped_to_master_schema,"Source figure: fig_4.4.16; source chapter: 4. Economy | Korea-specific AI diffusion, labor market, or robotics deployment indicator. | {""date"": ""4/1/19""} | Original fields: {""country"": ""South Korea"", ""date"": ""4/1/19"", ""relative_ai_hiring_index"": ""0.18461""}"
obs_0e857972ff64fd,ai_index_fig_4_4_16_relative_ai_hiring_index,"AI vs. overall hiring rate growth by geographic area, 2018–25",Adoption and Industry,relative_ai_hiring_index,KOR,South Korea,KOR/USA/CHN,event,2019,2019-05-01,2019-05-01,2019-05-01,0.04191,0.04191,index,index,0.04191,Numeric value parsed; no unit conversion applied.,observed_metric,stanford_ai_index_2026_public_data_bundle,2026 AI Index Report public data bundle,https://hai.stanford.edu/ai-index,4. Economy\Data\fig_4.4.16.csv,,2026-05-03T06:51:20+00:00,medium_high,"Korea-specific AI diffusion, labor market, or robotics deployment indicator.",True,Only observation for indicator/country/period/unit.,5,ai_index_fig_4_4_16_relative_ai_hiring_index|KOR|2019-05-01|2019-05-01|index,mapped_to_master_schema,"Source figure: fig_4.4.16; source chapter: 4. Economy | Korea-specific AI diffusion, labor market, or robotics deployment indicator. | {""date"": ""5/1/19""} | Original fields: {""country"": ""South Korea"", ""date"": ""5/1/19"", ""relative_ai_hiring_index"": ""0.04191""}"
obs_9acee8e7a163f5,ai_index_fig_4_4_16_relative_ai_hiring_index,"AI vs. overall hiring rate growth by geographic area, 2018–25",Adoption and Industry,relative_ai_hiring_index,KOR,South Korea,KOR/USA/CHN,event,2019,2019-06-01,2019-06-01,2019-06-01,0.15439,0.15439,index,index,0.15439,Numeric value parsed; no unit conversion applied.,observed_metric,stanford_ai_index_2026_public_data_bundle,2026 AI Index Report public data bundle,https://hai.stanford.edu/ai-index,4. Economy\Data\fig_4.4.16.csv,,2026-05-03T06:51:20+00:00,medium_high,"Korea-specific AI diffusion, labor market, or robotics deployment indicator.",True,Only observation for indicator/country/period/unit.,5,ai_index_fig_4_4_16_relative_ai_hiring_index|KOR|2019-06-01|2019-06-01|index,mapped_to_master_schema,"Source figure: fig_4.4.16; source chapter: 4. Economy | Korea-specific AI diffusion, labor market, or robotics deployment indicator. | {""date"": ""6/1/19""} | Original fields: {""country"": ""South Korea"", ""date"": ""6/1/19"", ""relative_ai_hiring_index"": ""0.15439""}"
obs_218e4d2cd9c21d,ai_index_fig_4_4_16_relative_ai_hiring_index,"AI vs. overall hiring rate growth by geographic area, 2018–25",Adoption and Industry,relative_ai_hiring_index,KOR,South Korea,KOR/USA/CHN,event,2019,2019-07-01,2019-07-01,2019-07-01,-0.00522,-0.00522,index,index,-0.00522,Numeric value parsed; no unit conversion applied.,observed_metric,stanford_ai_index_2026_public_data_bundle,2026 AI Index Report public data bundle,https://hai.stanford.edu/ai-index,4. Economy\Data\fig_4.4.16.csv,,2026-05-03T06:51:20+00:00,medium_high,"Korea-specific AI diffusion, labor market, or robotics deployment indicator.",True,Only observation for indicator/country/period/unit.,5,ai_index_fig_4_4_16_relative_ai_hiring_index|KOR|2019-07-01|2019-07-01|index,mapped_to_master_schema,"Source figure: fig_4.4.16; source chapter: 4. Economy | Korea-specific AI diffusion, labor market, or robotics deployment indicator. | {""date"": ""7/1/19""} | Original fields: {""country"": ""South Korea"", ""date"": ""7/1/19"", ""relative_ai_hiring_index"": ""-0.00522""}"
obs_26bf9fa403e1f0,ai_index_fig_4_4_16_relative_ai_hiring_index,"AI vs. overall hiring rate growth by geographic area, 2018–25",Adoption and Industry,relative_ai_hiring_index,KOR,South Korea,KOR/USA/CHN,event,2019,2019-08-01,2019-08-01,2019-08-01,0.0146,0.0146,index,index,0.0146,Numeric value parsed; no unit conversion applied.,observed_metric,stanford_ai_index_2026_public_data_bundle,2026 AI Index Report public data bundle,https://hai.stanford.edu/ai-index,4. Economy\Data\fig_4.4.16.csv,,2026-05-03T06:51:20+00:00,medium_high,"Korea-specific AI diffusion, labor market, or robotics deployment indicator.",True,Only observation for indicator/country/period/unit.,5,ai_index_fig_4_4_16_relative_ai_hiring_index|KOR|2019-08-01|2019-08-01|index,mapped_to_master_schema,"Source figure: fig_4.4.16; source chapter: 4. Economy | Korea-specific AI diffusion, labor market, or robotics deployment indicator. | {""date"": ""8/1/19""} | Original fields: {""country"": ""South Korea"", ""date"": ""8/1/19"", ""relative_ai_hiring_index"": ""0.0146""}"
obs_7debebbedb4880,ai_index_fig_4_4_16_relative_ai_hiring_index,"AI vs. overall hiring rate growth by geographic area, 2018–25",Adoption and Industry,relative_ai_hiring_index,KOR,South Korea,KOR/USA/CHN,event,2019,2019-09-01,2019-09-01,2019-09-01,-0.00261,-0.00261,index,index,-0.00261,Numeric value parsed; no unit conversion applied.,observed_metric,stanford_ai_index_2026_public_data_bundle,2026 AI Index Report public data bundle,https://hai.stanford.edu/ai-index,4. Economy\Data\fig_4.4.16.csv,,2026-05-03T06:51:20+00:00,medium_high,"Korea-specific AI diffusion, labor market, or robotics deployment indicator.",True,Only observation for indicator/country/period/unit.,5,ai_index_fig_4_4_16_relative_ai_hiring_index|KOR|2019-09-01|2019-09-01|index,mapped_to_master_schema,"Source figure: fig_4.4.16; source chapter: 4. Economy | Korea-specific AI diffusion, labor market, or robotics deployment indicator. | {""date"": ""9/1/19""} | Original fields: {""country"": ""South Korea"", ""date"": ""9/1/19"", ""relative_ai_hiring_index"": ""-0.00261""}"
obs_80eeba86ce7f2d,ai_index_fig_4_4_16_relative_ai_hiring_index,"AI vs. overall hiring rate growth by geographic area, 2018–25",Adoption and Industry,relative_ai_hiring_index,KOR,South Korea,KOR/USA/CHN,event,2019,2019-10-01,2019-10-01,2019-10-01,0.09071,0.09071,index,index,0.09071,Numeric value parsed; no unit conversion applied.,observed_metric,stanford_ai_index_2026_public_data_bundle,2026 AI Index Report public data bundle,https://hai.stanford.edu/ai-index,4. Economy\Data\fig_4.4.16.csv,,2026-05-03T06:51:20+00:00,medium_high,"Korea-specific AI diffusion, labor market, or robotics deployment indicator.",True,Only observation for indicator/country/period/unit.,5,ai_index_fig_4_4_16_relative_ai_hiring_index|KOR|2019-10-01|2019-10-01|index,mapped_to_master_schema,"Source figure: fig_4.4.16; source chapter: 4. Economy | Korea-specific AI diffusion, labor market, or robotics deployment indicator. | {""date"": ""10/1/19""} | Original fields: {""country"": ""South Korea"", ""date"": ""10/1/19"", ""relative_ai_hiring_index"": ""0.09071""}"
obs_0b2a51e67c5dc5,ai_index_fig_4_4_16_relative_ai_hiring_index,"AI vs. overall hiring rate growth by geographic area, 2018–25",Adoption and Industry,relative_ai_hiring_index,KOR,South Korea,KOR/USA/CHN,event,2019,2019-11-01,2019-11-01,2019-11-01,0.0463,0.0463,index,index,0.0463,Numeric value parsed; no unit conversion applied.,observed_metric,stanford_ai_index_2026_public_data_bundle,2026 AI Index Report public data bundle,https://hai.stanford.edu/ai-index,4. Economy\Data\fig_4.4.16.csv,,2026-05-03T06:51:20+00:00,medium_high,"Korea-specific AI diffusion, labor market, or robotics deployment indicator.",True,Only observation for indicator/country/period/unit.,5,ai_index_fig_4_4_16_relative_ai_hiring_index|KOR|2019-11-01|2019-11-01|index,mapped_to_master_schema,"Source figure: fig_4.4.16; source chapter: 4. Economy | Korea-specific AI diffusion, labor market, or robotics deployment indicator. | {""date"": ""11/1/19""} | Original fields: {""country"": ""South Korea"", ""date"": ""11/1/19"", ""relative_ai_hiring_index"": ""0.0463""}"
obs_08e8b9f0da9fcb,ai_index_fig_4_4_16_relative_ai_hiring_index,"AI vs. overall hiring rate growth by geographic area, 2018–25",Adoption and Industry,relative_ai_hiring_index,KOR,South Korea,KOR/USA/CHN,event,2019,2019-12-01,2019-12-01,2019-12-01,0.00113,0.00113,index,index,0.00113,Numeric value parsed; no unit conversion applied.,observed_metric,stanford_ai_index_2026_public_data_bundle,2026 AI Index Report public data bundle,https://hai.stanford.edu/ai-index,4. Economy\Data\fig_4.4.16.csv,,2026-05-03T06:51:20+00:00,medium_high,"Korea-specific AI diffusion, labor market, or robotics deployment indicator.",True,Only observation for indicator/country/period/unit.,5,ai_index_fig_4_4_16_relative_ai_hiring_index|KOR|2019-12-01|2019-12-01|index,mapped_to_master_schema,"Source figure: fig_4.4.16; source chapter: 4. Economy | Korea-specific AI diffusion, labor market, or robotics deployment indicator. | {""date"": ""12/1/19""} | Original fields: {""country"": ""South Korea"", ""date"": ""12/1/19"", ""relative_ai_hiring_index"": ""0.00113""}"
obs_996c6ea67b2359,ai_index_fig_4_4_16_relative_ai_hiring_index,"AI vs. overall hiring rate growth by geographic area, 2018–25",Adoption and Industry,relative_ai_hiring_index,KOR,South Korea,KOR/USA/CHN,event,2020,2020-01-01,2020-01-01,2020-01-01,-0.12483,-0.12483,index,index,-0.12483,Numeric value parsed; no unit conversion applied.,observed_metric,stanford_ai_index_2026_public_data_bundle,2026 AI Index Report public data bundle,https://hai.stanford.edu/ai-index,4. Economy\Data\fig_4.4.16.csv,,2026-05-03T06:51:20+00:00,medium_high,"Korea-specific AI diffusion, labor market, or robotics deployment indicator.",True,Only observation for indicator/country/period/unit.,5,ai_index_fig_4_4_16_relative_ai_hiring_index|KOR|2020-01-01|2020-01-01|index,mapped_to_master_schema,"Source figure: fig_4.4.16; source chapter: 4. Economy | Korea-specific AI diffusion, labor market, or robotics deployment indicator. | {""date"": ""1/1/20""} | Original fields: {""country"": ""South Korea"", ""date"": ""1/1/20"", ""relative_ai_hiring_index"": ""-0.12483""}"
obs_c58d0df041b9f3,ai_index_fig_4_4_16_relative_ai_hiring_index,"AI vs. overall hiring rate growth by geographic area, 2018–25",Adoption and Industry,relative_ai_hiring_index,KOR,South Korea,KOR/USA/CHN,event,2020,2020-02-01,2020-02-01,2020-02-01,-0.09067,-0.09067,index,index,-0.09067,Numeric value parsed; no unit conversion applied.,observed_metric,stanford_ai_index_2026_public_data_bundle,2026 AI Index Report public data bundle,https://hai.stanford.edu/ai-index,4. Economy\Data\fig_4.4.16.csv,,2026-05-03T06:51:20+00:00,medium_high,"Korea-specific AI diffusion, labor market, or robotics deployment indicator.",True,Only observation for indicator/country/period/unit.,5,ai_index_fig_4_4_16_relative_ai_hiring_index|KOR|2020-02-01|2020-02-01|index,mapped_to_master_schema,"Source figure: fig_4.4.16; source chapter: 4. Economy | Korea-specific AI diffusion, labor market, or robotics deployment indicator. | {""date"": ""2/1/20""} | Original fields: {""country"": ""South Korea"", ""date"": ""2/1/20"", ""relative_ai_hiring_index"": ""-0.09067""}"
obs_b3bd2527c1f030,ai_index_fig_4_4_16_relative_ai_hiring_index,"AI vs. overall hiring rate growth by geographic area, 2018–25",Adoption and Industry,relative_ai_hiring_index,KOR,South Korea,KOR/USA/CHN,event,2020,2020-03-01,2020-03-01,2020-03-01,-0.07567,-0.07567,index,index,-0.07567,Numeric value parsed; no unit conversion applied.,observed_metric,stanford_ai_index_2026_public_data_bundle,2026 AI Index Report public data bundle,https://hai.stanford.edu/ai-index,4. Economy\Data\fig_4.4.16.csv,,2026-05-03T06:51:20+00:00,medium_high,"Korea-specific AI diffusion, labor market, or robotics deployment indicator.",True,Only observation for indicator/country/period/unit.,5,ai_index_fig_4_4_16_relative_ai_hiring_index|KOR|2020-03-01|2020-03-01|index,mapped_to_master_schema,"Source figure: fig_4.4.16; source chapter: 4. Economy | Korea-specific AI diffusion, labor market, or robotics deployment indicator. | {""date"": ""3/1/20""} | Original fields: {""country"": ""South Korea"", ""date"": ""3/1/20"", ""relative_ai_hiring_index"": ""-0.07567""}"
obs_6560a4b63c4f7c,ai_index_fig_4_4_16_relative_ai_hiring_index,"AI vs. overall hiring rate growth by geographic area, 2018–25",Adoption and Industry,relative_ai_hiring_index,KOR,South Korea,KOR/USA/CHN,event,2020,2020-04-01,2020-04-01,2020-04-01,0.03777,0.03777,index,index,0.03777,Numeric value parsed; no unit conversion applied.,observed_metric,stanford_ai_index_2026_public_data_bundle,2026 AI Index Report public data bundle,https://hai.stanford.edu/ai-index,4. Economy\Data\fig_4.4.16.csv,,2026-05-03T06:51:20+00:00,medium_high,"Korea-specific AI diffusion, labor market, or robotics deployment indicator.",True,Only observation for indicator/country/period/unit.,5,ai_index_fig_4_4_16_relative_ai_hiring_index|KOR|2020-04-01|2020-04-01|index,mapped_to_master_schema,"Source figure: fig_4.4.16; source chapter: 4. Economy | Korea-specific AI diffusion, labor market, or robotics deployment indicator. | {""date"": ""4/1/20""} | Original fields: {""country"": ""South Korea"", ""date"": ""4/1/20"", ""relative_ai_hiring_index"": ""0.03777""}"
obs_32f2341907715c,ai_index_fig_4_4_16_relative_ai_hiring_index,"AI vs. overall hiring rate growth by geographic area, 2018–25",Adoption and Industry,relative_ai_hiring_index,KOR,South Korea,KOR/USA/CHN,event,2020,2020-05-01,2020-05-01,2020-05-01,0.03972,0.03972,index,index,0.03972,Numeric value parsed; no unit conversion applied.,observed_metric,stanford_ai_index_2026_public_data_bundle,2026 AI Index Report public data bundle,https://hai.stanford.edu/ai-index,4. Economy\Data\fig_4.4.16.csv,,2026-05-03T06:51:20+00:00,medium_high,"Korea-specific AI diffusion, labor market, or robotics deployment indicator.",True,Only observation for indicator/country/period/unit.,5,ai_index_fig_4_4_16_relative_ai_hiring_index|KOR|2020-05-01|2020-05-01|index,mapped_to_master_schema,"Source figure: fig_4.4.16; source chapter: 4. Economy | Korea-specific AI diffusion, labor market, or robotics deployment indicator. | {""date"": ""5/1/20""} | Original fields: {""country"": ""South Korea"", ""date"": ""5/1/20"", ""relative_ai_hiring_index"": ""0.03972""}"
obs_913f7183750254,ai_index_fig_4_4_16_relative_ai_hiring_index,"AI vs. overall hiring rate growth by geographic area, 2018–25",Adoption and Industry,relative_ai_hiring_index,KOR,South Korea,KOR/USA/CHN,event,2020,2020-06-01,2020-06-01,2020-06-01,0.09284,0.09284,index,index,0.09284,Numeric value parsed; no unit conversion applied.,observed_metric,stanford_ai_index_2026_public_data_bundle,2026 AI Index Report public data bundle,https://hai.stanford.edu/ai-index,4. Economy\Data\fig_4.4.16.csv,,2026-05-03T06:51:20+00:00,medium_high,"Korea-specific AI diffusion, labor market, or robotics deployment indicator.",True,Only observation for indicator/country/period/unit.,5,ai_index_fig_4_4_16_relative_ai_hiring_index|KOR|2020-06-01|2020-06-01|index,mapped_to_master_schema,"Source figure: fig_4.4.16; source chapter: 4. Economy | Korea-specific AI diffusion, labor market, or robotics deployment indicator. | {""date"": ""6/1/20""} | Original fields: {""country"": ""South Korea"", ""date"": ""6/1/20"", ""relative_ai_hiring_index"": ""0.09284""}"
obs_ea71ab1558b3e2,ai_index_fig_4_4_16_relative_ai_hiring_index,"AI vs. overall hiring rate growth by geographic area, 2018–25",Adoption and Industry,relative_ai_hiring_index,KOR,South Korea,KOR/USA/CHN,event,2020,2020-07-01,2020-07-01,2020-07-01,0.17661,0.17661,index,index,0.17661,Numeric value parsed; no unit conversion applied.,observed_metric,stanford_ai_index_2026_public_data_bundle,2026 AI Index Report public data bundle,https://hai.stanford.edu/ai-index,4. Economy\Data\fig_4.4.16.csv,,2026-05-03T06:51:20+00:00,medium_high,"Korea-specific AI diffusion, labor market, or robotics deployment indicator.",True,Only observation for indicator/country/period/unit.,5,ai_index_fig_4_4_16_relative_ai_hiring_index|KOR|2020-07-01|2020-07-01|index,mapped_to_master_schema,"Source figure: fig_4.4.16; source chapter: 4. Economy | Korea-specific AI diffusion, labor market, or robotics deployment indicator. | {""date"": ""7/1/20""} | Original fields: {""country"": ""South Korea"", ""date"": ""7/1/20"", ""relative_ai_hiring_index"": ""0.17661""}"
obs_9a1834f0957cbe,ai_index_fig_4_4_16_relative_ai_hiring_index,"AI vs. overall hiring rate growth by geographic area, 2018–25",Adoption and Industry,relative_ai_hiring_index,KOR,South Korea,KOR/USA/CHN,event,2020,2020-08-01,2020-08-01,2020-08-01,0.31401,0.31401,index,index,0.31401,Numeric value parsed; no unit conversion applied.,observed_metric,stanford_ai_index_2026_public_data_bundle,2026 AI Index Report public data bundle,https://hai.stanford.edu/ai-index,4. Economy\Data\fig_4.4.16.csv,,2026-05-03T06:51:20+00:00,medium_high,"Korea-specific AI diffusion, labor market, or robotics deployment indicator.",True,Only observation for indicator/country/period/unit.,5,ai_index_fig_4_4_16_relative_ai_hiring_index|KOR|2020-08-01|2020-08-01|index,mapped_to_master_schema,"Source figure: fig_4.4.16; source chapter: 4. Economy | Korea-specific AI diffusion, labor market, or robotics deployment indicator. | {""date"": ""8/1/20""} | Original fields: {""country"": ""South Korea"", ""date"": ""8/1/20"", ""relative_ai_hiring_index"": ""0.31401""}"
obs_6b2c2ba5bd61c4,ai_index_fig_4_4_16_relative_ai_hiring_index,"AI vs. overall hiring rate growth by geographic area, 2018–25",Adoption and Industry,relative_ai_hiring_index,KOR,South Korea,KOR/USA/CHN,event,2020,2020-09-01,2020-09-01,2020-09-01,0.20926,0.20926,index,index,0.20926,Numeric value parsed; no unit conversion applied.,observed_metric,stanford_ai_index_2026_public_data_bundle,2026 AI Index Report public data bundle,https://hai.stanford.edu/ai-index,4. Economy\Data\fig_4.4.16.csv,,2026-05-03T06:51:20+00:00,medium_high,"Korea-specific AI diffusion, labor market, or robotics deployment indicator.",True,Only observation for indicator/country/period/unit.,5,ai_index_fig_4_4_16_relative_ai_hiring_index|KOR|2020-09-01|2020-09-01|index,mapped_to_master_schema,"Source figure: fig_4.4.16; source chapter: 4. Economy | Korea-specific AI diffusion, labor market, or robotics deployment indicator. | {""date"": ""9/1/20""} | Original fields: {""country"": ""South Korea"", ""date"": ""9/1/20"", ""relative_ai_hiring_index"": ""0.20926""}"
obs_21073dd6d1c96a,ai_index_fig_4_4_16_relative_ai_hiring_index,"AI vs. overall hiring rate growth by geographic area, 2018–25",Adoption and Industry,relative_ai_hiring_index,KOR,South Korea,KOR/USA/CHN,event,2020,2020-10-01,2020-10-01,2020-10-01,0.11053,0.11053,index,index,0.11053,Numeric value parsed; no unit conversion applied.,observed_metric,stanford_ai_index_2026_public_data_bundle,2026 AI Index Report public data bundle,https://hai.stanford.edu/ai-index,4. Economy\Data\fig_4.4.16.csv,,2026-05-03T06:51:20+00:00,medium_high,"Korea-specific AI diffusion, labor market, or robotics deployment indicator.",True,Only observation for indicator/country/period/unit.,5,ai_index_fig_4_4_16_relative_ai_hiring_index|KOR|2020-10-01|2020-10-01|index,mapped_to_master_schema,"Source figure: fig_4.4.16; source chapter: 4. Economy | Korea-specific AI diffusion, labor market, or robotics deployment indicator. | {""date"": ""10/1/20""} | Original fields: {""country"": ""South Korea"", ""date"": ""10/1/20"", ""relative_ai_hiring_index"": ""0.11053""}"
obs_31917c41aafe5f,ai_index_fig_4_4_16_relative_ai_hiring_index,"AI vs. overall hiring rate growth by geographic area, 2018–25",Adoption and Industry,relative_ai_hiring_index,KOR,South Korea,KOR/USA/CHN,event,2020,2020-11-01,2020-11-01,2020-11-01,0.05762,0.05762,index,index,0.05762,Numeric value parsed; no unit conversion applied.,observed_metric,stanford_ai_index_2026_public_data_bundle,2026 AI Index Report public data bundle,https://hai.stanford.edu/ai-index,4. Economy\Data\fig_4.4.16.csv,,2026-05-03T06:51:20+00:00,medium_high,"Korea-specific AI diffusion, labor market, or robotics deployment indicator.",True,Only observation for indicator/country/period/unit.,5,ai_index_fig_4_4_16_relative_ai_hiring_index|KOR|2020-11-01|2020-11-01|index,mapped_to_master_schema,"Source figure: fig_4.4.16; source chapter: 4. Economy | Korea-specific AI diffusion, labor market, or robotics deployment indicator. | {""date"": ""11/1/20""} | Original fields: {""country"": ""South Korea"", ""date"": ""11/1/20"", ""relative_ai_hiring_index"": ""0.05762""}"
obs_dca8565a12c349,ai_index_fig_4_4_16_relative_ai_hiring_index,"AI vs. overall hiring rate growth by geographic area, 2018–25",Adoption and Industry,relative_ai_hiring_index,KOR,South Korea,KOR/USA/CHN,event,2020,2020-12-01,2020-12-01,2020-12-01,0.14919,0.14919,index,index,0.14919,Numeric value parsed; no unit conversion applied.,observed_metric,stanford_ai_index_2026_public_data_bundle,2026 AI Index Report public data bundle,https://hai.stanford.edu/ai-index,4. Economy\Data\fig_4.4.16.csv,,2026-05-03T06:51:20+00:00,medium_high,"Korea-specific AI diffusion, labor market, or robotics deployment indicator.",True,Only observation for indicator/country/period/unit.,5,ai_index_fig_4_4_16_relative_ai_hiring_index|KOR|2020-12-01|2020-12-01|index,mapped_to_master_schema,"Source figure: fig_4.4.16; source chapter: 4. Economy | Korea-specific AI diffusion, labor market, or robotics deployment indicator. | {""date"": ""12/1/20""} | Original fields: {""country"": ""South Korea"", ""date"": ""12/1/20"", ""relative_ai_hiring_index"": ""0.14919""}"
obs_32bb846254f1c2,ai_index_fig_4_4_16_relative_ai_hiring_index,"AI vs. overall hiring rate growth by geographic area, 2018–25",Adoption and Industry,relative_ai_hiring_index,KOR,South Korea,KOR/USA/CHN,event,2021,2021-01-01,2021-01-01,2021-01-01,0.08526,0.08526,index,index,0.08526,Numeric value parsed; no unit conversion applied.,observed_metric,stanford_ai_index_2026_public_data_bundle,2026 AI Index Report public data bundle,https://hai.stanford.edu/ai-index,4. Economy\Data\fig_4.4.16.csv,,2026-05-03T06:51:20+00:00,medium_high,"Korea-specific AI diffusion, labor market, or robotics deployment indicator.",True,Only observation for indicator/country/period/unit.,5,ai_index_fig_4_4_16_relative_ai_hiring_index|KOR|2021-01-01|2021-01-01|index,mapped_to_master_schema,"Source figure: fig_4.4.16; source chapter: 4. Economy | Korea-specific AI diffusion, labor market, or robotics deployment indicator. | {""date"": ""1/1/21""} | Original fields: {""country"": ""South Korea"", ""date"": ""1/1/21"", ""relative_ai_hiring_index"": ""0.08526""}"
obs_246bd320eafb02,ai_index_fig_4_4_16_relative_ai_hiring_index,"AI vs. overall hiring rate growth by geographic area, 2018–25",Adoption and Industry,relative_ai_hiring_index,KOR,South Korea,KOR/USA/CHN,event,2021,2021-02-01,2021-02-01,2021-02-01,-0.01197,-0.01197,index,index,-0.01197,Numeric value parsed; no unit conversion applied.,observed_metric,stanford_ai_index_2026_public_data_bundle,2026 AI Index Report public data bundle,https://hai.stanford.edu/ai-index,4. Economy\Data\fig_4.4.16.csv,,2026-05-03T06:51:20+00:00,medium_high,"Korea-specific AI diffusion, labor market, or robotics deployment indicator.",True,Only observation for indicator/country/period/unit.,5,ai_index_fig_4_4_16_relative_ai_hiring_index|KOR|2021-02-01|2021-02-01|index,mapped_to_master_schema,"Source figure: fig_4.4.16; source chapter: 4. Economy | Korea-specific AI diffusion, labor market, or robotics deployment indicator. | {""date"": ""2/1/21""} | Original fields: {""country"": ""South Korea"", ""date"": ""2/1/21"", ""relative_ai_hiring_index"": ""-0.01197""}"
obs_8e1d14393710ee,ai_index_fig_4_4_16_relative_ai_hiring_index,"AI vs. overall hiring rate growth by geographic area, 2018–25",Adoption and Industry,relative_ai_hiring_index,KOR,South Korea,KOR/USA/CHN,event,2021,2021-03-01,2021-03-01,2021-03-01,0.00016,0.00016,index,index,0.00016,Numeric value parsed; no unit conversion applied.,observed_metric,stanford_ai_index_2026_public_data_bundle,2026 AI Index Report public data bundle,https://hai.stanford.edu/ai-index,4. Economy\Data\fig_4.4.16.csv,,2026-05-03T06:51:20+00:00,medium_high,"Korea-specific AI diffusion, labor market, or robotics deployment indicator.",True,Only observation for indicator/country/period/unit.,5,ai_index_fig_4_4_16_relative_ai_hiring_index|KOR|2021-03-01|2021-03-01|index,mapped_to_master_schema,"Source figure: fig_4.4.16; source chapter: 4. Economy | Korea-specific AI diffusion, labor market, or robotics deployment indicator. | {""date"": ""3/1/21""} | Original fields: {""country"": ""South Korea"", ""date"": ""3/1/21"", ""relative_ai_hiring_index"": ""0.00016""}"
obs_17e263e9ed5844,ai_index_fig_4_4_16_relative_ai_hiring_index,"AI vs. overall hiring rate growth by geographic area, 2018–25",Adoption and Industry,relative_ai_hiring_index,KOR,South Korea,KOR/USA/CHN,event,2021,2021-04-01,2021-04-01,2021-04-01,-0.03175,-0.03175,index,index,-0.03175,Numeric value parsed; no unit conversion applied.,observed_metric,stanford_ai_index_2026_public_data_bundle,2026 AI Index Report public data bundle,https://hai.stanford.edu/ai-index,4. Economy\Data\fig_4.4.16.csv,,2026-05-03T06:51:20+00:00,medium_high,"Korea-specific AI diffusion, labor market, or robotics deployment indicator.",True,Only observation for indicator/country/period/unit.,5,ai_index_fig_4_4_16_relative_ai_hiring_index|KOR|2021-04-01|2021-04-01|index,mapped_to_master_schema,"Source figure: fig_4.4.16; source chapter: 4. Economy | Korea-specific AI diffusion, labor market, or robotics deployment indicator. | {""date"": ""4/1/21""} | Original fields: {""country"": ""South Korea"", ""date"": ""4/1/21"", ""relative_ai_hiring_index"": ""-0.03175""}"
obs_d09454dfe433fd,ai_index_fig_4_4_16_relative_ai_hiring_index,"AI vs. overall hiring rate growth by geographic area, 2018–25",Adoption and Industry,relative_ai_hiring_index,KOR,South Korea,KOR/USA/CHN,event,2021,2021-05-01,2021-05-01,2021-05-01,0.0117,0.0117,index,index,0.0117,Numeric value parsed; no unit conversion applied.,observed_metric,stanford_ai_index_2026_public_data_bundle,2026 AI Index Report public data bundle,https://hai.stanford.edu/ai-index,4. Economy\Data\fig_4.4.16.csv,,2026-05-03T06:51:20+00:00,medium_high,"Korea-specific AI diffusion, labor market, or robotics deployment indicator.",True,Only observation for indicator/country/period/unit.,5,ai_index_fig_4_4_16_relative_ai_hiring_index|KOR|2021-05-01|2021-05-01|index,mapped_to_master_schema,"Source figure: fig_4.4.16; source chapter: 4. Economy | Korea-specific AI diffusion, labor market, or robotics deployment indicator. | {""date"": ""5/1/21""} | Original fields: {""country"": ""South Korea"", ""date"": ""5/1/21"", ""relative_ai_hiring_index"": ""0.0117""}"
obs_61aff2b1b51a06,ai_index_fig_4_4_16_relative_ai_hiring_index,"AI vs. overall hiring rate growth by geographic area, 2018–25",Adoption and Industry,relative_ai_hiring_index,KOR,South Korea,KOR/USA/CHN,event,2021,2021-06-01,2021-06-01,2021-06-01,-0.11099,-0.11099,index,index,-0.11099,Numeric value parsed; no unit conversion applied.,observed_metric,stanford_ai_index_2026_public_data_bundle,2026 AI Index Report public data bundle,https://hai.stanford.edu/ai-index,4. Economy\Data\fig_4.4.16.csv,,2026-05-03T06:51:20+00:00,medium_high,"Korea-specific AI diffusion, labor market, or robotics deployment indicator.",True,Only observation for indicator/country/period/unit.,5,ai_index_fig_4_4_16_relative_ai_hiring_index|KOR|2021-06-01|2021-06-01|index,mapped_to_master_schema,"Source figure: fig_4.4.16; source chapter: 4. Economy | Korea-specific AI diffusion, labor market, or robotics deployment indicator. | {""date"": ""6/1/21""} | Original fields: {""country"": ""South Korea"", ""date"": ""6/1/21"", ""relative_ai_hiring_index"": ""-0.11099""}"
obs_afb55ffd0ed662,ai_index_fig_4_4_16_relative_ai_hiring_index,"AI vs. overall hiring rate growth by geographic area, 2018–25",Adoption and Industry,relative_ai_hiring_index,KOR,South Korea,KOR/USA/CHN,event,2021,2021-07-01,2021-07-01,2021-07-01,-0.09967,-0.09967,index,index,-0.09967,Numeric value parsed; no unit conversion applied.,observed_metric,stanford_ai_index_2026_public_data_bundle,2026 AI Index Report public data bundle,https://hai.stanford.edu/ai-index,4. Economy\Data\fig_4.4.16.csv,,2026-05-03T06:51:20+00:00,medium_high,"Korea-specific AI diffusion, labor market, or robotics deployment indicator.",True,Only observation for indicator/country/period/unit.,5,ai_index_fig_4_4_16_relative_ai_hiring_index|KOR|2021-07-01|2021-07-01|index,mapped_to_master_schema,"Source figure: fig_4.4.16; source chapter: 4. Economy | Korea-specific AI diffusion, labor market, or robotics deployment indicator. | {""date"": ""7/1/21""} | Original fields: {""country"": ""South Korea"", ""date"": ""7/1/21"", ""relative_ai_hiring_index"": ""-0.09967""}"
obs_cde9770b137b91,ai_index_fig_4_4_16_relative_ai_hiring_index,"AI vs. overall hiring rate growth by geographic area, 2018–25",Adoption and Industry,relative_ai_hiring_index,KOR,South Korea,KOR/USA/CHN,event,2021,2021-08-01,2021-08-01,2021-08-01,-0.13159,-0.13159,index,index,-0.13159,Numeric value parsed; no unit conversion applied.,observed_metric,stanford_ai_index_2026_public_data_bundle,2026 AI Index Report public data bundle,https://hai.stanford.edu/ai-index,4. Economy\Data\fig_4.4.16.csv,,2026-05-03T06:51:20+00:00,medium_high,"Korea-specific AI diffusion, labor market, or robotics deployment indicator.",True,Only observation for indicator/country/period/unit.,5,ai_index_fig_4_4_16_relative_ai_hiring_index|KOR|2021-08-01|2021-08-01|index,mapped_to_master_schema,"Source figure: fig_4.4.16; source chapter: 4. Economy | Korea-specific AI diffusion, labor market, or robotics deployment indicator. | {""date"": ""8/1/21""} | Original fields: {""country"": ""South Korea"", ""date"": ""8/1/21"", ""relative_ai_hiring_index"": ""-0.13159""}"
obs_672eeb3e950270,ai_index_fig_4_4_16_relative_ai_hiring_index,"AI vs. overall hiring rate growth by geographic area, 2018–25",Adoption and Industry,relative_ai_hiring_index,KOR,South Korea,KOR/USA/CHN,event,2021,2021-09-01,2021-09-01,2021-09-01,-0.03358,-0.03358,index,index,-0.03358,Numeric value parsed; no unit conversion applied.,observed_metric,stanford_ai_index_2026_public_data_bundle,2026 AI Index Report public data bundle,https://hai.stanford.edu/ai-index,4. Economy\Data\fig_4.4.16.csv,,2026-05-03T06:51:20+00:00,medium_high,"Korea-specific AI diffusion, labor market, or robotics deployment indicator.",True,Only observation for indicator/country/period/unit.,5,ai_index_fig_4_4_16_relative_ai_hiring_index|KOR|2021-09-01|2021-09-01|index,mapped_to_master_schema,"Source figure: fig_4.4.16; source chapter: 4. Economy | Korea-specific AI diffusion, labor market, or robotics deployment indicator. | {""date"": ""9/1/21""} | Original fields: {""country"": ""South Korea"", ""date"": ""9/1/21"", ""relative_ai_hiring_index"": ""-0.03358""}"
obs_38ffc0478ee0db,ai_index_fig_4_4_16_relative_ai_hiring_index,"AI vs. overall hiring rate growth by geographic area, 2018–25",Adoption and Industry,relative_ai_hiring_index,KOR,South Korea,KOR/USA/CHN,event,2021,2021-10-01,2021-10-01,2021-10-01,-0.01147,-0.01147,index,index,-0.01147,Numeric value parsed; no unit conversion applied.,observed_metric,stanford_ai_index_2026_public_data_bundle,2026 AI Index Report public data bundle,https://hai.stanford.edu/ai-index,4. Economy\Data\fig_4.4.16.csv,,2026-05-03T06:51:20+00:00,medium_high,"Korea-specific AI diffusion, labor market, or robotics deployment indicator.",True,Only observation for indicator/country/period/unit.,5,ai_index_fig_4_4_16_relative_ai_hiring_index|KOR|2021-10-01|2021-10-01|index,mapped_to_master_schema,"Source figure: fig_4.4.16; source chapter: 4. Economy | Korea-specific AI diffusion, labor market, or robotics deployment indicator. | {""date"": ""10/1/21""} | Original fields: {""country"": ""South Korea"", ""date"": ""10/1/21"", ""relative_ai_hiring_index"": ""-0.01147""}"
obs_5fe7ae7200c6c5,ai_index_fig_4_4_16_relative_ai_hiring_index,"AI vs. overall hiring rate growth by geographic area, 2018–25",Adoption and Industry,relative_ai_hiring_index,KOR,South Korea,KOR/USA/CHN,event,2021,2021-11-01,2021-11-01,2021-11-01,-0.0294,-0.0294,index,index,-0.0294,Numeric value parsed; no unit conversion applied.,observed_metric,stanford_ai_index_2026_public_data_bundle,2026 AI Index Report public data bundle,https://hai.stanford.edu/ai-index,4. Economy\Data\fig_4.4.16.csv,,2026-05-03T06:51:20+00:00,medium_high,"Korea-specific AI diffusion, labor market, or robotics deployment indicator.",True,Only observation for indicator/country/period/unit.,5,ai_index_fig_4_4_16_relative_ai_hiring_index|KOR|2021-11-01|2021-11-01|index,mapped_to_master_schema,"Source figure: fig_4.4.16; source chapter: 4. Economy | Korea-specific AI diffusion, labor market, or robotics deployment indicator. | {""date"": ""11/1/21""} | Original fields: {""country"": ""South Korea"", ""date"": ""11/1/21"", ""relative_ai_hiring_index"": ""-0.0294""}"
obs_4ac53c630c1e9c,ai_index_fig_4_4_16_relative_ai_hiring_index,"AI vs. overall hiring rate growth by geographic area, 2018–25",Adoption and Industry,relative_ai_hiring_index,KOR,South Korea,KOR/USA/CHN,event,2021,2021-12-01,2021-12-01,2021-12-01,-0.15808,-0.15808,index,index,-0.15808,Numeric value parsed; no unit conversion applied.,observed_metric,stanford_ai_index_2026_public_data_bundle,2026 AI Index Report public data bundle,https://hai.stanford.edu/ai-index,4. Economy\Data\fig_4.4.16.csv,,2026-05-03T06:51:20+00:00,medium_high,"Korea-specific AI diffusion, labor market, or robotics deployment indicator.",True,Only observation for indicator/country/period/unit.,5,ai_index_fig_4_4_16_relative_ai_hiring_index|KOR|2021-12-01|2021-12-01|index,mapped_to_master_schema,"Source figure: fig_4.4.16; source chapter: 4. Economy | Korea-specific AI diffusion, labor market, or robotics deployment indicator. | {""date"": ""12/1/21""} | Original fields: {""country"": ""South Korea"", ""date"": ""12/1/21"", ""relative_ai_hiring_index"": ""-0.15808""}"
obs_edbbb686f089f1,ai_index_fig_4_4_16_relative_ai_hiring_index,"AI vs. overall hiring rate growth by geographic area, 2018–25",Adoption and Industry,relative_ai_hiring_index,KOR,South Korea,KOR/USA/CHN,event,2022,2022-01-01,2022-01-01,2022-01-01,-0.05391,-0.05391,index,index,-0.05391,Numeric value parsed; no unit conversion applied.,observed_metric,stanford_ai_index_2026_public_data_bundle,2026 AI Index Report public data bundle,https://hai.stanford.edu/ai-index,4. Economy\Data\fig_4.4.16.csv,,2026-05-03T06:51:20+00:00,medium_high,"Korea-specific AI diffusion, labor market, or robotics deployment indicator.",True,Only observation for indicator/country/period/unit.,5,ai_index_fig_4_4_16_relative_ai_hiring_index|KOR|2022-01-01|2022-01-01|index,mapped_to_master_schema,"Source figure: fig_4.4.16; source chapter: 4. Economy | Korea-specific AI diffusion, labor market, or robotics deployment indicator. | {""date"": ""1/1/22""} | Original fields: {""country"": ""South Korea"", ""date"": ""1/1/22"", ""relative_ai_hiring_index"": ""-0.05391""}"
obs_ea89c8edc53c7c,ai_index_fig_4_4_16_relative_ai_hiring_index,"AI vs. overall hiring rate growth by geographic area, 2018–25",Adoption and Industry,relative_ai_hiring_index,KOR,South Korea,KOR/USA/CHN,event,2022,2022-02-01,2022-02-01,2022-02-01,-0.01696,-0.01696,index,index,-0.01696,Numeric value parsed; no unit conversion applied.,observed_metric,stanford_ai_index_2026_public_data_bundle,2026 AI Index Report public data bundle,https://hai.stanford.edu/ai-index,4. Economy\Data\fig_4.4.16.csv,,2026-05-03T06:51:20+00:00,medium_high,"Korea-specific AI diffusion, labor market, or robotics deployment indicator.",True,Only observation for indicator/country/period/unit.,5,ai_index_fig_4_4_16_relative_ai_hiring_index|KOR|2022-02-01|2022-02-01|index,mapped_to_master_schema,"Source figure: fig_4.4.16; source chapter: 4. Economy | Korea-specific AI diffusion, labor market, or robotics deployment indicator. | {""date"": ""2/1/22""} | Original fields: {""country"": ""South Korea"", ""date"": ""2/1/22"", ""relative_ai_hiring_index"": ""-0.01696""}"
obs_73a822c6214b2a,ai_index_fig_4_4_16_relative_ai_hiring_index,"AI vs. overall hiring rate growth by geographic area, 2018–25",Adoption and Industry,relative_ai_hiring_index,KOR,South Korea,KOR/USA/CHN,event,2022,2022-03-01,2022-03-01,2022-03-01,0.06571,0.06571,index,index,0.06571,Numeric value parsed; no unit conversion applied.,observed_metric,stanford_ai_index_2026_public_data_bundle,2026 AI Index Report public data bundle,https://hai.stanford.edu/ai-index,4. Economy\Data\fig_4.4.16.csv,,2026-05-03T06:51:20+00:00,medium_high,"Korea-specific AI diffusion, labor market, or robotics deployment indicator.",True,Only observation for indicator/country/period/unit.,5,ai_index_fig_4_4_16_relative_ai_hiring_index|KOR|2022-03-01|2022-03-01|index,mapped_to_master_schema,"Source figure: fig_4.4.16; source chapter: 4. Economy | Korea-specific AI diffusion, labor market, or robotics deployment indicator. | {""date"": ""3/1/22""} | Original fields: {""country"": ""South Korea"", ""date"": ""3/1/22"", ""relative_ai_hiring_index"": ""0.06571""}"
obs_870f671a180942,ai_index_fig_4_4_16_relative_ai_hiring_index,"AI vs. overall hiring rate growth by geographic area, 2018–25",Adoption and Industry,relative_ai_hiring_index,KOR,South Korea,KOR/USA/CHN,event,2022,2022-04-01,2022-04-01,2022-04-01,-0.01613,-0.01613,index,index,-0.01613,Numeric value parsed; no unit conversion applied.,observed_metric,stanford_ai_index_2026_public_data_bundle,2026 AI Index Report public data bundle,https://hai.stanford.edu/ai-index,4. Economy\Data\fig_4.4.16.csv,,2026-05-03T06:51:20+00:00,medium_high,"Korea-specific AI diffusion, labor market, or robotics deployment indicator.",True,Only observation for indicator/country/period/unit.,5,ai_index_fig_4_4_16_relative_ai_hiring_index|KOR|2022-04-01|2022-04-01|index,mapped_to_master_schema,"Source figure: fig_4.4.16; source chapter: 4. Economy | Korea-specific AI diffusion, labor market, or robotics deployment indicator. | {""date"": ""4/1/22""} | Original fields: {""country"": ""South Korea"", ""date"": ""4/1/22"", ""relative_ai_hiring_index"": ""-0.01613""}"
obs_88468d1c80555d,ai_index_fig_4_4_16_relative_ai_hiring_index,"AI vs. overall hiring rate growth by geographic area, 2018–25",Adoption and Industry,relative_ai_hiring_index,KOR,South Korea,KOR/USA/CHN,event,2022,2022-05-01,2022-05-01,2022-05-01,0.00604,0.00604,index,index,0.00604,Numeric value parsed; no unit conversion applied.,observed_metric,stanford_ai_index_2026_public_data_bundle,2026 AI Index Report public data bundle,https://hai.stanford.edu/ai-index,4. Economy\Data\fig_4.4.16.csv,,2026-05-03T06:51:20+00:00,medium_high,"Korea-specific AI diffusion, labor market, or robotics deployment indicator.",True,Only observation for indicator/country/period/unit.,5,ai_index_fig_4_4_16_relative_ai_hiring_index|KOR|2022-05-01|2022-05-01|index,mapped_to_master_schema,"Source figure: fig_4.4.16; source chapter: 4. Economy | Korea-specific AI diffusion, labor market, or robotics deployment indicator. | {""date"": ""5/1/22""} | Original fields: {""country"": ""South Korea"", ""date"": ""5/1/22"", ""relative_ai_hiring_index"": ""0.00604""}"
obs_c06d59c5ce9f52,ai_index_fig_4_4_16_relative_ai_hiring_index,"AI vs. overall hiring rate growth by geographic area, 2018–25",Adoption and Industry,relative_ai_hiring_index,KOR,South Korea,KOR/USA/CHN,event,2022,2022-06-01,2022-06-01,2022-06-01,0.0185,0.0185,index,index,0.0185,Numeric value parsed; no unit conversion applied.,observed_metric,stanford_ai_index_2026_public_data_bundle,2026 AI Index Report public data bundle,https://hai.stanford.edu/ai-index,4. Economy\Data\fig_4.4.16.csv,,2026-05-03T06:51:20+00:00,medium_high,"Korea-specific AI diffusion, labor market, or robotics deployment indicator.",True,Only observation for indicator/country/period/unit.,5,ai_index_fig_4_4_16_relative_ai_hiring_index|KOR|2022-06-01|2022-06-01|index,mapped_to_master_schema,"Source figure: fig_4.4.16; source chapter: 4. Economy | Korea-specific AI diffusion, labor market, or robotics deployment indicator. | {""date"": ""6/1/22""} | Original fields: {""country"": ""South Korea"", ""date"": ""6/1/22"", ""relative_ai_hiring_index"": ""0.0185""}"
obs_ec2f76c50c6576,ai_index_fig_4_4_16_relative_ai_hiring_index,"AI vs. overall hiring rate growth by geographic area, 2018–25",Adoption and Industry,relative_ai_hiring_index,KOR,South Korea,KOR/USA/CHN,event,2022,2022-07-01,2022-07-01,2022-07-01,0.00876,0.00876,index,index,0.00876,Numeric value parsed; no unit conversion applied.,observed_metric,stanford_ai_index_2026_public_data_bundle,2026 AI Index Report public data bundle,https://hai.stanford.edu/ai-index,4. Economy\Data\fig_4.4.16.csv,,2026-05-03T06:51:20+00:00,medium_high,"Korea-specific AI diffusion, labor market, or robotics deployment indicator.",True,Only observation for indicator/country/period/unit.,5,ai_index_fig_4_4_16_relative_ai_hiring_index|KOR|2022-07-01|2022-07-01|index,mapped_to_master_schema,"Source figure: fig_4.4.16; source chapter: 4. Economy | Korea-specific AI diffusion, labor market, or robotics deployment indicator. | {""date"": ""7/1/22""} | Original fields: {""country"": ""South Korea"", ""date"": ""7/1/22"", ""relative_ai_hiring_index"": ""0.00876""}"
obs_6fcfb100dffb58,ai_index_fig_4_4_16_relative_ai_hiring_index,"AI vs. overall hiring rate growth by geographic area, 2018–25",Adoption and Industry,relative_ai_hiring_index,KOR,South Korea,KOR/USA/CHN,event,2022,2022-08-01,2022-08-01,2022-08-01,-0.04022,-0.04022,index,index,-0.04022,Numeric value parsed; no unit conversion applied.,observed_metric,stanford_ai_index_2026_public_data_bundle,2026 AI Index Report public data bundle,https://hai.stanford.edu/ai-index,4. Economy\Data\fig_4.4.16.csv,,2026-05-03T06:51:20+00:00,medium_high,"Korea-specific AI diffusion, labor market, or robotics deployment indicator.",True,Only observation for indicator/country/period/unit.,5,ai_index_fig_4_4_16_relative_ai_hiring_index|KOR|2022-08-01|2022-08-01|index,mapped_to_master_schema,"Source figure: fig_4.4.16; source chapter: 4. Economy | Korea-specific AI diffusion, labor market, or robotics deployment indicator. | {""date"": ""8/1/22""} | Original fields: {""country"": ""South Korea"", ""date"": ""8/1/22"", ""relative_ai_hiring_index"": ""-0.04022""}"
obs_9635ed6fa2b49b,ai_index_fig_4_4_16_relative_ai_hiring_index,"AI vs. overall hiring rate growth by geographic area, 2018–25",Adoption and Industry,relative_ai_hiring_index,KOR,South Korea,KOR/USA/CHN,event,2022,2022-09-01,2022-09-01,2022-09-01,-0.05289,-0.05289,index,index,-0.05289,Numeric value parsed; no unit conversion applied.,observed_metric,stanford_ai_index_2026_public_data_bundle,2026 AI Index Report public data bundle,https://hai.stanford.edu/ai-index,4. Economy\Data\fig_4.4.16.csv,,2026-05-03T06:51:20+00:00,medium_high,"Korea-specific AI diffusion, labor market, or robotics deployment indicator.",True,Only observation for indicator/country/period/unit.,5,ai_index_fig_4_4_16_relative_ai_hiring_index|KOR|2022-09-01|2022-09-01|index,mapped_to_master_schema,"Source figure: fig_4.4.16; source chapter: 4. Economy | Korea-specific AI diffusion, labor market, or robotics deployment indicator. | {""date"": ""9/1/22""} | Original fields: {""country"": ""South Korea"", ""date"": ""9/1/22"", ""relative_ai_hiring_index"": ""-0.05289""}"
obs_50938860beb2e0,ai_index_fig_4_4_16_relative_ai_hiring_index,"AI vs. overall hiring rate growth by geographic area, 2018–25",Adoption and Industry,relative_ai_hiring_index,KOR,South Korea,KOR/USA/CHN,event,2022,2022-10-01,2022-10-01,2022-10-01,-0.06293,-0.06293,index,index,-0.06293,Numeric value parsed; no unit conversion applied.,observed_metric,stanford_ai_index_2026_public_data_bundle,2026 AI Index Report public data bundle,https://hai.stanford.edu/ai-index,4. Economy\Data\fig_4.4.16.csv,,2026-05-03T06:51:20+00:00,medium_high,"Korea-specific AI diffusion, labor market, or robotics deployment indicator.",True,Only observation for indicator/country/period/unit.,5,ai_index_fig_4_4_16_relative_ai_hiring_index|KOR|2022-10-01|2022-10-01|index,mapped_to_master_schema,"Source figure: fig_4.4.16; source chapter: 4. Economy | Korea-specific AI diffusion, labor market, or robotics deployment indicator. | {""date"": ""10/1/22""} | Original fields: {""country"": ""South Korea"", ""date"": ""10/1/22"", ""relative_ai_hiring_index"": ""-0.06293""}"
obs_faadc0dd90ceed,ai_index_fig_4_4_16_relative_ai_hiring_index,"AI vs. overall hiring rate growth by geographic area, 2018–25",Adoption and Industry,relative_ai_hiring_index,KOR,South Korea,KOR/USA/CHN,event,2022,2022-11-01,2022-11-01,2022-11-01,-0.02016,-0.02016,index,index,-0.02016,Numeric value parsed; no unit conversion applied.,observed_metric,stanford_ai_index_2026_public_data_bundle,2026 AI Index Report public data bundle,https://hai.stanford.edu/ai-index,4. Economy\Data\fig_4.4.16.csv,,2026-05-03T06:51:20+00:00,medium_high,"Korea-specific AI diffusion, labor market, or robotics deployment indicator.",True,Only observation for indicator/country/period/unit.,5,ai_index_fig_4_4_16_relative_ai_hiring_index|KOR|2022-11-01|2022-11-01|index,mapped_to_master_schema,"Source figure: fig_4.4.16; source chapter: 4. Economy | Korea-specific AI diffusion, labor market, or robotics deployment indicator. | {""date"": ""11/1/22""} | Original fields: {""country"": ""South Korea"", ""date"": ""11/1/22"", ""relative_ai_hiring_index"": ""-0.02016""}"
obs_abca593e185e93,ai_index_fig_4_4_16_relative_ai_hiring_index,"AI vs. overall hiring rate growth by geographic area, 2018–25",Adoption and Industry,relative_ai_hiring_index,KOR,South Korea,KOR/USA/CHN,event,2022,2022-12-01,2022-12-01,2022-12-01,-0.0086,-0.0086,index,index,-0.0086,Numeric value parsed; no unit conversion applied.,observed_metric,stanford_ai_index_2026_public_data_bundle,2026 AI Index Report public data bundle,https://hai.stanford.edu/ai-index,4. Economy\Data\fig_4.4.16.csv,,2026-05-03T06:51:20+00:00,medium_high,"Korea-specific AI diffusion, labor market, or robotics deployment indicator.",True,Only observation for indicator/country/period/unit.,5,ai_index_fig_4_4_16_relative_ai_hiring_index|KOR|2022-12-01|2022-12-01|index,mapped_to_master_schema,"Source figure: fig_4.4.16; source chapter: 4. Economy | Korea-specific AI diffusion, labor market, or robotics deployment indicator. | {""date"": ""12/1/22""} | Original fields: {""country"": ""South Korea"", ""date"": ""12/1/22"", ""relative_ai_hiring_index"": ""-0.0086""}"
obs_1c2a411c5e1936,ai_index_fig_4_4_16_relative_ai_hiring_index,"AI vs. overall hiring rate growth by geographic area, 2018–25",Adoption and Industry,relative_ai_hiring_index,KOR,South Korea,KOR/USA/CHN,event,2023,2023-01-01,2023-01-01,2023-01-01,-0.00566,-0.00566,index,index,-0.00566,Numeric value parsed; no unit conversion applied.,observed_metric,stanford_ai_index_2026_public_data_bundle,2026 AI Index Report public data bundle,https://hai.stanford.edu/ai-index,4. Economy\Data\fig_4.4.16.csv,,2026-05-03T06:51:20+00:00,medium_high,"Korea-specific AI diffusion, labor market, or robotics deployment indicator.",True,Only observation for indicator/country/period/unit.,5,ai_index_fig_4_4_16_relative_ai_hiring_index|KOR|2023-01-01|2023-01-01|index,mapped_to_master_schema,"Source figure: fig_4.4.16; source chapter: 4. Economy | Korea-specific AI diffusion, labor market, or robotics deployment indicator. | {""date"": ""1/1/23""} | Original fields: {""country"": ""South Korea"", ""date"": ""1/1/23"", ""relative_ai_hiring_index"": ""-0.00566""}"
obs_bf675775ccb712,ai_index_fig_4_4_16_relative_ai_hiring_index,"AI vs. overall hiring rate growth by geographic area, 2018–25",Adoption and Industry,relative_ai_hiring_index,KOR,South Korea,KOR/USA/CHN,event,2023,2023-02-01,2023-02-01,2023-02-01,0.01242,0.01242,index,index,0.01242,Numeric value parsed; no unit conversion applied.,observed_metric,stanford_ai_index_2026_public_data_bundle,2026 AI Index Report public data bundle,https://hai.stanford.edu/ai-index,4. Economy\Data\fig_4.4.16.csv,,2026-05-03T06:51:20+00:00,medium_high,"Korea-specific AI diffusion, labor market, or robotics deployment indicator.",True,Only observation for indicator/country/period/unit.,5,ai_index_fig_4_4_16_relative_ai_hiring_index|KOR|2023-02-01|2023-02-01|index,mapped_to_master_schema,"Source figure: fig_4.4.16; source chapter: 4. Economy | Korea-specific AI diffusion, labor market, or robotics deployment indicator. | {""date"": ""2/1/23""} | Original fields: {""country"": ""South Korea"", ""date"": ""2/1/23"", ""relative_ai_hiring_index"": ""0.01242""}"
obs_7a9d8f25e68d90,ai_index_fig_4_4_16_relative_ai_hiring_index,"AI vs. overall hiring rate growth by geographic area, 2018–25",Adoption and Industry,relative_ai_hiring_index,KOR,South Korea,KOR/USA/CHN,event,2023,2023-03-01,2023-03-01,2023-03-01,-0.07189,-0.07189,index,index,-0.07189,Numeric value parsed; no unit conversion applied.,observed_metric,stanford_ai_index_2026_public_data_bundle,2026 AI Index Report public data bundle,https://hai.stanford.edu/ai-index,4. Economy\Data\fig_4.4.16.csv,,2026-05-03T06:51:20+00:00,medium_high,"Korea-specific AI diffusion, labor market, or robotics deployment indicator.",True,Only observation for indicator/country/period/unit.,5,ai_index_fig_4_4_16_relative_ai_hiring_index|KOR|2023-03-01|2023-03-01|index,mapped_to_master_schema,"Source figure: fig_4.4.16; source chapter: 4. Economy | Korea-specific AI diffusion, labor market, or robotics deployment indicator. | {""date"": ""3/1/23""} | Original fields: {""country"": ""South Korea"", ""date"": ""3/1/23"", ""relative_ai_hiring_index"": ""-0.07189""}"
obs_fbfe94505574a1,ai_index_fig_4_4_16_relative_ai_hiring_index,"AI vs. overall hiring rate growth by geographic area, 2018–25",Adoption and Industry,relative_ai_hiring_index,KOR,South Korea,KOR/USA/CHN,event,2023,2023-04-01,2023-04-01,2023-04-01,-0.1038,-0.1038,index,index,-0.1038,Numeric value parsed; no unit conversion applied.,observed_metric,stanford_ai_index_2026_public_data_bundle,2026 AI Index Report public data bundle,https://hai.stanford.edu/ai-index,4. Economy\Data\fig_4.4.16.csv,,2026-05-03T06:51:20+00:00,medium_high,"Korea-specific AI diffusion, labor market, or robotics deployment indicator.",True,Only observation for indicator/country/period/unit.,5,ai_index_fig_4_4_16_relative_ai_hiring_index|KOR|2023-04-01|2023-04-01|index,mapped_to_master_schema,"Source figure: fig_4.4.16; source chapter: 4. Economy | Korea-specific AI diffusion, labor market, or robotics deployment indicator. | {""date"": ""4/1/23""} | Original fields: {""country"": ""South Korea"", ""date"": ""4/1/23"", ""relative_ai_hiring_index"": ""-0.1038""}"
obs_62c21830e90f60,ai_index_fig_4_4_16_relative_ai_hiring_index,"AI vs. overall hiring rate growth by geographic area, 2018–25",Adoption and Industry,relative_ai_hiring_index,KOR,South Korea,KOR/USA/CHN,event,2023,2023-05-01,2023-05-01,2023-05-01,-0.14452,-0.14452,index,index,-0.14452,Numeric value parsed; no unit conversion applied.,observed_metric,stanford_ai_index_2026_public_data_bundle,2026 AI Index Report public data bundle,https://hai.stanford.edu/ai-index,4. Economy\Data\fig_4.4.16.csv,,2026-05-03T06:51:20+00:00,medium_high,"Korea-specific AI diffusion, labor market, or robotics deployment indicator.",True,Only observation for indicator/country/period/unit.,5,ai_index_fig_4_4_16_relative_ai_hiring_index|KOR|2023-05-01|2023-05-01|index,mapped_to_master_schema,"Source figure: fig_4.4.16; source chapter: 4. Economy | Korea-specific AI diffusion, labor market, or robotics deployment indicator. | {""date"": ""5/1/23""} | Original fields: {""country"": ""South Korea"", ""date"": ""5/1/23"", ""relative_ai_hiring_index"": ""-0.14452""}"
obs_94dcad7b0fecc8,ai_index_fig_4_4_16_relative_ai_hiring_index,"AI vs. overall hiring rate growth by geographic area, 2018–25",Adoption and Industry,relative_ai_hiring_index,KOR,South Korea,KOR/USA/CHN,event,2023,2023-06-01,2023-06-01,2023-06-01,-0.07812,-0.07812,index,index,-0.07812,Numeric value parsed; no unit conversion applied.,observed_metric,stanford_ai_index_2026_public_data_bundle,2026 AI Index Report public data bundle,https://hai.stanford.edu/ai-index,4. Economy\Data\fig_4.4.16.csv,,2026-05-03T06:51:20+00:00,medium_high,"Korea-specific AI diffusion, labor market, or robotics deployment indicator.",True,Only observation for indicator/country/period/unit.,5,ai_index_fig_4_4_16_relative_ai_hiring_index|KOR|2023-06-01|2023-06-01|index,mapped_to_master_schema,"Source figure: fig_4.4.16; source chapter: 4. Economy | Korea-specific AI diffusion, labor market, or robotics deployment indicator. | {""date"": ""6/1/23""} | Original fields: {""country"": ""South Korea"", ""date"": ""6/1/23"", ""relative_ai_hiring_index"": ""-0.07812""}"
obs_dac3c8f924befc,ai_index_fig_4_4_16_relative_ai_hiring_index,"AI vs. overall hiring rate growth by geographic area, 2018–25",Adoption and Industry,relative_ai_hiring_index,KOR,South Korea,KOR/USA/CHN,event,2023,2023-07-01,2023-07-01,2023-07-01,-0.05427,-0.05427,index,index,-0.05427,Numeric value parsed; no unit conversion applied.,observed_metric,stanford_ai_index_2026_public_data_bundle,2026 AI Index Report public data bundle,https://hai.stanford.edu/ai-index,4. Economy\Data\fig_4.4.16.csv,,2026-05-03T06:51:20+00:00,medium_high,"Korea-specific AI diffusion, labor market, or robotics deployment indicator.",True,Only observation for indicator/country/period/unit.,5,ai_index_fig_4_4_16_relative_ai_hiring_index|KOR|2023-07-01|2023-07-01|index,mapped_to_master_schema,"Source figure: fig_4.4.16; source chapter: 4. Economy | Korea-specific AI diffusion, labor market, or robotics deployment indicator. | {""date"": ""7/1/23""} | Original fields: {""country"": ""South Korea"", ""date"": ""7/1/23"", ""relative_ai_hiring_index"": ""-0.05427""}"
obs_473370e5e7b2cf,ai_index_fig_4_4_16_relative_ai_hiring_index,"AI vs. overall hiring rate growth by geographic area, 2018–25",Adoption and Industry,relative_ai_hiring_index,KOR,South Korea,KOR/USA/CHN,event,2023,2023-08-01,2023-08-01,2023-08-01,-0.02475,-0.02475,index,index,-0.02475,Numeric value parsed; no unit conversion applied.,observed_metric,stanford_ai_index_2026_public_data_bundle,2026 AI Index Report public data bundle,https://hai.stanford.edu/ai-index,4. Economy\Data\fig_4.4.16.csv,,2026-05-03T06:51:20+00:00,medium_high,"Korea-specific AI diffusion, labor market, or robotics deployment indicator.",True,Only observation for indicator/country/period/unit.,5,ai_index_fig_4_4_16_relative_ai_hiring_index|KOR|2023-08-01|2023-08-01|index,mapped_to_master_schema,"Source figure: fig_4.4.16; source chapter: 4. Economy | Korea-specific AI diffusion, labor market, or robotics deployment indicator. | {""date"": ""8/1/23""} | Original fields: {""country"": ""South Korea"", ""date"": ""8/1/23"", ""relative_ai_hiring_index"": ""-0.02475""}"
obs_f11a8277de0a5b,ai_index_fig_4_4_16_relative_ai_hiring_index,"AI vs. overall hiring rate growth by geographic area, 2018–25",Adoption and Industry,relative_ai_hiring_index,KOR,South Korea,KOR/USA/CHN,event,2023,2023-09-01,2023-09-01,2023-09-01,-0.01173,-0.01173,index,index,-0.01173,Numeric value parsed; no unit conversion applied.,observed_metric,stanford_ai_index_2026_public_data_bundle,2026 AI Index Report public data bundle,https://hai.stanford.edu/ai-index,4. Economy\Data\fig_4.4.16.csv,,2026-05-03T06:51:20+00:00,medium_high,"Korea-specific AI diffusion, labor market, or robotics deployment indicator.",True,Only observation for indicator/country/period/unit.,5,ai_index_fig_4_4_16_relative_ai_hiring_index|KOR|2023-09-01|2023-09-01|index,mapped_to_master_schema,"Source figure: fig_4.4.16; source chapter: 4. Economy | Korea-specific AI diffusion, labor market, or robotics deployment indicator. | {""date"": ""9/1/23""} | Original fields: {""country"": ""South Korea"", ""date"": ""9/1/23"", ""relative_ai_hiring_index"": ""-0.01173""}"
obs_9e5b6fd607da13,ai_index_fig_4_4_16_relative_ai_hiring_index,"AI vs. overall hiring rate growth by geographic area, 2018–25",Adoption and Industry,relative_ai_hiring_index,KOR,South Korea,KOR/USA/CHN,event,2023,2023-10-01,2023-10-01,2023-10-01,0.05139,0.05139,index,index,0.05139,Numeric value parsed; no unit conversion applied.,observed_metric,stanford_ai_index_2026_public_data_bundle,2026 AI Index Report public data bundle,https://hai.stanford.edu/ai-index,4. Economy\Data\fig_4.4.16.csv,,2026-05-03T06:51:20+00:00,medium_high,"Korea-specific AI diffusion, labor market, or robotics deployment indicator.",True,Only observation for indicator/country/period/unit.,5,ai_index_fig_4_4_16_relative_ai_hiring_index|KOR|2023-10-01|2023-10-01|index,mapped_to_master_schema,"Source figure: fig_4.4.16; source chapter: 4. Economy | Korea-specific AI diffusion, labor market, or robotics deployment indicator. | {""date"": ""10/1/23""} | Original fields: {""country"": ""South Korea"", ""date"": ""10/1/23"", ""relative_ai_hiring_index"": ""0.05139""}"
obs_ce1bdd5e3cf1bd,ai_index_fig_4_4_16_relative_ai_hiring_index,"AI vs. overall hiring rate growth by geographic area, 2018–25",Adoption and Industry,relative_ai_hiring_index,KOR,South Korea,KOR/USA/CHN,event,2023,2023-11-01,2023-11-01,2023-11-01,0.02968,0.02968,index,index,0.02968,Numeric value parsed; no unit conversion applied.,observed_metric,stanford_ai_index_2026_public_data_bundle,2026 AI Index Report public data bundle,https://hai.stanford.edu/ai-index,4. Economy\Data\fig_4.4.16.csv,,2026-05-03T06:51:20+00:00,medium_high,"Korea-specific AI diffusion, labor market, or robotics deployment indicator.",True,Only observation for indicator/country/period/unit.,5,ai_index_fig_4_4_16_relative_ai_hiring_index|KOR|2023-11-01|2023-11-01|index,mapped_to_master_schema,"Source figure: fig_4.4.16; source chapter: 4. Economy | Korea-specific AI diffusion, labor market, or robotics deployment indicator. | {""date"": ""11/1/23""} | Original fields: {""country"": ""South Korea"", ""date"": ""11/1/23"", ""relative_ai_hiring_index"": ""0.02968""}"
obs_053710652174dc,ai_index_fig_4_4_16_relative_ai_hiring_index,"AI vs. overall hiring rate growth by geographic area, 2018–25",Adoption and Industry,relative_ai_hiring_index,KOR,South Korea,KOR/USA/CHN,event,2023,2023-12-01,2023-12-01,2023-12-01,0.07735,0.07735,index,index,0.07735,Numeric value parsed; no unit conversion applied.,observed_metric,stanford_ai_index_2026_public_data_bundle,2026 AI Index Report public data bundle,https://hai.stanford.edu/ai-index,4. Economy\Data\fig_4.4.16.csv,,2026-05-03T06:51:20+00:00,medium_high,"Korea-specific AI diffusion, labor market, or robotics deployment indicator.",True,Only observation for indicator/country/period/unit.,5,ai_index_fig_4_4_16_relative_ai_hiring_index|KOR|2023-12-01|2023-12-01|index,mapped_to_master_schema,"Source figure: fig_4.4.16; source chapter: 4. Economy | Korea-specific AI diffusion, labor market, or robotics deployment indicator. | {""date"": ""12/1/23""} | Original fields: {""country"": ""South Korea"", ""date"": ""12/1/23"", ""relative_ai_hiring_index"": ""0.07735""}"
obs_a84c88ee9c52f9,ai_index_fig_4_4_16_relative_ai_hiring_index,"AI vs. overall hiring rate growth by geographic area, 2018–25",Adoption and Industry,relative_ai_hiring_index,KOR,South Korea,KOR/USA/CHN,event,2024,2024-01-01,2024-01-01,2024-01-01,0.0225,0.0225,index,index,0.0225,Numeric value parsed; no unit conversion applied.,observed_metric,stanford_ai_index_2026_public_data_bundle,2026 AI Index Report public data bundle,https://hai.stanford.edu/ai-index,4. Economy\Data\fig_4.4.16.csv,,2026-05-03T06:51:20+00:00,medium_high,"Korea-specific AI diffusion, labor market, or robotics deployment indicator.",True,Only observation for indicator/country/period/unit.,5,ai_index_fig_4_4_16_relative_ai_hiring_index|KOR|2024-01-01|2024-01-01|index,mapped_to_master_schema,"Source figure: fig_4.4.16; source chapter: 4. Economy | Korea-specific AI diffusion, labor market, or robotics deployment indicator. | {""date"": ""1/1/24""} | Original fields: {""country"": ""South Korea"", ""date"": ""1/1/24"", ""relative_ai_hiring_index"": ""0.0225""}"
obs_2b270752cb16bf,ai_index_fig_4_4_16_relative_ai_hiring_index,"AI vs. overall hiring rate growth by geographic area, 2018–25",Adoption and Industry,relative_ai_hiring_index,KOR,South Korea,KOR/USA/CHN,event,2024,2024-02-01,2024-02-01,2024-02-01,0.03095,0.03095,index,index,0.03095,Numeric value parsed; no unit conversion applied.,observed_metric,stanford_ai_index_2026_public_data_bundle,2026 AI Index Report public data bundle,https://hai.stanford.edu/ai-index,4. Economy\Data\fig_4.4.16.csv,,2026-05-03T06:51:20+00:00,medium_high,"Korea-specific AI diffusion, labor market, or robotics deployment indicator.",True,Only observation for indicator/country/period/unit.,5,ai_index_fig_4_4_16_relative_ai_hiring_index|KOR|2024-02-01|2024-02-01|index,mapped_to_master_schema,"Source figure: fig_4.4.16; source chapter: 4. Economy | Korea-specific AI diffusion, labor market, or robotics deployment indicator. | {""date"": ""2/1/24""} | Original fields: {""country"": ""South Korea"", ""date"": ""2/1/24"", ""relative_ai_hiring_index"": ""0.03095""}"
obs_8f18ea25e06a37,ai_index_fig_4_4_16_relative_ai_hiring_index,"AI vs. overall hiring rate growth by geographic area, 2018–25",Adoption and Industry,relative_ai_hiring_index,KOR,South Korea,KOR/USA/CHN,event,2024,2024-03-01,2024-03-01,2024-03-01,0.08053,0.08053,index,index,0.08053,Numeric value parsed; no unit conversion applied.,observed_metric,stanford_ai_index_2026_public_data_bundle,2026 AI Index Report public data bundle,https://hai.stanford.edu/ai-index,4. Economy\Data\fig_4.4.16.csv,,2026-05-03T06:51:20+00:00,medium_high,"Korea-specific AI diffusion, labor market, or robotics deployment indicator.",True,Only observation for indicator/country/period/unit.,5,ai_index_fig_4_4_16_relative_ai_hiring_index|KOR|2024-03-01|2024-03-01|index,mapped_to_master_schema,"Source figure: fig_4.4.16; source chapter: 4. Economy | Korea-specific AI diffusion, labor market, or robotics deployment indicator. | {""date"": ""3/1/24""} | Original fields: {""country"": ""South Korea"", ""date"": ""3/1/24"", ""relative_ai_hiring_index"": ""0.08053""}"
obs_27b4bf10e2b341,ai_index_fig_4_4_16_relative_ai_hiring_index,"AI vs. overall hiring rate growth by geographic area, 2018–25",Adoption and Industry,relative_ai_hiring_index,KOR,South Korea,KOR/USA/CHN,event,2024,2024-04-01,2024-04-01,2024-04-01,0.18437,0.18437,index,index,0.18437,Numeric value parsed; no unit conversion applied.,observed_metric,stanford_ai_index_2026_public_data_bundle,2026 AI Index Report public data bundle,https://hai.stanford.edu/ai-index,4. Economy\Data\fig_4.4.16.csv,,2026-05-03T06:51:20+00:00,medium_high,"Korea-specific AI diffusion, labor market, or robotics deployment indicator.",True,Only observation for indicator/country/period/unit.,5,ai_index_fig_4_4_16_relative_ai_hiring_index|KOR|2024-04-01|2024-04-01|index,mapped_to_master_schema,"Source figure: fig_4.4.16; source chapter: 4. Economy | Korea-specific AI diffusion, labor market, or robotics deployment indicator. | {""date"": ""4/1/24""} | Original fields: {""country"": ""South Korea"", ""date"": ""4/1/24"", ""relative_ai_hiring_index"": ""0.18437""}"
obs_5ba3774b83b6dc,ai_index_fig_4_4_16_relative_ai_hiring_index,"AI vs. overall hiring rate growth by geographic area, 2018–25",Adoption and Industry,relative_ai_hiring_index,KOR,South Korea,KOR/USA/CHN,event,2024,2024-05-01,2024-05-01,2024-05-01,0.23133,0.23133,index,index,0.23133,Numeric value parsed; no unit conversion applied.,observed_metric,stanford_ai_index_2026_public_data_bundle,2026 AI Index Report public data bundle,https://hai.stanford.edu/ai-index,4. Economy\Data\fig_4.4.16.csv,,2026-05-03T06:51:20+00:00,medium_high,"Korea-specific AI diffusion, labor market, or robotics deployment indicator.",True,Only observation for indicator/country/period/unit.,5,ai_index_fig_4_4_16_relative_ai_hiring_index|KOR|2024-05-01|2024-05-01|index,mapped_to_master_schema,"Source figure: fig_4.4.16; source chapter: 4. Economy | Korea-specific AI diffusion, labor market, or robotics deployment indicator. | {""date"": ""5/1/24""} | Original fields: {""country"": ""South Korea"", ""date"": ""5/1/24"", ""relative_ai_hiring_index"": ""0.23133""}"
obs_8b20f27ab98711,ai_index_fig_4_4_16_relative_ai_hiring_index,"AI vs. overall hiring rate growth by geographic area, 2018–25",Adoption and Industry,relative_ai_hiring_index,KOR,South Korea,KOR/USA/CHN,event,2024,2024-06-01,2024-06-01,2024-06-01,0.22367,0.22367,index,index,0.22367,Numeric value parsed; no unit conversion applied.,observed_metric,stanford_ai_index_2026_public_data_bundle,2026 AI Index Report public data bundle,https://hai.stanford.edu/ai-index,4. Economy\Data\fig_4.4.16.csv,,2026-05-03T06:51:20+00:00,medium_high,"Korea-specific AI diffusion, labor market, or robotics deployment indicator.",True,Only observation for indicator/country/period/unit.,5,ai_index_fig_4_4_16_relative_ai_hiring_index|KOR|2024-06-01|2024-06-01|index,mapped_to_master_schema,"Source figure: fig_4.4.16; source chapter: 4. Economy | Korea-specific AI diffusion, labor market, or robotics deployment indicator. | {""date"": ""6/1/24""} | Original fields: {""country"": ""South Korea"", ""date"": ""6/1/24"", ""relative_ai_hiring_index"": ""0.22367""}"
obs_d0b57b42e84d70,ai_index_fig_4_4_16_relative_ai_hiring_index,"AI vs. overall hiring rate growth by geographic area, 2018–25",Adoption and Industry,relative_ai_hiring_index,KOR,South Korea,KOR/USA/CHN,event,2024,2024-07-01,2024-07-01,2024-07-01,0.22758,0.22758,index,index,0.22758,Numeric value parsed; no unit conversion applied.,observed_metric,stanford_ai_index_2026_public_data_bundle,2026 AI Index Report public data bundle,https://hai.stanford.edu/ai-index,4. Economy\Data\fig_4.4.16.csv,,2026-05-03T06:51:20+00:00,medium_high,"Korea-specific AI diffusion, labor market, or robotics deployment indicator.",True,Only observation for indicator/country/period/unit.,5,ai_index_fig_4_4_16_relative_ai_hiring_index|KOR|2024-07-01|2024-07-01|index,mapped_to_master_schema,"Source figure: fig_4.4.16; source chapter: 4. Economy | Korea-specific AI diffusion, labor market, or robotics deployment indicator. | {""date"": ""7/1/24""} | Original fields: {""country"": ""South Korea"", ""date"": ""7/1/24"", ""relative_ai_hiring_index"": ""0.22758""}"
obs_47c7467875d3ac,ai_index_fig_4_4_16_relative_ai_hiring_index,"AI vs. overall hiring rate growth by geographic area, 2018–25",Adoption and Industry,relative_ai_hiring_index,KOR,South Korea,KOR/USA/CHN,event,2024,2024-08-01,2024-08-01,2024-08-01,0.20183,0.20183,index,index,0.20183,Numeric value parsed; no unit conversion applied.,observed_metric,stanford_ai_index_2026_public_data_bundle,2026 AI Index Report public data bundle,https://hai.stanford.edu/ai-index,4. Economy\Data\fig_4.4.16.csv,,2026-05-03T06:51:20+00:00,medium_high,"Korea-specific AI diffusion, labor market, or robotics deployment indicator.",True,Only observation for indicator/country/period/unit.,5,ai_index_fig_4_4_16_relative_ai_hiring_index|KOR|2024-08-01|2024-08-01|index,mapped_to_master_schema,"Source figure: fig_4.4.16; source chapter: 4. Economy | Korea-specific AI diffusion, labor market, or robotics deployment indicator. | {""date"": ""8/1/24""} | Original fields: {""country"": ""South Korea"", ""date"": ""8/1/24"", ""relative_ai_hiring_index"": ""0.20183""}"
obs_c530c208643f08,ai_index_fig_4_4_16_relative_ai_hiring_index,"AI vs. overall hiring rate growth by geographic area, 2018–25",Adoption and Industry,relative_ai_hiring_index,KOR,South Korea,KOR/USA/CHN,event,2024,2024-09-01,2024-09-01,2024-09-01,0.11821,0.11821,index,index,0.11821,Numeric value parsed; no unit conversion applied.,observed_metric,stanford_ai_index_2026_public_data_bundle,2026 AI Index Report public data bundle,https://hai.stanford.edu/ai-index,4. Economy\Data\fig_4.4.16.csv,,2026-05-03T06:51:20+00:00,medium_high,"Korea-specific AI diffusion, labor market, or robotics deployment indicator.",True,Only observation for indicator/country/period/unit.,5,ai_index_fig_4_4_16_relative_ai_hiring_index|KOR|2024-09-01|2024-09-01|index,mapped_to_master_schema,"Source figure: fig_4.4.16; source chapter: 4. Economy | Korea-specific AI diffusion, labor market, or robotics deployment indicator. | {""date"": ""9/1/24""} | Original fields: {""country"": ""South Korea"", ""date"": ""9/1/24"", ""relative_ai_hiring_index"": ""0.11821""}"
obs_0dba1dbe372bf5,ai_index_fig_4_4_16_relative_ai_hiring_index,"AI vs. overall hiring rate growth by geographic area, 2018–25",Adoption and Industry,relative_ai_hiring_index,KOR,South Korea,KOR/USA/CHN,event,2024,2024-10-01,2024-10-01,2024-10-01,0.01517,0.01517,index,index,0.01517,Numeric value parsed; no unit conversion applied.,observed_metric,stanford_ai_index_2026_public_data_bundle,2026 AI Index Report public data bundle,https://hai.stanford.edu/ai-index,4. Economy\Data\fig_4.4.16.csv,,2026-05-03T06:51:20+00:00,medium_high,"Korea-specific AI diffusion, labor market, or robotics deployment indicator.",True,Only observation for indicator/country/period/unit.,5,ai_index_fig_4_4_16_relative_ai_hiring_index|KOR|2024-10-01|2024-10-01|index,mapped_to_master_schema,"Source figure: fig_4.4.16; source chapter: 4. Economy | Korea-specific AI diffusion, labor market, or robotics deployment indicator. | {""date"": ""10/1/24""} | Original fields: {""country"": ""South Korea"", ""date"": ""10/1/24"", ""relative_ai_hiring_index"": ""0.01517""}"
obs_eb6f27d619c4b2,ai_index_fig_4_4_16_relative_ai_hiring_index,"AI vs. overall hiring rate growth by geographic area, 2018–25",Adoption and Industry,relative_ai_hiring_index,KOR,South Korea,KOR/USA/CHN,event,2024,2024-11-01,2024-11-01,2024-11-01,0.04413,0.04413,index,index,0.04413,Numeric value parsed; no unit conversion applied.,observed_metric,stanford_ai_index_2026_public_data_bundle,2026 AI Index Report public data bundle,https://hai.stanford.edu/ai-index,4. Economy\Data\fig_4.4.16.csv,,2026-05-03T06:51:20+00:00,medium_high,"Korea-specific AI diffusion, labor market, or robotics deployment indicator.",True,Only observation for indicator/country/period/unit.,5,ai_index_fig_4_4_16_relative_ai_hiring_index|KOR|2024-11-01|2024-11-01|index,mapped_to_master_schema,"Source figure: fig_4.4.16; source chapter: 4. Economy | Korea-specific AI diffusion, labor market, or robotics deployment indicator. | {""date"": ""11/1/24""} | Original fields: {""country"": ""South Korea"", ""date"": ""11/1/24"", ""relative_ai_hiring_index"": ""0.04413""}"
obs_2a95d6f8dbddd9,ai_index_fig_4_4_16_relative_ai_hiring_index,"AI vs. overall hiring rate growth by geographic area, 2018–25",Adoption and Industry,relative_ai_hiring_index,KOR,South Korea,KOR/USA/CHN,event,2024,2024-12-01,2024-12-01,2024-12-01,0.05736,0.05736,index,index,0.05736,Numeric value parsed; no unit conversion applied.,observed_metric,stanford_ai_index_2026_public_data_bundle,2026 AI Index Report public data bundle,https://hai.stanford.edu/ai-index,4. Economy\Data\fig_4.4.16.csv,,2026-05-03T06:51:20+00:00,medium_high,"Korea-specific AI diffusion, labor market, or robotics deployment indicator.",True,Only observation for indicator/country/period/unit.,5,ai_index_fig_4_4_16_relative_ai_hiring_index|KOR|2024-12-01|2024-12-01|index,mapped_to_master_schema,"Source figure: fig_4.4.16; source chapter: 4. Economy | Korea-specific AI diffusion, labor market, or robotics deployment indicator. | {""date"": ""12/1/24""} | Original fields: {""country"": ""South Korea"", ""date"": ""12/1/24"", ""relative_ai_hiring_index"": ""0.05736""}"
obs_94011afc4e2701,ai_index_fig_4_4_16_relative_ai_hiring_index,"AI vs. overall hiring rate growth by geographic area, 2018–25",Adoption and Industry,relative_ai_hiring_index,KOR,South Korea,KOR/USA/CHN,event,2025,2025-01-01,2025-01-01,2025-01-01,0.04477,0.04477,index,index,0.04477,Numeric value parsed; no unit conversion applied.,observed_metric,stanford_ai_index_2026_public_data_bundle,2026 AI Index Report public data bundle,https://hai.stanford.edu/ai-index,4. Economy\Data\fig_4.4.16.csv,,2026-05-03T06:51:20+00:00,medium_high,"Korea-specific AI diffusion, labor market, or robotics deployment indicator.",True,Only observation for indicator/country/period/unit.,5,ai_index_fig_4_4_16_relative_ai_hiring_index|KOR|2025-01-01|2025-01-01|index,mapped_to_master_schema,"Source figure: fig_4.4.16; source chapter: 4. Economy | Korea-specific AI diffusion, labor market, or robotics deployment indicator. | {""date"": ""1/1/25""} | Original fields: {""country"": ""South Korea"", ""date"": ""1/1/25"", ""relative_ai_hiring_index"": ""0.04477""}"
obs_65a8b75fc263f8,ai_index_fig_4_4_16_relative_ai_hiring_index,"AI vs. overall hiring rate growth by geographic area, 2018–25",Adoption and Industry,relative_ai_hiring_index,KOR,South Korea,KOR/USA/CHN,event,2025,2025-02-01,2025-02-01,2025-02-01,0.04517,0.04517,index,index,0.04517,Numeric value parsed; no unit conversion applied.,observed_metric,stanford_ai_index_2026_public_data_bundle,2026 AI Index Report public data bundle,https://hai.stanford.edu/ai-index,4. Economy\Data\fig_4.4.16.csv,,2026-05-03T06:51:20+00:00,medium_high,"Korea-specific AI diffusion, labor market, or robotics deployment indicator.",True,Only observation for indicator/country/period/unit.,5,ai_index_fig_4_4_16_relative_ai_hiring_index|KOR|2025-02-01|2025-02-01|index,mapped_to_master_schema,"Source figure: fig_4.4.16; source chapter: 4. Economy | Korea-specific AI diffusion, labor market, or robotics deployment indicator. | {""date"": ""2/1/25""} | Original fields: {""country"": ""South Korea"", ""date"": ""2/1/25"", ""relative_ai_hiring_index"": ""0.04517""}"
obs_c6639aecbb6a36,ai_index_fig_4_4_16_relative_ai_hiring_index,"AI vs. overall hiring rate growth by geographic area, 2018–25",Adoption and Industry,relative_ai_hiring_index,KOR,South Korea,KOR/USA/CHN,event,2025,2025-03-01,2025-03-01,2025-03-01,-0.00324,-0.00324,index,index,-0.00324,Numeric value parsed; no unit conversion applied.,observed_metric,stanford_ai_index_2026_public_data_bundle,2026 AI Index Report public data bundle,https://hai.stanford.edu/ai-index,4. Economy\Data\fig_4.4.16.csv,,2026-05-03T06:51:20+00:00,medium_high,"Korea-specific AI diffusion, labor market, or robotics deployment indicator.",True,Only observation for indicator/country/period/unit.,5,ai_index_fig_4_4_16_relative_ai_hiring_index|KOR|2025-03-01|2025-03-01|index,mapped_to_master_schema,"Source figure: fig_4.4.16; source chapter: 4. Economy | Korea-specific AI diffusion, labor market, or robotics deployment indicator. | {""date"": ""3/1/25""} | Original fields: {""country"": ""South Korea"", ""date"": ""3/1/25"", ""relative_ai_hiring_index"": ""-0.00324""}"
obs_cd11de7e6ff9e2,ai_index_fig_4_4_16_relative_ai_hiring_index,"AI vs. overall hiring rate growth by geographic area, 2018–25",Adoption and Industry,relative_ai_hiring_index,KOR,South Korea,KOR/USA/CHN,event,2025,2025-04-01,2025-04-01,2025-04-01,0.02983,0.02983,index,index,0.02983,Numeric value parsed; no unit conversion applied.,observed_metric,stanford_ai_index_2026_public_data_bundle,2026 AI Index Report public data bundle,https://hai.stanford.edu/ai-index,4. Economy\Data\fig_4.4.16.csv,,2026-05-03T06:51:20+00:00,medium_high,"Korea-specific AI diffusion, labor market, or robotics deployment indicator.",True,Only observation for indicator/country/period/unit.,5,ai_index_fig_4_4_16_relative_ai_hiring_index|KOR|2025-04-01|2025-04-01|index,mapped_to_master_schema,"Source figure: fig_4.4.16; source chapter: 4. Economy | Korea-specific AI diffusion, labor market, or robotics deployment indicator. | {""date"": ""4/1/25""} | Original fields: {""country"": ""South Korea"", ""date"": ""4/1/25"", ""relative_ai_hiring_index"": ""0.02983""}"
obs_f0a8405dab11eb,ai_index_fig_4_4_16_relative_ai_hiring_index,"AI vs. overall hiring rate growth by geographic area, 2018–25",Adoption and Industry,relative_ai_hiring_index,KOR,South Korea,KOR/USA/CHN,event,2025,2025-05-01,2025-05-01,2025-05-01,0.02835,0.02835,index,index,0.02835,Numeric value parsed; no unit conversion applied.,observed_metric,stanford_ai_index_2026_public_data_bundle,2026 AI Index Report public data bundle,https://hai.stanford.edu/ai-index,4. Economy\Data\fig_4.4.16.csv,,2026-05-03T06:51:20+00:00,medium_high,"Korea-specific AI diffusion, labor market, or robotics deployment indicator.",True,Only observation for indicator/country/period/unit.,5,ai_index_fig_4_4_16_relative_ai_hiring_index|KOR|2025-05-01|2025-05-01|index,mapped_to_master_schema,"Source figure: fig_4.4.16; source chapter: 4. Economy | Korea-specific AI diffusion, labor market, or robotics deployment indicator. | {""date"": ""5/1/25""} | Original fields: {""country"": ""South Korea"", ""date"": ""5/1/25"", ""relative_ai_hiring_index"": ""0.02835""}"
obs_f750b4ad4410bb,ai_index_fig_4_4_16_relative_ai_hiring_index,"AI vs. overall hiring rate growth by geographic area, 2018–25",Adoption and Industry,relative_ai_hiring_index,KOR,South Korea,KOR/USA/CHN,event,2025,2025-06-01,2025-06-01,2025-06-01,0.00019,0.00019,index,index,0.00019,Numeric value parsed; no unit conversion applied.,observed_metric,stanford_ai_index_2026_public_data_bundle,2026 AI Index Report public data bundle,https://hai.stanford.edu/ai-index,4. Economy\Data\fig_4.4.16.csv,,2026-05-03T06:51:20+00:00,medium_high,"Korea-specific AI diffusion, labor market, or robotics deployment indicator.",True,Only observation for indicator/country/period/unit.,5,ai_index_fig_4_4_16_relative_ai_hiring_index|KOR|2025-06-01|2025-06-01|index,mapped_to_master_schema,"Source figure: fig_4.4.16; source chapter: 4. Economy | Korea-specific AI diffusion, labor market, or robotics deployment indicator. | {""date"": ""6/1/25""} | Original fields: {""country"": ""South Korea"", ""date"": ""6/1/25"", ""relative_ai_hiring_index"": ""0.00019""}"
obs_cbc91dec8479eb,ai_index_fig_4_4_16_relative_ai_hiring_index,"AI vs. overall hiring rate growth by geographic area, 2018–25",Adoption and Industry,relative_ai_hiring_index,KOR,South Korea,KOR/USA/CHN,event,2025,2025-07-01,2025-07-01,2025-07-01,-0.05984,-0.05984,index,index,-0.05984,Numeric value parsed; no unit conversion applied.,observed_metric,stanford_ai_index_2026_public_data_bundle,2026 AI Index Report public data bundle,https://hai.stanford.edu/ai-index,4. Economy\Data\fig_4.4.16.csv,,2026-05-03T06:51:20+00:00,medium_high,"Korea-specific AI diffusion, labor market, or robotics deployment indicator.",True,Only observation for indicator/country/period/unit.,5,ai_index_fig_4_4_16_relative_ai_hiring_index|KOR|2025-07-01|2025-07-01|index,mapped_to_master_schema,"Source figure: fig_4.4.16; source chapter: 4. Economy | Korea-specific AI diffusion, labor market, or robotics deployment indicator. | {""date"": ""7/1/25""} | Original fields: {""country"": ""South Korea"", ""date"": ""7/1/25"", ""relative_ai_hiring_index"": ""-0.05984""}"
obs_9514509382c6f5,ai_index_fig_4_4_16_relative_ai_hiring_index,"AI vs. overall hiring rate growth by geographic area, 2018–25",Adoption and Industry,relative_ai_hiring_index,KOR,South Korea,KOR/USA/CHN,event,2025,2025-08-01,2025-08-01,2025-08-01,-0.06805,-0.06805,index,index,-0.06805,Numeric value parsed; no unit conversion applied.,observed_metric,stanford_ai_index_2026_public_data_bundle,2026 AI Index Report public data bundle,https://hai.stanford.edu/ai-index,4. Economy\Data\fig_4.4.16.csv,,2026-05-03T06:51:20+00:00,medium_high,"Korea-specific AI diffusion, labor market, or robotics deployment indicator.",True,Only observation for indicator/country/period/unit.,5,ai_index_fig_4_4_16_relative_ai_hiring_index|KOR|2025-08-01|2025-08-01|index,mapped_to_master_schema,"Source figure: fig_4.4.16; source chapter: 4. Economy | Korea-specific AI diffusion, labor market, or robotics deployment indicator. | {""date"": ""8/1/25""} | Original fields: {""country"": ""South Korea"", ""date"": ""8/1/25"", ""relative_ai_hiring_index"": ""-0.06805""}"
obs_ac1172f13d36c7,ai_index_fig_4_4_16_relative_ai_hiring_index,"AI vs. overall hiring rate growth by geographic area, 2018–25",Adoption and Industry,relative_ai_hiring_index,KOR,South Korea,KOR/USA/CHN,event,2025,2025-09-01,2025-09-01,2025-09-01,0.04498,0.04498,index,index,0.04498,Numeric value parsed; no unit conversion applied.,observed_metric,stanford_ai_index_2026_public_data_bundle,2026 AI Index Report public data bundle,https://hai.stanford.edu/ai-index,4. Economy\Data\fig_4.4.16.csv,,2026-05-03T06:51:20+00:00,medium_high,"Korea-specific AI diffusion, labor market, or robotics deployment indicator.",True,Only observation for indicator/country/period/unit.,5,ai_index_fig_4_4_16_relative_ai_hiring_index|KOR|2025-09-01|2025-09-01|index,mapped_to_master_schema,"Source figure: fig_4.4.16; source chapter: 4. Economy | Korea-specific AI diffusion, labor market, or robotics deployment indicator. | {""date"": ""9/1/25""} | Original fields: {""country"": ""South Korea"", ""date"": ""9/1/25"", ""relative_ai_hiring_index"": ""0.04498""}"
obs_4561ff4a862fb0,ai_index_fig_4_4_16_relative_ai_hiring_index,"AI vs. overall hiring rate growth by geographic area, 2018–25",Adoption and Industry,relative_ai_hiring_index,KOR,South Korea,KOR/USA/CHN,event,2025,2025-10-01,2025-10-01,2025-10-01,0.14805,0.14805,index,index,0.14805,Numeric value parsed; no unit conversion applied.,observed_metric,stanford_ai_index_2026_public_data_bundle,2026 AI Index Report public data bundle,https://hai.stanford.edu/ai-index,4. Economy\Data\fig_4.4.16.csv,,2026-05-03T06:51:20+00:00,medium_high,"Korea-specific AI diffusion, labor market, or robotics deployment indicator.",True,Only observation for indicator/country/period/unit.,5,ai_index_fig_4_4_16_relative_ai_hiring_index|KOR|2025-10-01|2025-10-01|index,mapped_to_master_schema,"Source figure: fig_4.4.16; source chapter: 4. Economy | Korea-specific AI diffusion, labor market, or robotics deployment indicator. | {""date"": ""10/1/25""} | Original fields: {""country"": ""South Korea"", ""date"": ""10/1/25"", ""relative_ai_hiring_index"": ""0.14805""}"
obs_40f93a5b1c31ce,ai_index_fig_4_4_16_relative_ai_hiring_index,"AI vs. overall hiring rate growth by geographic area, 2018–25",Adoption and Industry,relative_ai_hiring_index,KOR,South Korea,KOR/USA/CHN,event,2025,2025-11-01,2025-11-01,2025-11-01,0.12905,0.12905,index,index,0.12905,Numeric value parsed; no unit conversion applied.,observed_metric,stanford_ai_index_2026_public_data_bundle,2026 AI Index Report public data bundle,https://hai.stanford.edu/ai-index,4. Economy\Data\fig_4.4.16.csv,,2026-05-03T06:51:20+00:00,medium_high,"Korea-specific AI diffusion, labor market, or robotics deployment indicator.",True,Only observation for indicator/country/period/unit.,5,ai_index_fig_4_4_16_relative_ai_hiring_index|KOR|2025-11-01|2025-11-01|index,mapped_to_master_schema,"Source figure: fig_4.4.16; source chapter: 4. Economy | Korea-specific AI diffusion, labor market, or robotics deployment indicator. | {""date"": ""11/1/25""} | Original fields: {""country"": ""South Korea"", ""date"": ""11/1/25"", ""relative_ai_hiring_index"": ""0.12905""}"
obs_55fdf3a6e42a81,ai_index_fig_4_4_16_relative_ai_hiring_index,"AI vs. overall hiring rate growth by geographic area, 2018–25",Adoption and Industry,relative_ai_hiring_index,KOR,South Korea,KOR/USA/CHN,event,2025,2025-12-01,2025-12-01,2025-12-01,0.09931,0.09931,index,index,0.09931,Numeric value parsed; no unit conversion applied.,observed_metric,stanford_ai_index_2026_public_data_bundle,2026 AI Index Report public data bundle,https://hai.stanford.edu/ai-index,4. Economy\Data\fig_4.4.16.csv,,2026-05-03T06:51:20+00:00,medium_high,"Korea-specific AI diffusion, labor market, or robotics deployment indicator.",True,Only observation for indicator/country/period/unit.,5,ai_index_fig_4_4_16_relative_ai_hiring_index|KOR|2025-12-01|2025-12-01|index,mapped_to_master_schema,"Source figure: fig_4.4.16; source chapter: 4. Economy | Korea-specific AI diffusion, labor market, or robotics deployment indicator. | {""date"": ""12/1/25""} | Original fields: {""country"": ""South Korea"", ""date"": ""12/1/25"", ""relative_ai_hiring_index"": ""0.09931""}"
obs_a8aa0361c6b371,ai_index_fig_4_4_24_netflow_per_10k,"Net AI talent migration per 10,000 LinkedIn members by geographic area, 2021–25",Adoption and Industry,netflow_per_10K,KOR,South Korea,KOR/USA/CHN,event,2021,2021-01-01,2021-01-01,2021-01-01,0.11677,0.11677,,,0.11677,Numeric value parsed; no unit conversion applied.,observed_metric,stanford_ai_index_2026_public_data_bundle,2026 AI Index Report public data bundle,https://hai.stanford.edu/ai-index,4. Economy\Data\fig_4.4.24.csv,,2026-05-03T06:51:20+00:00,medium_high,"Korea-specific AI diffusion, labor market, or robotics deployment indicator.",True,Only observation for indicator/country/period/unit.,5,ai_index_fig_4_4_24_netflow_per_10k|KOR|2021-01-01|2021-01-01|,mapped_to_master_schema,"Source figure: fig_4.4.24; source chapter: 4. Economy | Korea-specific AI diffusion, labor market, or robotics deployment indicator. | {""year"": ""1/1/21""} | No unit supplied by source. | Original fields: {""country"": ""South Korea"", ""netflow_per_10K"": ""0.11677"", ""year"": ""1/1/21""}"
obs_6c9d30fe03e29c,ai_index_fig_4_4_24_netflow_per_10k,"Net AI talent migration per 10,000 LinkedIn members by geographic area, 2021–25",Adoption and Industry,netflow_per_10K,KOR,South Korea,KOR/USA/CHN,event,2022,2022-01-01,2022-01-01,2022-01-01,-0.03101,-0.03101,,,-0.03101,Numeric value parsed; no unit conversion applied.,observed_metric,stanford_ai_index_2026_public_data_bundle,2026 AI Index Report public data bundle,https://hai.stanford.edu/ai-index,4. Economy\Data\fig_4.4.24.csv,,2026-05-03T06:51:20+00:00,medium_high,"Korea-specific AI diffusion, labor market, or robotics deployment indicator.",True,Only observation for indicator/country/period/unit.,5,ai_index_fig_4_4_24_netflow_per_10k|KOR|2022-01-01|2022-01-01|,mapped_to_master_schema,"Source figure: fig_4.4.24; source chapter: 4. Economy | Korea-specific AI diffusion, labor market, or robotics deployment indicator. | {""year"": ""1/1/22""} | No unit supplied by source. | Original fields: {""country"": ""South Korea"", ""netflow_per_10K"": ""-0.03101"", ""year"": ""1/1/22""}"
obs_63d489baf78611,ai_index_fig_4_4_24_netflow_per_10k,"Net AI talent migration per 10,000 LinkedIn members by geographic area, 2021–25",Adoption and Industry,netflow_per_10K,KOR,South Korea,KOR/USA/CHN,event,2023,2023-01-01,2023-01-01,2023-01-01,-0.44279,-0.44279,,,-0.44279,Numeric value parsed; no unit conversion applied.,observed_metric,stanford_ai_index_2026_public_data_bundle,2026 AI Index Report public data bundle,https://hai.stanford.edu/ai-index,4. Economy\Data\fig_4.4.24.csv,,2026-05-03T06:51:20+00:00,medium_high,"Korea-specific AI diffusion, labor market, or robotics deployment indicator.",True,Only observation for indicator/country/period/unit.,5,ai_index_fig_4_4_24_netflow_per_10k|KOR|2023-01-01|2023-01-01|,mapped_to_master_schema,"Source figure: fig_4.4.24; source chapter: 4. Economy | Korea-specific AI diffusion, labor market, or robotics deployment indicator. | {""year"": ""1/1/23""} | No unit supplied by source. | Original fields: {""country"": ""South Korea"", ""netflow_per_10K"": ""-0.44279"", ""year"": ""1/1/23""}"
obs_096bb41de94f2b,ai_index_fig_4_4_24_netflow_per_10k,"Net AI talent migration per 10,000 LinkedIn members by geographic area, 2021–25",Adoption and Industry,netflow_per_10K,KOR,South Korea,KOR/USA/CHN,event,2024,2024-01-01,2024-01-01,2024-01-01,-0.15012,-0.15012,,,-0.15012,Numeric value parsed; no unit conversion applied.,observed_metric,stanford_ai_index_2026_public_data_bundle,2026 AI Index Report public data bundle,https://hai.stanford.edu/ai-index,4. Economy\Data\fig_4.4.24.csv,,2026-05-03T06:51:20+00:00,medium_high,"Korea-specific AI diffusion, labor market, or robotics deployment indicator.",True,Only observation for indicator/country/period/unit.,5,ai_index_fig_4_4_24_netflow_per_10k|KOR|2024-01-01|2024-01-01|,mapped_to_master_schema,"Source figure: fig_4.4.24; source chapter: 4. Economy | Korea-specific AI diffusion, labor market, or robotics deployment indicator. | {""year"": ""1/1/24""} | No unit supplied by source. | Original fields: {""country"": ""South Korea"", ""netflow_per_10K"": ""-0.15012"", ""year"": ""1/1/24""}"
obs_b407b1a1a3c696,ai_index_fig_4_4_24_netflow_per_10k,"Net AI talent migration per 10,000 LinkedIn members by geographic area, 2021–25",Adoption and Industry,netflow_per_10K,KOR,South Korea,KOR/USA/CHN,event,2025,2025-01-01,2025-01-01,2025-01-01,-0.35437,-0.35437,,,-0.35437,Numeric value parsed; no unit conversion applied.,observed_metric,stanford_ai_index_2026_public_data_bundle,2026 AI Index Report public data bundle,https://hai.stanford.edu/ai-index,4. Economy\Data\fig_4.4.24.csv,,2026-05-03T06:51:20+00:00,medium_high,"Korea-specific AI diffusion, labor market, or robotics deployment indicator.",True,Only observation for indicator/country/period/unit.,5,ai_index_fig_4_4_24_netflow_per_10k|KOR|2025-01-01|2025-01-01|,mapped_to_master_schema,"Source figure: fig_4.4.24; source chapter: 4. Economy | Korea-specific AI diffusion, labor market, or robotics deployment indicator. | {""year"": ""1/1/25""} | No unit supplied by source. | Original fields: {""country"": ""South Korea"", ""netflow_per_10K"": ""-0.35437"", ""year"": ""1/1/25""}"
obs_70523477913776,ai_index_fig_4_5_5_number_of_industrial_robots_installed_in_thousands,"Number of new industrial robots installed in top 5 countries, 2011–24",Adoption and Industry,Number of industrial robots installed (in thousands),KOR,South Korea,KOR/USA/CHN,annual,2011,2011-01-01,2011-12-31,2011,26,26.0,thousands,thousands,26.0,Numeric value parsed; no unit conversion applied.,observed_metric,stanford_ai_index_2026_public_data_bundle,2026 AI Index Report public data bundle,https://hai.stanford.edu/ai-index,4. Economy\Data\fig_4.5.5.csv,,2026-05-03T06:51:20+00:00,medium_high,"Korea-specific AI diffusion, labor market, or robotics deployment indicator.",True,Only observation for indicator/country/period/unit.,5,ai_index_fig_4_5_5_number_of_industrial_robots_installed_in_thousands|KOR|2011-01-01|2011-12-31|thousands,mapped_to_master_schema,"Source figure: fig_4.5.5; source chapter: 4. Economy | Korea-specific AI diffusion, labor market, or robotics deployment indicator. | {""Year"": ""2011""} | Original fields: {""Country"": ""South Korea"", ""Number of industrial robots installed (in thousands)"": ""26"", ""Year"": ""2011""}"
obs_6cd718469917e0,ai_index_fig_4_5_5_number_of_industrial_robots_installed_in_thousands,"Number of new industrial robots installed in top 5 countries, 2011–24",Adoption and Industry,Number of industrial robots installed (in thousands),KOR,South Korea,KOR/USA/CHN,annual,2012,2012-01-01,2012-12-31,2012,19,19.0,thousands,thousands,19.0,Numeric value parsed; no unit conversion applied.,observed_metric,stanford_ai_index_2026_public_data_bundle,2026 AI Index Report public data bundle,https://hai.stanford.edu/ai-index,4. Economy\Data\fig_4.5.5.csv,,2026-05-03T06:51:20+00:00,medium_high,"Korea-specific AI diffusion, labor market, or robotics deployment indicator.",True,Only observation for indicator/country/period/unit.,5,ai_index_fig_4_5_5_number_of_industrial_robots_installed_in_thousands|KOR|2012-01-01|2012-12-31|thousands,mapped_to_master_schema,"Source figure: fig_4.5.5; source chapter: 4. Economy | Korea-specific AI diffusion, labor market, or robotics deployment indicator. | {""Year"": ""2012""} | Original fields: {""Country"": ""South Korea"", ""Number of industrial robots installed (in thousands)"": ""19"", ""Year"": ""2012""}"
obs_d8b60ae398a86c,ai_index_fig_4_5_5_number_of_industrial_robots_installed_in_thousands,"Number of new industrial robots installed in top 5 countries, 2011–24",Adoption and Industry,Number of industrial robots installed (in thousands),KOR,South Korea,KOR/USA/CHN,annual,2013,2013-01-01,2013-12-31,2013,21,21.0,thousands,thousands,21.0,Numeric value parsed; no unit conversion applied.,observed_metric,stanford_ai_index_2026_public_data_bundle,2026 AI Index Report public data bundle,https://hai.stanford.edu/ai-index,4. Economy\Data\fig_4.5.5.csv,,2026-05-03T06:51:20+00:00,medium_high,"Korea-specific AI diffusion, labor market, or robotics deployment indicator.",True,Only observation for indicator/country/period/unit.,5,ai_index_fig_4_5_5_number_of_industrial_robots_installed_in_thousands|KOR|2013-01-01|2013-12-31|thousands,mapped_to_master_schema,"Source figure: fig_4.5.5; source chapter: 4. Economy | Korea-specific AI diffusion, labor market, or robotics deployment indicator. | {""Year"": ""2013""} | Original fields: {""Country"": ""South Korea"", ""Number of industrial robots installed (in thousands)"": ""21"", ""Year"": ""2013""}"
obs_ea332ed20ef0a7,ai_index_fig_4_5_5_number_of_industrial_robots_installed_in_thousands,"Number of new industrial robots installed in top 5 countries, 2011–24",Adoption and Industry,Number of industrial robots installed (in thousands),KOR,South Korea,KOR/USA/CHN,annual,2014,2014-01-01,2014-12-31,2014,25,25.0,thousands,thousands,25.0,Numeric value parsed; no unit conversion applied.,observed_metric,stanford_ai_index_2026_public_data_bundle,2026 AI Index Report public data bundle,https://hai.stanford.edu/ai-index,4. Economy\Data\fig_4.5.5.csv,,2026-05-03T06:51:20+00:00,medium_high,"Korea-specific AI diffusion, labor market, or robotics deployment indicator.",True,Only observation for indicator/country/period/unit.,5,ai_index_fig_4_5_5_number_of_industrial_robots_installed_in_thousands|KOR|2014-01-01|2014-12-31|thousands,mapped_to_master_schema,"Source figure: fig_4.5.5; source chapter: 4. Economy | Korea-specific AI diffusion, labor market, or robotics deployment indicator. | {""Year"": ""2014""} | Original fields: {""Country"": ""South Korea"", ""Number of industrial robots installed (in thousands)"": ""25"", ""Year"": ""2014""}"
obs_2c71ecca011eda,ai_index_fig_4_5_5_number_of_industrial_robots_installed_in_thousands,"Number of new industrial robots installed in top 5 countries, 2011–24",Adoption and Industry,Number of industrial robots installed (in thousands),KOR,South Korea,KOR/USA/CHN,annual,2015,2015-01-01,2015-12-31,2015,38,38.0,thousands,thousands,38.0,Numeric value parsed; no unit conversion applied.,observed_metric,stanford_ai_index_2026_public_data_bundle,2026 AI Index Report public data bundle,https://hai.stanford.edu/ai-index,4. Economy\Data\fig_4.5.5.csv,,2026-05-03T06:51:20+00:00,medium_high,"Korea-specific AI diffusion, labor market, or robotics deployment indicator.",True,Only observation for indicator/country/period/unit.,5,ai_index_fig_4_5_5_number_of_industrial_robots_installed_in_thousands|KOR|2015-01-01|2015-12-31|thousands,mapped_to_master_schema,"Source figure: fig_4.5.5; source chapter: 4. Economy | Korea-specific AI diffusion, labor market, or robotics deployment indicator. | {""Year"": ""2015""} | Original fields: {""Country"": ""South Korea"", ""Number of industrial robots installed (in thousands)"": ""38"", ""Year"": ""2015""}"
obs_8350f5403c724d,ai_index_fig_4_5_5_number_of_industrial_robots_installed_in_thousands,"Number of new industrial robots installed in top 5 countries, 2011–24",Adoption and Industry,Number of industrial robots installed (in thousands),KOR,South Korea,KOR/USA/CHN,annual,2016,2016-01-01,2016-12-31,2016,41,41.0,thousands,thousands,41.0,Numeric value parsed; no unit conversion applied.,observed_metric,stanford_ai_index_2026_public_data_bundle,2026 AI Index Report public data bundle,https://hai.stanford.edu/ai-index,4. Economy\Data\fig_4.5.5.csv,,2026-05-03T06:51:20+00:00,medium_high,"Korea-specific AI diffusion, labor market, or robotics deployment indicator.",True,Only observation for indicator/country/period/unit.,5,ai_index_fig_4_5_5_number_of_industrial_robots_installed_in_thousands|KOR|2016-01-01|2016-12-31|thousands,mapped_to_master_schema,"Source figure: fig_4.5.5; source chapter: 4. Economy | Korea-specific AI diffusion, labor market, or robotics deployment indicator. | {""Year"": ""2016""} | Original fields: {""Country"": ""South Korea"", ""Number of industrial robots installed (in thousands)"": ""41"", ""Year"": ""2016""}"
obs_0b6682563f493d,ai_index_fig_4_5_5_number_of_industrial_robots_installed_in_thousands,"Number of new industrial robots installed in top 5 countries, 2011–24",Adoption and Industry,Number of industrial robots installed (in thousands),KOR,South Korea,KOR/USA/CHN,annual,2017,2017-01-01,2017-12-31,2017,40,40.0,thousands,thousands,40.0,Numeric value parsed; no unit conversion applied.,observed_metric,stanford_ai_index_2026_public_data_bundle,2026 AI Index Report public data bundle,https://hai.stanford.edu/ai-index,4. Economy\Data\fig_4.5.5.csv,,2026-05-03T06:51:20+00:00,medium_high,"Korea-specific AI diffusion, labor market, or robotics deployment indicator.",True,Only observation for indicator/country/period/unit.,5,ai_index_fig_4_5_5_number_of_industrial_robots_installed_in_thousands|KOR|2017-01-01|2017-12-31|thousands,mapped_to_master_schema,"Source figure: fig_4.5.5; source chapter: 4. Economy | Korea-specific AI diffusion, labor market, or robotics deployment indicator. | {""Year"": ""2017""} | Original fields: {""Country"": ""South Korea"", ""Number of industrial robots installed (in thousands)"": ""40"", ""Year"": ""2017""}"
obs_9cec1f26b03dd2,ai_index_fig_4_5_5_number_of_industrial_robots_installed_in_thousands,"Number of new industrial robots installed in top 5 countries, 2011–24",Adoption and Industry,Number of industrial robots installed (in thousands),KOR,South Korea,KOR/USA/CHN,annual,2018,2018-01-01,2018-12-31,2018,38,38.0,thousands,thousands,38.0,Numeric value parsed; no unit conversion applied.,observed_metric,stanford_ai_index_2026_public_data_bundle,2026 AI Index Report public data bundle,https://hai.stanford.edu/ai-index,4. Economy\Data\fig_4.5.5.csv,,2026-05-03T06:51:20+00:00,medium_high,"Korea-specific AI diffusion, labor market, or robotics deployment indicator.",True,Only observation for indicator/country/period/unit.,5,ai_index_fig_4_5_5_number_of_industrial_robots_installed_in_thousands|KOR|2018-01-01|2018-12-31|thousands,mapped_to_master_schema,"Source figure: fig_4.5.5; source chapter: 4. Economy | Korea-specific AI diffusion, labor market, or robotics deployment indicator. | {""Year"": ""2018""} | Original fields: {""Country"": ""South Korea"", ""Number of industrial robots installed (in thousands)"": ""38"", ""Year"": ""2018""}"
obs_981bfe76a0fc72,ai_index_fig_4_5_5_number_of_industrial_robots_installed_in_thousands,"Number of new industrial robots installed in top 5 countries, 2011–24",Adoption and Industry,Number of industrial robots installed (in thousands),KOR,South Korea,KOR/USA/CHN,annual,2019,2019-01-01,2019-12-31,2019,33,33.0,thousands,thousands,33.0,Numeric value parsed; no unit conversion applied.,observed_metric,stanford_ai_index_2026_public_data_bundle,2026 AI Index Report public data bundle,https://hai.stanford.edu/ai-index,4. Economy\Data\fig_4.5.5.csv,,2026-05-03T06:51:20+00:00,medium_high,"Korea-specific AI diffusion, labor market, or robotics deployment indicator.",True,Only observation for indicator/country/period/unit.,5,ai_index_fig_4_5_5_number_of_industrial_robots_installed_in_thousands|KOR|2019-01-01|2019-12-31|thousands,mapped_to_master_schema,"Source figure: fig_4.5.5; source chapter: 4. Economy | Korea-specific AI diffusion, labor market, or robotics deployment indicator. | {""Year"": ""2019""} | Original fields: {""Country"": ""South Korea"", ""Number of industrial robots installed (in thousands)"": ""33"", ""Year"": ""2019""}"
obs_ec61cdc41654a6,ai_index_fig_4_5_5_number_of_industrial_robots_installed_in_thousands,"Number of new industrial robots installed in top 5 countries, 2011–24",Adoption and Industry,Number of industrial robots installed (in thousands),KOR,South Korea,KOR/USA/CHN,annual,2020,2020-01-01,2020-12-31,2020,31,31.0,thousands,thousands,31.0,Numeric value parsed; no unit conversion applied.,observed_metric,stanford_ai_index_2026_public_data_bundle,2026 AI Index Report public data bundle,https://hai.stanford.edu/ai-index,4. Economy\Data\fig_4.5.5.csv,,2026-05-03T06:51:20+00:00,medium_high,"Korea-specific AI diffusion, labor market, or robotics deployment indicator.",True,Only observation for indicator/country/period/unit.,5,ai_index_fig_4_5_5_number_of_industrial_robots_installed_in_thousands|KOR|2020-01-01|2020-12-31|thousands,mapped_to_master_schema,"Source figure: fig_4.5.5; source chapter: 4. Economy | Korea-specific AI diffusion, labor market, or robotics deployment indicator. | {""Year"": ""2020""} | Original fields: {""Country"": ""South Korea"", ""Number of industrial robots installed (in thousands)"": ""31"", ""Year"": ""2020""}"
obs_849453db66acd9,ai_index_fig_4_5_5_number_of_industrial_robots_installed_in_thousands,"Number of new industrial robots installed in top 5 countries, 2011–24",Adoption and Industry,Number of industrial robots installed (in thousands),KOR,South Korea,KOR/USA/CHN,annual,2021,2021-01-01,2021-12-31,2021,31,31.0,thousands,thousands,31.0,Numeric value parsed; no unit conversion applied.,observed_metric,stanford_ai_index_2026_public_data_bundle,2026 AI Index Report public data bundle,https://hai.stanford.edu/ai-index,4. Economy\Data\fig_4.5.5.csv,,2026-05-03T06:51:20+00:00,medium_high,"Korea-specific AI diffusion, labor market, or robotics deployment indicator.",True,Only observation for indicator/country/period/unit.,5,ai_index_fig_4_5_5_number_of_industrial_robots_installed_in_thousands|KOR|2021-01-01|2021-12-31|thousands,mapped_to_master_schema,"Source figure: fig_4.5.5; source chapter: 4. Economy | Korea-specific AI diffusion, labor market, or robotics deployment indicator. | {""Year"": ""2021""} | Original fields: {""Country"": ""South Korea"", ""Number of industrial robots installed (in thousands)"": ""31"", ""Year"": ""2021""}"
obs_9c017c97b7075d,ai_index_fig_4_5_5_number_of_industrial_robots_installed_in_thousands,"Number of new industrial robots installed in top 5 countries, 2011–24",Adoption and Industry,Number of industrial robots installed (in thousands),KOR,South Korea,KOR/USA/CHN,annual,2022,2022-01-01,2022-12-31,2022,32,32.0,thousands,thousands,32.0,Numeric value parsed; no unit conversion applied.,observed_metric,stanford_ai_index_2026_public_data_bundle,2026 AI Index Report public data bundle,https://hai.stanford.edu/ai-index,4. Economy\Data\fig_4.5.5.csv,,2026-05-03T06:51:20+00:00,medium_high,"Korea-specific AI diffusion, labor market, or robotics deployment indicator.",True,Only observation for indicator/country/period/unit.,5,ai_index_fig_4_5_5_number_of_industrial_robots_installed_in_thousands|KOR|2022-01-01|2022-12-31|thousands,mapped_to_master_schema,"Source figure: fig_4.5.5; source chapter: 4. Economy | Korea-specific AI diffusion, labor market, or robotics deployment indicator. | {""Year"": ""2022""} | Original fields: {""Country"": ""South Korea"", ""Number of industrial robots installed (in thousands)"": ""32"", ""Year"": ""2022""}"
obs_4096347b3571c0,ai_index_fig_4_5_5_number_of_industrial_robots_installed_in_thousands,"Number of new industrial robots installed in top 5 countries, 2011–24",Adoption and Industry,Number of industrial robots installed (in thousands),KOR,South Korea,KOR/USA/CHN,annual,2023,2023-01-01,2023-12-31,2023,31,31.0,thousands,thousands,31.0,Numeric value parsed; no unit conversion applied.,observed_metric,stanford_ai_index_2026_public_data_bundle,2026 AI Index Report public data bundle,https://hai.stanford.edu/ai-index,4. Economy\Data\fig_4.5.5.csv,,2026-05-03T06:51:20+00:00,medium_high,"Korea-specific AI diffusion, labor market, or robotics deployment indicator.",True,Only observation for indicator/country/period/unit.,5,ai_index_fig_4_5_5_number_of_industrial_robots_installed_in_thousands|KOR|2023-01-01|2023-12-31|thousands,mapped_to_master_schema,"Source figure: fig_4.5.5; source chapter: 4. Economy | Korea-specific AI diffusion, labor market, or robotics deployment indicator. | {""Year"": ""2023""} | Original fields: {""Country"": ""South Korea"", ""Number of industrial robots installed (in thousands)"": ""31"", ""Year"": ""2023""}"
obs_8b7b8608e33acb,ai_index_fig_4_5_5_number_of_industrial_robots_installed_in_thousands,"Number of new industrial robots installed in top 5 countries, 2011–24",Adoption and Industry,Number of industrial robots installed (in thousands),KOR,South Korea,KOR/USA/CHN,annual,2024,2024-01-01,2024-12-31,2024,31,31.0,thousands,thousands,31.0,Numeric value parsed; no unit conversion applied.,observed_metric,stanford_ai_index_2026_public_data_bundle,2026 AI Index Report public data bundle,https://hai.stanford.edu/ai-index,4. Economy\Data\fig_4.5.5.csv,,2026-05-03T06:51:20+00:00,medium_high,"Korea-specific AI diffusion, labor market, or robotics deployment indicator.",True,Only observation for indicator/country/period/unit.,5,ai_index_fig_4_5_5_number_of_industrial_robots_installed_in_thousands|KOR|2024-01-01|2024-12-31|thousands,mapped_to_master_schema,"Source figure: fig_4.5.5; source chapter: 4. Economy | Korea-specific AI diffusion, labor market, or robotics deployment indicator. | {""Year"": ""2024""} | Original fields: {""Country"": ""South Korea"", ""Number of industrial robots installed (in thousands)"": ""31"", ""Year"": ""2024""}"
obs_b1aa4c7939c28d,ai_index_fig_7_2_10_2022,"New ICT bachelor’s graduates by country, 2022–23","Talent, Public Sector, and Defense",2022,KOR,South Korea,KOR/USA/CHN,annual,2022,2022-01-01,2022-12-31,2022,"19,603",19603.0,count,count,19603.0,Numeric value parsed; no unit conversion applied.,observed_metric,stanford_ai_index_2026_public_data_bundle,2026 AI Index Report public data bundle,https://hai.stanford.edu/ai-index,7. Education\Data\fig_7.2.10.csv,,2026-05-03T06:51:20+00:00,medium_high,"Korea-specific AI talent, education, graduate, or skills indicator.",True,Only observation for indicator/country/period/unit.,5,ai_index_fig_7_2_10_2022|KOR|2022-01-01|2022-12-31|count,mapped_to_master_schema,"Source figure: fig_7.2.10; source chapter: 7. Education | Korea-specific AI talent, education, graduate, or skills indicator. | {} | Original fields: {""2022"": ""19,603"", ""2023"": ""19591"", ""Country"": ""Korea""}"
obs_f4ade1d55b65f3,ai_index_fig_7_2_10_2023,"New ICT bachelor’s graduates by country, 2022–23","Talent, Public Sector, and Defense",2023,KOR,South Korea,KOR/USA/CHN,annual,2023,2023-01-01,2023-12-31,2023,19591,19591.0,count,count,19591.0,Numeric value parsed; no unit conversion applied.,observed_metric,stanford_ai_index_2026_public_data_bundle,2026 AI Index Report public data bundle,https://hai.stanford.edu/ai-index,7. Education\Data\fig_7.2.10.csv,,2026-05-03T06:51:20+00:00,medium_high,"Korea-specific AI talent, education, graduate, or skills indicator.",True,Only observation for indicator/country/period/unit.,5,ai_index_fig_7_2_10_2023|KOR|2023-01-01|2023-12-31|count,mapped_to_master_schema,"Source figure: fig_7.2.10; source chapter: 7. Education | Korea-specific AI talent, education, graduate, or skills indicator. | {} | Original fields: {""2022"": ""19,603"", ""2023"": ""19591"", ""Country"": ""Korea""}"
obs_01d83e8e5941b3,ai_index_fig_7_2_11_2022,"New ICT master’s graduates by country, 2022–23","Talent, Public Sector, and Defense",2022,KOR,South Korea,KOR/USA/CHN,annual,2022,2022-01-01,2022-12-31,2022,"2,910",2910.0,count,count,2910.0,Numeric value parsed; no unit conversion applied.,observed_metric,stanford_ai_index_2026_public_data_bundle,2026 AI Index Report public data bundle,https://hai.stanford.edu/ai-index,7. Education\Data\fig_7.2.11.csv,,2026-05-03T06:51:20+00:00,medium_high,"Korea-specific AI talent, education, graduate, or skills indicator.",True,Only observation for indicator/country/period/unit.,5,ai_index_fig_7_2_11_2022|KOR|2022-01-01|2022-12-31|count,mapped_to_master_schema,"Source figure: fig_7.2.11; source chapter: 7. Education | Korea-specific AI talent, education, graduate, or skills indicator. | {} | Original fields: {""2022"": ""2,910"", ""2023"": ""3261"", ""Country"": ""Korea""}"
obs_ea97da76b3c6c4,ai_index_fig_7_2_11_2023,"New ICT master’s graduates by country, 2022–23","Talent, Public Sector, and Defense",2023,KOR,South Korea,KOR/USA/CHN,annual,2023,2023-01-01,2023-12-31,2023,3261,3261.0,count,count,3261.0,Numeric value parsed; no unit conversion applied.,observed_metric,stanford_ai_index_2026_public_data_bundle,2026 AI Index Report public data bundle,https://hai.stanford.edu/ai-index,7. Education\Data\fig_7.2.11.csv,,2026-05-03T06:51:20+00:00,medium_high,"Korea-specific AI talent, education, graduate, or skills indicator.",True,Only observation for indicator/country/period/unit.,5,ai_index_fig_7_2_11_2023|KOR|2023-01-01|2023-12-31|count,mapped_to_master_schema,"Source figure: fig_7.2.11; source chapter: 7. Education | Korea-specific AI talent, education, graduate, or skills indicator. | {} | Original fields: {""2022"": ""2,910"", ""2023"": ""3261"", ""Country"": ""Korea""}"
obs_07ad5ef8f7d49f,ai_index_fig_7_2_12_2022,"New ICT PhD graduates by country, 2022–23","Talent, Public Sector, and Defense",2022,KOR,South Korea,KOR/USA/CHN,annual,2022,2022-01-01,2022-12-31,2022,617,617.0,count,count,617.0,Numeric value parsed; no unit conversion applied.,observed_metric,stanford_ai_index_2026_public_data_bundle,2026 AI Index Report public data bundle,https://hai.stanford.edu/ai-index,7. Education\Data\fig_7.2.12.csv,,2026-05-03T06:51:20+00:00,medium_high,"Korea-specific AI talent, education, graduate, or skills indicator.",True,Only observation for indicator/country/period/unit.,5,ai_index_fig_7_2_12_2022|KOR|2022-01-01|2022-12-31|count,mapped_to_master_schema,"Source figure: fig_7.2.12; source chapter: 7. Education | Korea-specific AI talent, education, graduate, or skills indicator. | {} | Original fields: {""2022"": ""617"", ""2023"": ""585"", ""Country"": ""Korea""}"
obs_a8a91fc96cf12a,ai_index_fig_7_2_12_2023,"New ICT PhD graduates by country, 2022–23","Talent, Public Sector, and Defense",2023,KOR,South Korea,KOR/USA/CHN,annual,2023,2023-01-01,2023-12-31,2023,585,585.0,count,count,585.0,Numeric value parsed; no unit conversion applied.,observed_metric,stanford_ai_index_2026_public_data_bundle,2026 AI Index Report public data bundle,https://hai.stanford.edu/ai-index,7. Education\Data\fig_7.2.12.csv,,2026-05-03T06:51:20+00:00,medium_high,"Korea-specific AI talent, education, graduate, or skills indicator.",True,Only observation for indicator/country/period/unit.,5,ai_index_fig_7_2_12_2023|KOR|2023-01-01|2023-12-31|count,mapped_to_master_schema,"Source figure: fig_7.2.12; source chapter: 7. Education | Korea-specific AI talent, education, graduate, or skills indicator. | {} | Original fields: {""2022"": ""617"", ""2023"": ""585"", ""Country"": ""Korea""}"
obs_af0e9999c475c5,ai_index_fig_7_2_16_university_students_of_total_who_have_used_genai,"University students (% of total) who have used GenAI to support their university studies, 2023 vs. 2025","Talent, Public Sector, and Defense",University students (% of total) who have used GenAI,KOR,South Korea,KOR/USA/CHN,annual,2023,2023-01-01,2023-12-31,2023,0.23,0.23,percent,percent,23.0,Converted decimal share to percent.,observed_metric,stanford_ai_index_2026_public_data_bundle,2026 AI Index Report public data bundle,https://hai.stanford.edu/ai-index,7. Education\Data\fig_7.2.16.csv,,2026-05-03T06:51:20+00:00,medium_high,"Korea-specific AI talent, education, graduate, or skills indicator.",True,Only observation for indicator/country/period/unit.,5,ai_index_fig_7_2_16_university_students_of_total_who_have_used_genai|KOR|2023-01-01|2023-12-31|percent,mapped_to_master_schema,"Source figure: fig_7.2.16; source chapter: 7. Education | Korea-specific AI talent, education, graduate, or skills indicator. | {""Year"": ""2023""} | Original fields: {""Country"": ""South Korea"", ""University students (% of total) who have used GenAI"": ""0.23"", ""Year"": ""2023""}"
obs_90d5c253d611c1,ai_index_fig_7_2_16_university_students_of_total_who_have_used_genai,"University students (% of total) who have used GenAI to support their university studies, 2023 vs. 2025","Talent, Public Sector, and Defense",University students (% of total) who have used GenAI,KOR,South Korea,KOR/USA/CHN,annual,2025,2025-01-01,2025-12-31,2025,0.84,0.84,percent,percent,84.0,Converted decimal share to percent.,observed_metric,stanford_ai_index_2026_public_data_bundle,2026 AI Index Report public data bundle,https://hai.stanford.edu/ai-index,7. Education\Data\fig_7.2.16.csv,,2026-05-03T06:51:20+00:00,medium_high,"Korea-specific AI talent, education, graduate, or skills indicator.",True,Only observation for indicator/country/period/unit.,5,ai_index_fig_7_2_16_university_students_of_total_who_have_used_genai|KOR|2025-01-01|2025-12-31|percent,mapped_to_master_schema,"Source figure: fig_7.2.16; source chapter: 7. Education | Korea-specific AI talent, education, graduate, or skills indicator. | {""Year"": ""2025""} | Original fields: {""Country"": ""South Korea"", ""University students (% of total) who have used GenAI"": ""0.84"", ""Year"": ""2025""}"
obs_289fe4759a9225,ai_index_fig_7_2_9_2022,"New ICT short-cycle tertiary graduates by country, 2022–23","Talent, Public Sector, and Defense",2022,KOR,South Korea,KOR/USA/CHN,annual,2022,2022-01-01,2022-12-31,2022,"6,983",6983.0,count,count,6983.0,Numeric value parsed; no unit conversion applied.,observed_metric,stanford_ai_index_2026_public_data_bundle,2026 AI Index Report public data bundle,https://hai.stanford.edu/ai-index,7. Education\Data\fig_7.2.9.csv,,2026-05-03T06:51:20+00:00,medium_high,"Korea-specific AI talent, education, graduate, or skills indicator.",True,Only observation for indicator/country/period/unit.,5,ai_index_fig_7_2_9_2022|KOR|2022-01-01|2022-12-31|count,mapped_to_master_schema,"Source figure: fig_7.2.9; source chapter: 7. Education | Korea-specific AI talent, education, graduate, or skills indicator. | {} | Original fields: {""2022"": ""6,983"", ""2023"": ""6685"", ""Country"": ""Korea""}"
obs_62a4f9891f1c13,ai_index_fig_7_2_9_2023,"New ICT short-cycle tertiary graduates by country, 2022–23","Talent, Public Sector, and Defense",2023,KOR,South Korea,KOR/USA/CHN,annual,2023,2023-01-01,2023-12-31,2023,6685,6685.0,count,count,6685.0,Numeric value parsed; no unit conversion applied.,observed_metric,stanford_ai_index_2026_public_data_bundle,2026 AI Index Report public data bundle,https://hai.stanford.edu/ai-index,7. Education\Data\fig_7.2.9.csv,,2026-05-03T06:51:20+00:00,medium_high,"Korea-specific AI talent, education, graduate, or skills indicator.",True,Only observation for indicator/country/period/unit.,5,ai_index_fig_7_2_9_2023|KOR|2023-01-01|2023-12-31|count,mapped_to_master_schema,"Source figure: fig_7.2.9; source chapter: 7. Education | Korea-specific AI talent, education, graduate, or skills indicator. | {} | Original fields: {""2022"": ""6,983"", ""2023"": ""6685"", ""Country"": ""Korea""}"
obs_9c341528bcf7ea,ai_index_fig_7_4_3_skills_diffusion_index_ai_engineering_skills,"AI Skills Diusion Index by geographic area, 2016–25","Talent, Public Sector, and Defense",Skills Diffusion Index (AI Engineering skills),KOR,South Korea,KOR/USA/CHN,annual,2016,2016-01-01,2016-12-31,2016,1.93996,1.93996,percent,percent,1.93996,Percent value preserved.,observed_metric,stanford_ai_index_2026_public_data_bundle,2026 AI Index Report public data bundle,https://hai.stanford.edu/ai-index,7. Education\Data\fig_7.4.3.csv,,2026-05-03T06:51:20+00:00,medium_high,"Korea-specific AI talent, education, graduate, or skills indicator.",True,Only observation for indicator/country/period/unit.,5,ai_index_fig_7_4_3_skills_diffusion_index_ai_engineering_skills|KOR|2016-01-01|2016-12-31|percent,mapped_to_master_schema,"Source figure: fig_7.4.3; source chapter: 7. Education | Korea-specific AI talent, education, graduate, or skills indicator. | {""Year"": ""2016""} | Original fields: {""Country"": ""South Korea"", ""Skills Diffusion Index (AI Engineering skills)"": ""1.93996"", ""Skills Diffusion Index (AI Literacy skills)"": """", ""Year"": ""2016""}"
obs_c69a14dc9ed4ab,ai_index_fig_7_4_3_skills_diffusion_index_ai_engineering_skills,"AI Skills Diusion Index by geographic area, 2016–25","Talent, Public Sector, and Defense",Skills Diffusion Index (AI Engineering skills),KOR,South Korea,KOR/USA/CHN,annual,2017,2017-01-01,2017-12-31,2017,2.79102,2.79102,percent,percent,2.79102,Percent value preserved.,observed_metric,stanford_ai_index_2026_public_data_bundle,2026 AI Index Report public data bundle,https://hai.stanford.edu/ai-index,7. Education\Data\fig_7.4.3.csv,,2026-05-03T06:51:20+00:00,medium_high,"Korea-specific AI talent, education, graduate, or skills indicator.",True,Only observation for indicator/country/period/unit.,5,ai_index_fig_7_4_3_skills_diffusion_index_ai_engineering_skills|KOR|2017-01-01|2017-12-31|percent,mapped_to_master_schema,"Source figure: fig_7.4.3; source chapter: 7. Education | Korea-specific AI talent, education, graduate, or skills indicator. | {""Year"": ""2017""} | Original fields: {""Country"": ""South Korea"", ""Skills Diffusion Index (AI Engineering skills)"": ""2.79102"", ""Skills Diffusion Index (AI Literacy skills)"": """", ""Year"": ""2017""}"
obs_0b15be858bb903,ai_index_fig_7_4_3_skills_diffusion_index_ai_engineering_skills,"AI Skills Diusion Index by geographic area, 2016–25","Talent, Public Sector, and Defense",Skills Diffusion Index (AI Engineering skills),KOR,South Korea,KOR/USA/CHN,annual,2018,2018-01-01,2018-12-31,2018,3.83111,3.83111,percent,percent,3.83111,Percent value preserved.,observed_metric,stanford_ai_index_2026_public_data_bundle,2026 AI Index Report public data bundle,https://hai.stanford.edu/ai-index,7. Education\Data\fig_7.4.3.csv,,2026-05-03T06:51:20+00:00,medium_high,"Korea-specific AI talent, education, graduate, or skills indicator.",True,Only observation for indicator/country/period/unit.,5,ai_index_fig_7_4_3_skills_diffusion_index_ai_engineering_skills|KOR|2018-01-01|2018-12-31|percent,mapped_to_master_schema,"Source figure: fig_7.4.3; source chapter: 7. Education | Korea-specific AI talent, education, graduate, or skills indicator. | {""Year"": ""2018""} | Original fields: {""Country"": ""South Korea"", ""Skills Diffusion Index (AI Engineering skills)"": ""3.83111"", ""Skills Diffusion Index (AI Literacy skills)"": """", ""Year"": ""2018""}"
obs_09645b127cef7e,ai_index_fig_7_4_3_skills_diffusion_index_ai_engineering_skills,"AI Skills Diusion Index by geographic area, 2016–25","Talent, Public Sector, and Defense",Skills Diffusion Index (AI Engineering skills),KOR,South Korea,KOR/USA/CHN,annual,2019,2019-01-01,2019-12-31,2019,5.29847,5.29847,percent,percent,5.29847,Percent value preserved.,observed_metric,stanford_ai_index_2026_public_data_bundle,2026 AI Index Report public data bundle,https://hai.stanford.edu/ai-index,7. Education\Data\fig_7.4.3.csv,,2026-05-03T06:51:20+00:00,medium_high,"Korea-specific AI talent, education, graduate, or skills indicator.",True,Only observation for indicator/country/period/unit.,5,ai_index_fig_7_4_3_skills_diffusion_index_ai_engineering_skills|KOR|2019-01-01|2019-12-31|percent,mapped_to_master_schema,"Source figure: fig_7.4.3; source chapter: 7. Education | Korea-specific AI talent, education, graduate, or skills indicator. | {""Year"": ""2019""} | Original fields: {""Country"": ""South Korea"", ""Skills Diffusion Index (AI Engineering skills)"": ""5.29847"", ""Skills Diffusion Index (AI Literacy skills)"": """", ""Year"": ""2019""}"
obs_fed321da05cfd3,ai_index_fig_7_4_3_skills_diffusion_index_ai_engineering_skills,"AI Skills Diusion Index by geographic area, 2016–25","Talent, Public Sector, and Defense",Skills Diffusion Index (AI Engineering skills),KOR,South Korea,KOR/USA/CHN,annual,2020,2020-01-01,2020-12-31,2020,6.4784,6.4784,percent,percent,6.4784,Percent value preserved.,observed_metric,stanford_ai_index_2026_public_data_bundle,2026 AI Index Report public data bundle,https://hai.stanford.edu/ai-index,7. Education\Data\fig_7.4.3.csv,,2026-05-03T06:51:20+00:00,medium_high,"Korea-specific AI talent, education, graduate, or skills indicator.",True,Only observation for indicator/country/period/unit.,5,ai_index_fig_7_4_3_skills_diffusion_index_ai_engineering_skills|KOR|2020-01-01|2020-12-31|percent,mapped_to_master_schema,"Source figure: fig_7.4.3; source chapter: 7. Education | Korea-specific AI talent, education, graduate, or skills indicator. | {""Year"": ""2020""} | Original fields: {""Country"": ""South Korea"", ""Skills Diffusion Index (AI Engineering skills)"": ""6.4784"", ""Skills Diffusion Index (AI Literacy skills)"": """", ""Year"": ""2020""}"
obs_f63762359f185f,ai_index_fig_7_4_3_skills_diffusion_index_ai_engineering_skills,"AI Skills Diusion Index by geographic area, 2016–25","Talent, Public Sector, and Defense",Skills Diffusion Index (AI Engineering skills),KOR,South Korea,KOR/USA/CHN,annual,2021,2021-01-01,2021-12-31,2021,7.55073,7.55073,percent,percent,7.55073,Percent value preserved.,observed_metric,stanford_ai_index_2026_public_data_bundle,2026 AI Index Report public data bundle,https://hai.stanford.edu/ai-index,7. Education\Data\fig_7.4.3.csv,,2026-05-03T06:51:20+00:00,medium_high,"Korea-specific AI talent, education, graduate, or skills indicator.",True,Only observation for indicator/country/period/unit.,5,ai_index_fig_7_4_3_skills_diffusion_index_ai_engineering_skills|KOR|2021-01-01|2021-12-31|percent,mapped_to_master_schema,"Source figure: fig_7.4.3; source chapter: 7. Education | Korea-specific AI talent, education, graduate, or skills indicator. | {""Year"": ""2021""} | Original fields: {""Country"": ""South Korea"", ""Skills Diffusion Index (AI Engineering skills)"": ""7.55073"", ""Skills Diffusion Index (AI Literacy skills)"": """", ""Year"": ""2021""}"
obs_9d4b5c9e49ab2f,ai_index_fig_7_4_3_skills_diffusion_index_ai_engineering_skills,"AI Skills Diusion Index by geographic area, 2016–25","Talent, Public Sector, and Defense",Skills Diffusion Index (AI Engineering skills),KOR,South Korea,KOR/USA/CHN,annual,2022,2022-01-01,2022-12-31,2022,8.58156,8.58156,percent,percent,8.58156,Percent value preserved.,observed_metric,stanford_ai_index_2026_public_data_bundle,2026 AI Index Report public data bundle,https://hai.stanford.edu/ai-index,7. Education\Data\fig_7.4.3.csv,,2026-05-03T06:51:20+00:00,medium_high,"Korea-specific AI talent, education, graduate, or skills indicator.",True,Only observation for indicator/country/period/unit.,5,ai_index_fig_7_4_3_skills_diffusion_index_ai_engineering_skills|KOR|2022-01-01|2022-12-31|percent,mapped_to_master_schema,"Source figure: fig_7.4.3; source chapter: 7. Education | Korea-specific AI talent, education, graduate, or skills indicator. | {""Year"": ""2022""} | Original fields: {""Country"": ""South Korea"", ""Skills Diffusion Index (AI Engineering skills)"": ""8.58156"", ""Skills Diffusion Index (AI Literacy skills)"": """", ""Year"": ""2022""}"
obs_36ba5031dd1cdf,ai_index_fig_7_4_3_skills_diffusion_index_ai_engineering_skills,"AI Skills Diusion Index by geographic area, 2016–25","Talent, Public Sector, and Defense",Skills Diffusion Index (AI Engineering skills),KOR,South Korea,KOR/USA/CHN,annual,2023,2023-01-01,2023-12-31,2023,11.81183,11.81183,percent,percent,11.81183,Percent value preserved.,observed_metric,stanford_ai_index_2026_public_data_bundle,2026 AI Index Report public data bundle,https://hai.stanford.edu/ai-index,7. Education\Data\fig_7.4.3.csv,,2026-05-03T06:51:20+00:00,medium_high,"Korea-specific AI talent, education, graduate, or skills indicator.",True,Only observation for indicator/country/period/unit.,5,ai_index_fig_7_4_3_skills_diffusion_index_ai_engineering_skills|KOR|2023-01-01|2023-12-31|percent,mapped_to_master_schema,"Source figure: fig_7.4.3; source chapter: 7. Education | Korea-specific AI talent, education, graduate, or skills indicator. | {""Year"": ""2023""} | Original fields: {""Country"": ""South Korea"", ""Skills Diffusion Index (AI Engineering skills)"": ""11.81183"", ""Skills Diffusion Index (AI Literacy skills)"": """", ""Year"": ""2023""}"
obs_d1ddefea0a463d,ai_index_fig_7_4_3_skills_diffusion_index_ai_engineering_skills,"AI Skills Diusion Index by geographic area, 2016–25","Talent, Public Sector, and Defense",Skills Diffusion Index (AI Engineering skills),KOR,South Korea,KOR/USA/CHN,annual,2024,2024-01-01,2024-12-31,2024,14.62626,14.62626,percent,percent,14.62626,Percent value preserved.,observed_metric,stanford_ai_index_2026_public_data_bundle,2026 AI Index Report public data bundle,https://hai.stanford.edu/ai-index,7. Education\Data\fig_7.4.3.csv,,2026-05-03T06:51:20+00:00,medium_high,"Korea-specific AI talent, education, graduate, or skills indicator.",True,Only observation for indicator/country/period/unit.,5,ai_index_fig_7_4_3_skills_diffusion_index_ai_engineering_skills|KOR|2024-01-01|2024-12-31|percent,mapped_to_master_schema,"Source figure: fig_7.4.3; source chapter: 7. Education | Korea-specific AI talent, education, graduate, or skills indicator. | {""Skills Diffusion Index (AI Literacy skills)"": ""2.70988"", ""Year"": ""2024""} | Original fields: {""Country"": ""South Korea"", ""Skills Diffusion Index (AI Engineering skills)"": ""14.62626"", ""Skills Diffusion Index (AI Literacy skills)"": ""2.70988"", ""Year"": ""2024""}"
obs_1e302bf37f02ec,ai_index_fig_7_4_3_skills_diffusion_index_ai_engineering_skills,"AI Skills Diusion Index by geographic area, 2016–25","Talent, Public Sector, and Defense",Skills Diffusion Index (AI Engineering skills),KOR,South Korea,KOR/USA/CHN,annual,2025,2025-01-01,2025-12-31,2025,16.7816,16.7816,percent,percent,16.7816,Percent value preserved.,observed_metric,stanford_ai_index_2026_public_data_bundle,2026 AI Index Report public data bundle,https://hai.stanford.edu/ai-index,7. Education\Data\fig_7.4.3.csv,,2026-05-03T06:51:20+00:00,medium_high,"Korea-specific AI talent, education, graduate, or skills indicator.",True,Only observation for indicator/country/period/unit.,5,ai_index_fig_7_4_3_skills_diffusion_index_ai_engineering_skills|KOR|2025-01-01|2025-12-31|percent,mapped_to_master_schema,"Source figure: fig_7.4.3; source chapter: 7. Education | Korea-specific AI talent, education, graduate, or skills indicator. | {""Skills Diffusion Index (AI Literacy skills)"": ""5.63842"", ""Year"": ""2025""} | Original fields: {""Country"": ""South Korea"", ""Skills Diffusion Index (AI Engineering skills)"": ""16.7816"", ""Skills Diffusion Index (AI Literacy skills)"": ""5.63842"", ""Year"": ""2025""}"
obs_3baf8deac143b0,ai_index_fig_8_2_1_2019,Countries with a national strategy on AI,"Talent, Public Sector, and Defense",2019,KOR,South Korea,KOR/USA/CHN,annual,2019,2019-01-01,2019-12-31,2019,100,100.0,count,count,100.0,Numeric value parsed; no unit conversion applied.,index_metric,stanford_ai_index_2026_public_data_bundle,2026 AI Index Report public data bundle,https://hai.stanford.edu/ai-index,8. Policy and Governance\Data\fig_8.2.1.csv,,2026-05-03T06:51:20+00:00,medium_high,"Korea-specific AI policy, governance, public-sector, or legal context indicator.",True,Only observation for indicator/country/period/unit.,5,ai_index_fig_8_2_1_2019|KOR|2019-01-01|2019-12-31|count,mapped_to_master_schema,"Source figure: fig_8.2.1; source chapter: 8. Policy and Governance | Korea-specific AI policy, governance, public-sector, or legal context indicator. | {} | Original fields: {""2019"": ""100"", ""2020"": ""100"", ""2021"": ""100.0"", ""2022"": ""100"", ""2023"": ""100"", ""2024"": ""100"", ""2025"": ""100.0"", ""Country"": ""Republic of Korea""}"
obs_e8f50410a88ad5,ai_index_fig_8_2_1_2020,Countries with a national strategy on AI,"Talent, Public Sector, and Defense",2020,KOR,South Korea,KOR/USA/CHN,annual,2020,2020-01-01,2020-12-31,2020,100,100.0,count,count,100.0,Numeric value parsed; no unit conversion applied.,index_metric,stanford_ai_index_2026_public_data_bundle,2026 AI Index Report public data bundle,https://hai.stanford.edu/ai-index,8. Policy and Governance\Data\fig_8.2.1.csv,,2026-05-03T06:51:20+00:00,medium_high,"Korea-specific AI policy, governance, public-sector, or legal context indicator.",True,Only observation for indicator/country/period/unit.,5,ai_index_fig_8_2_1_2020|KOR|2020-01-01|2020-12-31|count,mapped_to_master_schema,"Source figure: fig_8.2.1; source chapter: 8. Policy and Governance | Korea-specific AI policy, governance, public-sector, or legal context indicator. | {} | Original fields: {""2019"": ""100"", ""2020"": ""100"", ""2021"": ""100.0"", ""2022"": ""100"", ""2023"": ""100"", ""2024"": ""100"", ""2025"": ""100.0"", ""Country"": ""Republic of Korea""}"
obs_7ca13ae092415a,ai_index_fig_8_2_1_2021,Countries with a national strategy on AI,"Talent, Public Sector, and Defense",2021,KOR,South Korea,KOR/USA/CHN,annual,2021,2021-01-01,2021-12-31,2021,100.0,100.0,count,count,100.0,Numeric value parsed; no unit conversion applied.,index_metric,stanford_ai_index_2026_public_data_bundle,2026 AI Index Report public data bundle,https://hai.stanford.edu/ai-index,8. Policy and Governance\Data\fig_8.2.1.csv,,2026-05-03T06:51:20+00:00,medium_high,"Korea-specific AI policy, governance, public-sector, or legal context indicator.",True,Only observation for indicator/country/period/unit.,5,ai_index_fig_8_2_1_2021|KOR|2021-01-01|2021-12-31|count,mapped_to_master_schema,"Source figure: fig_8.2.1; source chapter: 8. Policy and Governance | Korea-specific AI policy, governance, public-sector, or legal context indicator. | {} | Original fields: {""2019"": ""100"", ""2020"": ""100"", ""2021"": ""100.0"", ""2022"": ""100"", ""2023"": ""100"", ""2024"": ""100"", ""2025"": ""100.0"", ""Country"": ""Republic of Korea""}"
obs_06d26af103ec40,ai_index_fig_8_2_1_2022,Countries with a national strategy on AI,"Talent, Public Sector, and Defense",2022,KOR,South Korea,KOR/USA/CHN,annual,2022,2022-01-01,2022-12-31,2022,100,100.0,count,count,100.0,Numeric value parsed; no unit conversion applied.,index_metric,stanford_ai_index_2026_public_data_bundle,2026 AI Index Report public data bundle,https://hai.stanford.edu/ai-index,8. Policy and Governance\Data\fig_8.2.1.csv,,2026-05-03T06:51:20+00:00,medium_high,"Korea-specific AI policy, governance, public-sector, or legal context indicator.",True,Only observation for indicator/country/period/unit.,5,ai_index_fig_8_2_1_2022|KOR|2022-01-01|2022-12-31|count,mapped_to_master_schema,"Source figure: fig_8.2.1; source chapter: 8. Policy and Governance | Korea-specific AI policy, governance, public-sector, or legal context indicator. | {} | Original fields: {""2019"": ""100"", ""2020"": ""100"", ""2021"": ""100.0"", ""2022"": ""100"", ""2023"": ""100"", ""2024"": ""100"", ""2025"": ""100.0"", ""Country"": ""Republic of Korea""}"
obs_9620e5ecc60f65,ai_index_fig_8_2_1_2023,Countries with a national strategy on AI,"Talent, Public Sector, and Defense",2023,KOR,South Korea,KOR/USA/CHN,annual,2023,2023-01-01,2023-12-31,2023,100,100.0,count,count,100.0,Numeric value parsed; no unit conversion applied.,index_metric,stanford_ai_index_2026_public_data_bundle,2026 AI Index Report public data bundle,https://hai.stanford.edu/ai-index,8. Policy and Governance\Data\fig_8.2.1.csv,,2026-05-03T06:51:20+00:00,medium_high,"Korea-specific AI policy, governance, public-sector, or legal context indicator.",True,Only observation for indicator/country/period/unit.,5,ai_index_fig_8_2_1_2023|KOR|2023-01-01|2023-12-31|count,mapped_to_master_schema,"Source figure: fig_8.2.1; source chapter: 8. Policy and Governance | Korea-specific AI policy, governance, public-sector, or legal context indicator. | {} | Original fields: {""2019"": ""100"", ""2020"": ""100"", ""2021"": ""100.0"", ""2022"": ""100"", ""2023"": ""100"", ""2024"": ""100"", ""2025"": ""100.0"", ""Country"": ""Republic of Korea""}"
obs_ac6c5365ad4327,ai_index_fig_8_2_1_2024,Countries with a national strategy on AI,"Talent, Public Sector, and Defense",2024,KOR,South Korea,KOR/USA/CHN,annual,2024,2024-01-01,2024-12-31,2024,100,100.0,count,count,100.0,Numeric value parsed; no unit conversion applied.,index_metric,stanford_ai_index_2026_public_data_bundle,2026 AI Index Report public data bundle,https://hai.stanford.edu/ai-index,8. Policy and Governance\Data\fig_8.2.1.csv,,2026-05-03T06:51:20+00:00,medium_high,"Korea-specific AI policy, governance, public-sector, or legal context indicator.",True,Only observation for indicator/country/period/unit.,5,ai_index_fig_8_2_1_2024|KOR|2024-01-01|2024-12-31|count,mapped_to_master_schema,"Source figure: fig_8.2.1; source chapter: 8. Policy and Governance | Korea-specific AI policy, governance, public-sector, or legal context indicator. | {} | Original fields: {""2019"": ""100"", ""2020"": ""100"", ""2021"": ""100.0"", ""2022"": ""100"", ""2023"": ""100"", ""2024"": ""100"", ""2025"": ""100.0"", ""Country"": ""Republic of Korea""}"
obs_acba22b333cf90,ai_index_fig_8_2_1_2025,Countries with a national strategy on AI,"Talent, Public Sector, and Defense",2025,KOR,South Korea,KOR/USA/CHN,annual,2025,2025-01-01,2025-12-31,2025,100.0,100.0,count,count,100.0,Numeric value parsed; no unit conversion applied.,index_metric,stanford_ai_index_2026_public_data_bundle,2026 AI Index Report public data bundle,https://hai.stanford.edu/ai-index,8. Policy and Governance\Data\fig_8.2.1.csv,,2026-05-03T06:51:20+00:00,medium_high,"Korea-specific AI policy, governance, public-sector, or legal context indicator.",True,Only observation for indicator/country/period/unit.,5,ai_index_fig_8_2_1_2025|KOR|2025-01-01|2025-12-31|count,mapped_to_master_schema,"Source figure: fig_8.2.1; source chapter: 8. Policy and Governance | Korea-specific AI policy, governance, public-sector, or legal context indicator. | {} | Original fields: {""2019"": ""100"", ""2020"": ""100"", ""2021"": ""100.0"", ""2022"": ""100"", ""2023"": ""100"", ""2024"": ""100"", ""2025"": ""100.0"", ""Country"": ""Republic of Korea""}"
obs_1facc9a74bdb31,ai_index_fig_9_1_2_of_respondents_that_agree,Share agreeing that products and services using AI have more benefits than drawbacks,Social Readiness,"% of respondents that ""Agree""",KOR,South Korea,KOR/USA/CHN,annual,2022,2022-01-01,2022-12-31,2022,0.62,0.62,percent,percent,62.0,Converted decimal share to percent.,survey_metric,stanford_ai_index_2026_public_data_bundle,2026 AI Index Report public data bundle,https://hai.stanford.edu/ai-index,9. Public Opinion\Data\fig_9.1.2.csv,,2026-05-03T06:51:20+00:00,medium_high,Korea-specific public or worker attitude indicator.,True,"Selected by source hierarchy, confidence tier, indicator type, and recency; competed with 1 alternative rows from stanford_ai_index_2026_public_data_bundle.",5,ai_index_fig_9_1_2_of_respondents_that_agree|KOR|2022-01-01|2022-12-31|percent,mapped_to_master_schema,"Source figure: fig_9.1.2; source chapter: 9. Public Opinion | Korea-specific public or worker attitude indicator. | {""Year"": ""2022""} | Original fields: {""% of respondents that \""Agree\"""": ""0.62"", ""Country"": ""South Korea"", ""Year"": ""2022""}"
obs_4fe04dbe336572,ai_index_fig_9_1_2_of_respondents_that_agree,Share agreeing that products and services using AI have more benefits than drawbacks,Social Readiness,"% of respondents that ""Agree""",KOR,South Korea,KOR/USA/CHN,annual,2023,2023-01-01,2023-12-31,2023,0.66,0.66,percent,percent,66.0,Converted decimal share to percent.,survey_metric,stanford_ai_index_2026_public_data_bundle,2026 AI Index Report public data bundle,https://hai.stanford.edu/ai-index,9. Public Opinion\Data\fig_9.1.2.csv,,2026-05-03T06:51:20+00:00,medium_high,Korea-specific public or worker attitude indicator.,True,Only observation for indicator/country/period/unit.,5,ai_index_fig_9_1_2_of_respondents_that_agree|KOR|2023-01-01|2023-12-31|percent,mapped_to_master_schema,"Source figure: fig_9.1.2; source chapter: 9. Public Opinion | Korea-specific public or worker attitude indicator. | {""Year"": ""2023""} | Original fields: {""% of respondents that \""Agree\"""": ""0.66"", ""Country"": ""South Korea"", ""Year"": ""2023""}"
obs_86a02d8791830e,ai_index_fig_9_1_2_of_respondents_that_agree,Share agreeing that products and services using AI have more benefits than drawbacks,Social Readiness,"% of respondents that ""Agree""",KOR,South Korea,KOR/USA/CHN,annual,2024,2024-01-01,2024-12-31,2024,0.66,0.66,percent,percent,66.0,Converted decimal share to percent.,survey_metric,stanford_ai_index_2026_public_data_bundle,2026 AI Index Report public data bundle,https://hai.stanford.edu/ai-index,9. Public Opinion\Data\fig_9.1.2.csv,,2026-05-03T06:51:20+00:00,medium_high,Korea-specific public or worker attitude indicator.,True,Only observation for indicator/country/period/unit.,5,ai_index_fig_9_1_2_of_respondents_that_agree|KOR|2024-01-01|2024-12-31|percent,mapped_to_master_schema,"Source figure: fig_9.1.2; source chapter: 9. Public Opinion | Korea-specific public or worker attitude indicator. | {""Year"": ""2024""} | Original fields: {""% of respondents that \""Agree\"""": ""0.66"", ""Country"": ""South Korea"", ""Year"": ""2024""}"
obs_99bd546157140d,ai_index_fig_9_1_2_of_respondents_that_agree,Share agreeing that products and services using AI have more benefits than drawbacks,Social Readiness,"% of respondents that ""Agree""",KOR,South Korea,KOR/USA/CHN,annual,2025,2025-01-01,2025-12-31,2025,0.67,0.67,percent,percent,67.0,Converted decimal share to percent.,survey_metric,stanford_ai_index_2026_public_data_bundle,2026 AI Index Report public data bundle,https://hai.stanford.edu/ai-index,9. Public Opinion\Data\fig_9.1.2.csv,,2026-05-03T06:51:20+00:00,medium_high,Korea-specific public or worker attitude indicator.,True,Only observation for indicator/country/period/unit.,5,ai_index_fig_9_1_2_of_respondents_that_agree|KOR|2025-01-01|2025-12-31|percent,mapped_to_master_schema,"Source figure: fig_9.1.2; source chapter: 9. Public Opinion | Korea-specific public or worker attitude indicator. | {""Year"": ""2025""} | Original fields: {""% of respondents that \""Agree\"""": ""0.67"", ""Country"": ""South Korea"", ""Year"": ""2025""}"
obs_6f2e93a415eb91,ai_index_fig_9_3_1_of_respondents,"Trust in government regulation of AI by country (% of total), 2025",Social Readiness,% of respondents,KOR,South Korea,KOR/USA/CHN,annual,2025,2025-01-01,2025-12-31,2025,0.46,0.46,percent,percent,46.0,Converted decimal share to percent.,survey_metric,stanford_ai_index_2026_public_data_bundle,2026 AI Index Report public data bundle,https://hai.stanford.edu/ai-index,9. Public Opinion\Data\fig_9.3.1.csv,,2026-05-03T06:51:20+00:00,medium_high,Korea-specific public or worker attitude indicator.,True,Only observation for indicator/country/period/unit.,5,ai_index_fig_9_3_1_of_respondents|KOR|2025-01-01|2025-12-31|percent,mapped_to_master_schema,"Source figure: fig_9.3.1; source chapter: 9. Public Opinion | Korea-specific public or worker attitude indicator. | {""Year"": ""2025""} | Original fields: {""% of respondents"": ""0.46"", ""Country"": ""South Korea"", ""Year"": ""2025""}"
obs_646ea8a3f2fa92,ai_patents_per_capita,AI patents per capita,"Models, Research, and Funding",research,CHN,China,KOR/USA/CHN,annual,2024,2024-01-01,2024-12-31,2024,6.954559165350699,6.954559165350699,patents per capita,patents_per_100000_inhabitants,6.954559165350699,Numeric value parsed; no unit conversion applied.,index_metric,stanford_ai_index,AI Index Report Data,https://hai.stanford.edu/ai-index,,,2026-05-03T04:50:18+00:00,medium_high,Use source methodology.,True,Only observation for indicator/country/period/unit.,5,ai_patents_per_capita|CHN|2024-01-01|2024-12-31|patents_per_100000_inhabitants,mapped_to_master_schema,Stanford AI Index local figure fig_1.7.4.csv.
obs_35da514f232cf2,ai_patents_per_capita,AI patents per capita,"Models, Research, and Funding",research,KOR,South Korea,KOR/USA/CHN,annual,2024,2024-01-01,2024-12-31,2024,14.310816598653574,14.310816598653574,patents per capita,patents_per_100000_inhabitants,14.310816598653574,Numeric value parsed; no unit conversion applied.,index_metric,stanford_ai_index,AI Index Report Data,https://hai.stanford.edu/ai-index,,,2026-05-03T04:50:18+00:00,medium_high,Use source methodology.,True,Only observation for indicator/country/period/unit.,5,ai_patents_per_capita|KOR|2024-01-01|2024-12-31|patents_per_100000_inhabitants,mapped_to_master_schema,Stanford AI Index local figure fig_1.7.4.csv.
obs_bc0a234f441189,ai_patents_per_capita,AI patents per capita,"Models, Research, and Funding",research,USA,United States,KOR/USA/CHN,annual,2024,2024-01-01,2024-12-31,2024,4.680824954705668,4.680824954705668,patents per capita,patents_per_100000_inhabitants,4.680824954705668,Numeric value parsed; no unit conversion applied.,index_metric,stanford_ai_index,AI Index Report Data,https://hai.stanford.edu/ai-index,,,2026-05-03T04:50:18+00:00,medium_high,Use source methodology.,True,Only observation for indicator/country/period/unit.,5,ai_patents_per_capita|USA|2024-01-01|2024-12-31|patents_per_100000_inhabitants,mapped_to_master_schema,Stanford AI Index local figure fig_1.7.4.csv.
obs_04db4cce6c7fbd,ai_research_publications_count,AI-related publications by country,"Models, Research, and Funding",research,CHN,China,KOR/USA/CHN,annual,2020,2020-01-01,2020-12-31,2020,135312.0,135312.0,count,count,135312.0,Numeric value parsed; no unit conversion applied.,observed_metric,openalex,OpenAlex Works API,"https://api.openalex.org/works?filter=from_publication_date:2020-01-01,to_publication_date:2020-12-31,authorships.institutions.country_code:CN,concepts.id:C154945302&per-page=1",,,2026-05-03T04:50:15+00:00,medium_high,Depends on AI topic/keyword filter.,True,Only observation for indicator/country/period/unit.,4,ai_research_publications_count|CHN|2020-01-01|2020-12-31|count,mapped_to_master_schema,OpenAlex first-pass count using concept C154945302 and authorship institution country filter.
obs_ae422a46442a03,ai_research_publications_count,AI-related publications by country,"Models, Research, and Funding",research,CHN,China,KOR/USA/CHN,annual,2021,2021-01-01,2021-12-31,2021,163571.0,163571.0,count,count,163571.0,Numeric value parsed; no unit conversion applied.,observed_metric,openalex,OpenAlex Works API,"https://api.openalex.org/works?filter=from_publication_date:2021-01-01,to_publication_date:2021-12-31,authorships.institutions.country_code:CN,concepts.id:C154945302&per-page=1",,,2026-05-03T04:50:15+00:00,medium_high,Depends on AI topic/keyword filter.,True,Only observation for indicator/country/period/unit.,4,ai_research_publications_count|CHN|2021-01-01|2021-12-31|count,mapped_to_master_schema,OpenAlex first-pass count using concept C154945302 and authorship institution country filter.
obs_4a50e361ad3dc3,ai_research_publications_count,AI-related publications by country,"Models, Research, and Funding",research,CHN,China,KOR/USA/CHN,annual,2022,2022-01-01,2022-12-31,2022,192531.0,192531.0,count,count,192531.0,Numeric value parsed; no unit conversion applied.,observed_metric,openalex,OpenAlex Works API,"https://api.openalex.org/works?filter=from_publication_date:2022-01-01,to_publication_date:2022-12-31,authorships.institutions.country_code:CN,concepts.id:C154945302&per-page=1",,,2026-05-03T04:50:15+00:00,medium_high,Depends on AI topic/keyword filter.,True,Only observation for indicator/country/period/unit.,4,ai_research_publications_count|CHN|2022-01-01|2022-12-31|count,mapped_to_master_schema,OpenAlex first-pass count using concept C154945302 and authorship institution country filter.
obs_f6747451b704e2,ai_research_publications_count,AI-related publications by country,"Models, Research, and Funding",research,CHN,China,KOR/USA/CHN,annual,2023,2023-01-01,2023-12-31,2023,225600.0,225600.0,count,count,225600.0,Numeric value parsed; no unit conversion applied.,observed_metric,openalex,OpenAlex Works API,"https://api.openalex.org/works?filter=from_publication_date:2023-01-01,to_publication_date:2023-12-31,authorships.institutions.country_code:CN,concepts.id:C154945302&per-page=1",,,2026-05-03T04:50:16+00:00,medium_high,Depends on AI topic/keyword filter.,True,Only observation for indicator/country/period/unit.,4,ai_research_publications_count|CHN|2023-01-01|2023-12-31|count,mapped_to_master_schema,OpenAlex first-pass count using concept C154945302 and authorship institution country filter.
obs_4b49257af9a2f3,ai_research_publications_count,AI-related publications by country,"Models, Research, and Funding",research,CHN,China,KOR/USA/CHN,annual,2024,2024-01-01,2024-12-31,2024,235220.0,235220.0,count,count,235220.0,Numeric value parsed; no unit conversion applied.,observed_metric,openalex,OpenAlex Works API,"https://api.openalex.org/works?filter=from_publication_date:2024-01-01,to_publication_date:2024-12-31,authorships.institutions.country_code:CN,concepts.id:C154945302&per-page=1",,,2026-05-03T04:50:16+00:00,medium_high,Depends on AI topic/keyword filter.,True,Only observation for indicator/country/period/unit.,4,ai_research_publications_count|CHN|2024-01-01|2024-12-31|count,mapped_to_master_schema,OpenAlex first-pass count using concept C154945302 and authorship institution country filter.
obs_aeb64f9cae48ad,ai_research_publications_count,AI-related publications by country,"Models, Research, and Funding",research,CHN,China,KOR/USA/CHN,annual,2025,2025-01-01,2025-12-31,2025,248691.0,248691.0,count,count,248691.0,Numeric value parsed; no unit conversion applied.,observed_metric,openalex,OpenAlex Works API,"https://api.openalex.org/works?filter=from_publication_date:2025-01-01,to_publication_date:2025-12-31,authorships.institutions.country_code:CN,concepts.id:C154945302&per-page=1",,,2026-05-03T04:50:16+00:00,medium_high,Depends on AI topic/keyword filter.,True,Only observation for indicator/country/period/unit.,4,ai_research_publications_count|CHN|2025-01-01|2025-12-31|count,mapped_to_master_schema,OpenAlex first-pass count using concept C154945302 and authorship institution country filter.
obs_73acda1a45d157,ai_research_publications_count,AI-related publications by country,"Models, Research, and Funding",research,CHN,China,KOR/USA/CHN,annual,2026,2026-01-01,2026-12-31,2026,71641.0,71641.0,count,count,71641.0,Numeric value parsed; no unit conversion applied.,observed_metric,openalex,OpenAlex Works API,"https://api.openalex.org/works?filter=from_publication_date:2026-01-01,to_publication_date:2026-12-31,authorships.institutions.country_code:CN,concepts.id:C154945302&per-page=1",,,2026-05-03T04:50:16+00:00,medium_high,Depends on AI topic/keyword filter.,True,Only observation for indicator/country/period/unit.,4,ai_research_publications_count|CHN|2026-01-01|2026-12-31|count,mapped_to_master_schema,OpenAlex first-pass count using concept C154945302 and authorship institution country filter.
obs_a10ffedeca80c5,ai_research_publications_count,AI-related publications by country,"Models, Research, and Funding",research,KOR,South Korea,KOR/USA/CHN,annual,2020,2020-01-01,2020-12-31,2020,14348.0,14348.0,count,count,14348.0,Numeric value parsed; no unit conversion applied.,observed_metric,openalex,OpenAlex Works API,"https://api.openalex.org/works?filter=from_publication_date:2020-01-01,to_publication_date:2020-12-31,authorships.institutions.country_code:KR,concepts.id:C154945302&per-page=1",,,2026-05-03T04:50:13+00:00,medium_high,Depends on AI topic/keyword filter.,True,Only observation for indicator/country/period/unit.,4,ai_research_publications_count|KOR|2020-01-01|2020-12-31|count,mapped_to_master_schema,OpenAlex first-pass count using concept C154945302 and authorship institution country filter.
obs_4320bf52e2987a,ai_research_publications_count,AI-related publications by country,"Models, Research, and Funding",research,KOR,South Korea,KOR/USA/CHN,annual,2021,2021-01-01,2021-12-31,2021,16072.0,16072.0,count,count,16072.0,Numeric value parsed; no unit conversion applied.,observed_metric,openalex,OpenAlex Works API,"https://api.openalex.org/works?filter=from_publication_date:2021-01-01,to_publication_date:2021-12-31,authorships.institutions.country_code:KR,concepts.id:C154945302&per-page=1",,,2026-05-03T04:50:13+00:00,medium_high,Depends on AI topic/keyword filter.,True,Only observation for indicator/country/period/unit.,4,ai_research_publications_count|KOR|2021-01-01|2021-12-31|count,mapped_to_master_schema,OpenAlex first-pass count using concept C154945302 and authorship institution country filter.
obs_68918b65aa9822,ai_research_publications_count,AI-related publications by country,"Models, Research, and Funding",research,KOR,South Korea,KOR/USA/CHN,annual,2022,2022-01-01,2022-12-31,2022,17123.0,17123.0,count,count,17123.0,Numeric value parsed; no unit conversion applied.,observed_metric,openalex,OpenAlex Works API,"https://api.openalex.org/works?filter=from_publication_date:2022-01-01,to_publication_date:2022-12-31,authorships.institutions.country_code:KR,concepts.id:C154945302&per-page=1",,,2026-05-03T04:50:13+00:00,medium_high,Depends on AI topic/keyword filter.,True,Only observation for indicator/country/period/unit.,4,ai_research_publications_count|KOR|2022-01-01|2022-12-31|count,mapped_to_master_schema,OpenAlex first-pass count using concept C154945302 and authorship institution country filter.
obs_dcc9fea945e0ba,ai_research_publications_count,AI-related publications by country,"Models, Research, and Funding",research,KOR,South Korea,KOR/USA/CHN,annual,2023,2023-01-01,2023-12-31,2023,19322.0,19322.0,count,count,19322.0,Numeric value parsed; no unit conversion applied.,observed_metric,openalex,OpenAlex Works API,"https://api.openalex.org/works?filter=from_publication_date:2023-01-01,to_publication_date:2023-12-31,authorships.institutions.country_code:KR,concepts.id:C154945302&per-page=1",,,2026-05-03T04:50:13+00:00,medium_high,Depends on AI topic/keyword filter.,True,Only observation for indicator/country/period/unit.,4,ai_research_publications_count|KOR|2023-01-01|2023-12-31|count,mapped_to_master_schema,OpenAlex first-pass count using concept C154945302 and authorship institution country filter.
obs_bfcecc652c244c,ai_research_publications_count,AI-related publications by country,"Models, Research, and Funding",research,KOR,South Korea,KOR/USA/CHN,annual,2024,2024-01-01,2024-12-31,2024,18184.0,18184.0,count,count,18184.0,Numeric value parsed; no unit conversion applied.,observed_metric,openalex,OpenAlex Works API,"https://api.openalex.org/works?filter=from_publication_date:2024-01-01,to_publication_date:2024-12-31,authorships.institutions.country_code:KR,concepts.id:C154945302&per-page=1",,,2026-05-03T04:50:14+00:00,medium_high,Depends on AI topic/keyword filter.,True,Only observation for indicator/country/period/unit.,4,ai_research_publications_count|KOR|2024-01-01|2024-12-31|count,mapped_to_master_schema,OpenAlex first-pass count using concept C154945302 and authorship institution country filter.
obs_5bb287ea9ad099,ai_research_publications_count,AI-related publications by country,"Models, Research, and Funding",research,KOR,South Korea,KOR/USA/CHN,annual,2025,2025-01-01,2025-12-31,2025,19283.0,19283.0,count,count,19283.0,Numeric value parsed; no unit conversion applied.,observed_metric,openalex,OpenAlex Works API,"https://api.openalex.org/works?filter=from_publication_date:2025-01-01,to_publication_date:2025-12-31,authorships.institutions.country_code:KR,concepts.id:C154945302&per-page=1",,,2026-05-03T04:50:14+00:00,medium_high,Depends on AI topic/keyword filter.,True,Only observation for indicator/country/period/unit.,4,ai_research_publications_count|KOR|2025-01-01|2025-12-31|count,mapped_to_master_schema,OpenAlex first-pass count using concept C154945302 and authorship institution country filter.
obs_59e9df664003d3,ai_research_publications_count,AI-related publications by country,"Models, Research, and Funding",research,KOR,South Korea,KOR/USA/CHN,annual,2026,2026-01-01,2026-12-31,2026,6749.0,6749.0,count,count,6749.0,Numeric value parsed; no unit conversion applied.,observed_metric,openalex,OpenAlex Works API,"https://api.openalex.org/works?filter=from_publication_date:2026-01-01,to_publication_date:2026-12-31,authorships.institutions.country_code:KR,concepts.id:C154945302&per-page=1",,,2026-05-03T04:50:14+00:00,medium_high,Depends on AI topic/keyword filter.,True,Only observation for indicator/country/period/unit.,4,ai_research_publications_count|KOR|2026-01-01|2026-12-31|count,mapped_to_master_schema,OpenAlex first-pass count using concept C154945302 and authorship institution country filter.
obs_aad592accc7953,ai_research_publications_count,AI-related publications by country,"Models, Research, and Funding",research,USA,United States,KOR/USA/CHN,annual,2020,2020-01-01,2020-12-31,2020,123156.0,123156.0,count,count,123156.0,Numeric value parsed; no unit conversion applied.,observed_metric,openalex,OpenAlex Works API,"https://api.openalex.org/works?filter=from_publication_date:2020-01-01,to_publication_date:2020-12-31,authorships.institutions.country_code:US,concepts.id:C154945302&per-page=1",,,2026-05-03T04:50:14+00:00,medium_high,Depends on AI topic/keyword filter.,True,Only observation for indicator/country/period/unit.,4,ai_research_publications_count|USA|2020-01-01|2020-12-31|count,mapped_to_master_schema,OpenAlex first-pass count using concept C154945302 and authorship institution country filter.
obs_fa745ff4327be6,ai_research_publications_count,AI-related publications by country,"Models, Research, and Funding",research,USA,United States,KOR/USA/CHN,annual,2021,2021-01-01,2021-12-31,2021,118900.0,118900.0,count,count,118900.0,Numeric value parsed; no unit conversion applied.,observed_metric,openalex,OpenAlex Works API,"https://api.openalex.org/works?filter=from_publication_date:2021-01-01,to_publication_date:2021-12-31,authorships.institutions.country_code:US,concepts.id:C154945302&per-page=1",,,2026-05-03T04:50:14+00:00,medium_high,Depends on AI topic/keyword filter.,True,Only observation for indicator/country/period/unit.,4,ai_research_publications_count|USA|2021-01-01|2021-12-31|count,mapped_to_master_schema,OpenAlex first-pass count using concept C154945302 and authorship institution country filter.
obs_9ce8b292946d3a,ai_research_publications_count,AI-related publications by country,"Models, Research, and Funding",research,USA,United States,KOR/USA/CHN,annual,2022,2022-01-01,2022-12-31,2022,109436.0,109436.0,count,count,109436.0,Numeric value parsed; no unit conversion applied.,observed_metric,openalex,OpenAlex Works API,"https://api.openalex.org/works?filter=from_publication_date:2022-01-01,to_publication_date:2022-12-31,authorships.institutions.country_code:US,concepts.id:C154945302&per-page=1",,,2026-05-03T04:50:14+00:00,medium_high,Depends on AI topic/keyword filter.,True,Only observation for indicator/country/period/unit.,4,ai_research_publications_count|USA|2022-01-01|2022-12-31|count,mapped_to_master_schema,OpenAlex first-pass count using concept C154945302 and authorship institution country filter.
obs_c77e30ab6abdd9,ai_research_publications_count,AI-related publications by country,"Models, Research, and Funding",research,USA,United States,KOR/USA/CHN,annual,2023,2023-01-01,2023-12-31,2023,119226.0,119226.0,count,count,119226.0,Numeric value parsed; no unit conversion applied.,observed_metric,openalex,OpenAlex Works API,"https://api.openalex.org/works?filter=from_publication_date:2023-01-01,to_publication_date:2023-12-31,authorships.institutions.country_code:US,concepts.id:C154945302&per-page=1",,,2026-05-03T04:50:14+00:00,medium_high,Depends on AI topic/keyword filter.,True,Only observation for indicator/country/period/unit.,4,ai_research_publications_count|USA|2023-01-01|2023-12-31|count,mapped_to_master_schema,OpenAlex first-pass count using concept C154945302 and authorship institution country filter.
obs_f8efce0414d7e0,ai_research_publications_count,AI-related publications by country,"Models, Research, and Funding",research,USA,United States,KOR/USA/CHN,annual,2024,2024-01-01,2024-12-31,2024,106269.0,106269.0,count,count,106269.0,Numeric value parsed; no unit conversion applied.,observed_metric,openalex,OpenAlex Works API,"https://api.openalex.org/works?filter=from_publication_date:2024-01-01,to_publication_date:2024-12-31,authorships.institutions.country_code:US,concepts.id:C154945302&per-page=1",,,2026-05-03T04:50:15+00:00,medium_high,Depends on AI topic/keyword filter.,True,Only observation for indicator/country/period/unit.,4,ai_research_publications_count|USA|2024-01-01|2024-12-31|count,mapped_to_master_schema,OpenAlex first-pass count using concept C154945302 and authorship institution country filter.
obs_304d2266cfced1,ai_research_publications_count,AI-related publications by country,"Models, Research, and Funding",research,USA,United States,KOR/USA/CHN,annual,2025,2025-01-01,2025-12-31,2025,124986.0,124986.0,count,count,124986.0,Numeric value parsed; no unit conversion applied.,observed_metric,openalex,OpenAlex Works API,"https://api.openalex.org/works?filter=from_publication_date:2025-01-01,to_publication_date:2025-12-31,authorships.institutions.country_code:US,concepts.id:C154945302&per-page=1",,,2026-05-03T04:50:15+00:00,medium_high,Depends on AI topic/keyword filter.,True,Only observation for indicator/country/period/unit.,4,ai_research_publications_count|USA|2025-01-01|2025-12-31|count,mapped_to_master_schema,OpenAlex first-pass count using concept C154945302 and authorship institution country filter.
obs_12bd6bbc264d05,ai_research_publications_count,AI-related publications by country,"Models, Research, and Funding",research,USA,United States,KOR/USA/CHN,annual,2026,2026-01-01,2026-12-31,2026,56631.0,56631.0,count,count,56631.0,Numeric value parsed; no unit conversion applied.,observed_metric,openalex,OpenAlex Works API,"https://api.openalex.org/works?filter=from_publication_date:2026-01-01,to_publication_date:2026-12-31,authorships.institutions.country_code:US,concepts.id:C154945302&per-page=1",,,2026-05-03T04:50:15+00:00,medium_high,Depends on AI topic/keyword filter.,True,Only observation for indicator/country/period/unit.,4,ai_research_publications_count|USA|2026-01-01|2026-12-31|count,mapped_to_master_schema,OpenAlex first-pass count using concept C154945302 and authorship institution country filter.
obs_77e19ac1d8b7ec,announced_gpu_deployments_count,Announced NVIDIA GPU deployments by Korean actors,Compute and Data Centers,compute,KOR,South Korea,KOR/USA/CHN,annual,2025,2025-01-01,2025-12-31,2025,260000.0,260000.0,GPU count,count,260000.0,Numeric value parsed; no unit conversion applied.,company_claim,nvidia_korea_ai_infrastructure,"NVIDIA, South Korea Government and Industrial Giants Build AI Infrastructure",https://investor.nvidia.com/news/press-release-details/2025/NVIDIA-South-Korea-Government-and-Industrial-Giants-Build-AI-Infrastructure-and-Ecosystem-to-Fuel-Korea-Innovation-Industries-and-Jobs/default.aspx,,,2026-05-03T04:50:10+00:00,medium,"Announced deployment, not audited installed capacity.",True,Only observation for indicator/country/period/unit.,7,announced_gpu_deployments_count|KOR|2025-01-01|2025-12-31|count,mapped_to_master_schema,Company claim; wording says over this count.
obs_f92b0256c43af1,defense_unmanned_system_procurement_budget,"Public budget/procurement for UAVs, robots, unmanned systems","Talent, Public Sector, and Defense",defense,KOR,South Korea,KOR/USA/CHN,annual,2025,2025-01-01,2025-12-31,2025,50100000000.0,50100000000.0,KRW/USD,KRW/USD,50100000000.0,Numeric value parsed; no unit conversion applied.,observed_metric,tradegov_unmanned_defense,South Korea Unmanned Defense Systems,https://www.trade.gov/market-intelligence/south-korea-unmanned-defense-systems,,,2026-05-03T04:50:11+00:00,medium,Partial public coverage.,True,Only observation for indicator/country/period/unit.,9,defense_unmanned_system_procurement_budget|KOR|2025-01-01|2025-12-31|KRW/USD,mapped_to_master_schema,"Aggregate of clearly stated anti-material strike UAV, reconnaissance UAV, and ground reconnaissance robot budgets."
obs_a19f8dd958e237,frontier_ai_models_count,Number of frontier AI models by country/year,"Models, Research, and Funding",models,CHN,China,KOR/USA/CHN,annual,2014,2014-01-01,2014-12-31,2014,1.0,1.0,count,count,1.0,Numeric value parsed; no unit conversion applied.,observed_metric,epoch_ai_models,Data on AI Models,https://epoch.ai/data/frontier_ai_models.csv,,,2026-05-03T04:50:11+00:00,medium_high,Source classification required.,True,Only observation for indicator/country/period/unit.,5,frontier_ai_models_count|CHN|2014-01-01|2014-12-31|count,mapped_to_master_schema,Count from Epoch CSV using country column 'Country (of organization)' and date column 'Publication date'.
obs_26ba859cb5e468,frontier_ai_models_count,Number of frontier AI models by country/year,"Models, Research, and Funding",models,CHN,China,KOR/USA/CHN,annual,2015,2015-01-01,2015-12-31,2015,1.0,1.0,count,count,1.0,Numeric value parsed; no unit conversion applied.,observed_metric,epoch_ai_models,Data on AI Models,https://epoch.ai/data/frontier_ai_models.csv,,,2026-05-03T04:50:11+00:00,medium_high,Source classification required.,True,Only observation for indicator/country/period/unit.,5,frontier_ai_models_count|CHN|2015-01-01|2015-12-31|count,mapped_to_master_schema,Count from Epoch CSV using country column 'Country (of organization)' and date column 'Publication date'.
obs_4402005c38b31f,frontier_ai_models_count,Number of frontier AI models by country/year,"Models, Research, and Funding",models,CHN,China,KOR/USA/CHN,annual,2021,2021-01-01,2021-12-31,2021,3.0,3.0,count,count,3.0,Numeric value parsed; no unit conversion applied.,observed_metric,epoch_ai_models,Data on AI Models,https://epoch.ai/data/frontier_ai_models.csv,,,2026-05-03T04:50:11+00:00,medium_high,Source classification required.,True,Only observation for indicator/country/period/unit.,5,frontier_ai_models_count|CHN|2021-01-01|2021-12-31|count,mapped_to_master_schema,Count from Epoch CSV using country column 'Country (of organization)' and date column 'Publication date'.
obs_304269a1a6bf22,frontier_ai_models_count,Number of frontier AI models by country/year,"Models, Research, and Funding",models,CHN,China,KOR/USA/CHN,annual,2024,2024-01-01,2024-12-31,2024,2.0,2.0,count,count,2.0,Numeric value parsed; no unit conversion applied.,observed_metric,epoch_ai_models,Data on AI Models,https://epoch.ai/data/frontier_ai_models.csv,,,2026-05-03T04:50:11+00:00,medium_high,Source classification required.,True,Only observation for indicator/country/period/unit.,5,frontier_ai_models_count|CHN|2024-01-01|2024-12-31|count,mapped_to_master_schema,Count from Epoch CSV using country column 'Country (of organization)' and date column 'Publication date'.
obs_95b33b84a10721,frontier_ai_models_count,Number of frontier AI models by country/year,"Models, Research, and Funding",models,KOR,South Korea,KOR/USA/CHN,annual,2021,2021-01-01,2021-12-31,2021,2.0,2.0,count,count,2.0,Numeric value parsed; no unit conversion applied.,observed_metric,epoch_ai_models,Data on AI Models,https://epoch.ai/data/frontier_ai_models.csv,,,2026-05-03T04:50:11+00:00,medium_high,Source classification required.,True,Only observation for indicator/country/period/unit.,5,frontier_ai_models_count|KOR|2021-01-01|2021-12-31|count,mapped_to_master_schema,Count from Epoch CSV using country column 'Country (of organization)' and date column 'Publication date'.
obs_e05fa00f7f1f60,frontier_ai_models_count,Number of frontier AI models by country/year,"Models, Research, and Funding",models,USA,United States,KOR/USA/CHN,annual,1950,1950-01-01,1950-12-31,1950,1.0,1.0,count,count,1.0,Numeric value parsed; no unit conversion applied.,observed_metric,epoch_ai_models,Data on AI Models,https://epoch.ai/data/frontier_ai_models.csv,,,2026-05-03T04:50:11+00:00,medium_high,Source classification required.,True,Only observation for indicator/country/period/unit.,5,frontier_ai_models_count|USA|1950-01-01|1950-12-31|count,mapped_to_master_schema,Count from Epoch CSV using country column 'Country (of organization)' and date column 'Publication date'.
obs_58ce133e41452a,frontier_ai_models_count,Number of frontier AI models by country/year,"Models, Research, and Funding",models,USA,United States,KOR/USA/CHN,annual,1957,1957-01-01,1957-12-31,1957,1.0,1.0,count,count,1.0,Numeric value parsed; no unit conversion applied.,observed_metric,epoch_ai_models,Data on AI Models,https://epoch.ai/data/frontier_ai_models.csv,,,2026-05-03T04:50:11+00:00,medium_high,Source classification required.,True,Only observation for indicator/country/period/unit.,5,frontier_ai_models_count|USA|1957-01-01|1957-12-31|count,mapped_to_master_schema,Count from Epoch CSV using country column 'Country (of organization)' and date column 'Publication date'.
obs_b76463d87d0e2c,frontier_ai_models_count,Number of frontier AI models by country/year,"Models, Research, and Funding",models,USA,United States,KOR/USA/CHN,annual,1959,1959-01-01,1959-12-31,1959,2.0,2.0,count,count,2.0,Numeric value parsed; no unit conversion applied.,observed_metric,epoch_ai_models,Data on AI Models,https://epoch.ai/data/frontier_ai_models.csv,,,2026-05-03T04:50:11+00:00,medium_high,Source classification required.,True,Only observation for indicator/country/period/unit.,5,frontier_ai_models_count|USA|1959-01-01|1959-12-31|count,mapped_to_master_schema,Count from Epoch CSV using country column 'Country (of organization)' and date column 'Publication date'.
obs_e2db710984deab,frontier_ai_models_count,Number of frontier AI models by country/year,"Models, Research, and Funding",models,USA,United States,KOR/USA/CHN,annual,1960,1960-01-01,1960-12-31,1960,2.0,2.0,count,count,2.0,Numeric value parsed; no unit conversion applied.,observed_metric,epoch_ai_models,Data on AI Models,https://epoch.ai/data/frontier_ai_models.csv,,,2026-05-03T04:50:11+00:00,medium_high,Source classification required.,True,Only observation for indicator/country/period/unit.,5,frontier_ai_models_count|USA|1960-01-01|1960-12-31|count,mapped_to_master_schema,Count from Epoch CSV using country column 'Country (of organization)' and date column 'Publication date'.
obs_4897200a880531,frontier_ai_models_count,Number of frontier AI models by country/year,"Models, Research, and Funding",models,USA,United States,KOR/USA/CHN,annual,1962,1962-01-01,1962-12-31,1962,1.0,1.0,count,count,1.0,Numeric value parsed; no unit conversion applied.,observed_metric,epoch_ai_models,Data on AI Models,https://epoch.ai/data/frontier_ai_models.csv,,,2026-05-03T04:50:11+00:00,medium_high,Source classification required.,True,Only observation for indicator/country/period/unit.,5,frontier_ai_models_count|USA|1962-01-01|1962-12-31|count,mapped_to_master_schema,Count from Epoch CSV using country column 'Country (of organization)' and date column 'Publication date'.
obs_2f011651bba417,frontier_ai_models_count,Number of frontier AI models by country/year,"Models, Research, and Funding",models,USA,United States,KOR/USA/CHN,annual,1963,1963-01-01,1963-12-31,1963,1.0,1.0,count,count,1.0,Numeric value parsed; no unit conversion applied.,observed_metric,epoch_ai_models,Data on AI Models,https://epoch.ai/data/frontier_ai_models.csv,,,2026-05-03T04:50:11+00:00,medium_high,Source classification required.,True,Only observation for indicator/country/period/unit.,5,frontier_ai_models_count|USA|1963-01-01|1963-12-31|count,mapped_to_master_schema,Count from Epoch CSV using country column 'Country (of organization)' and date column 'Publication date'.
obs_ef67cea2c3e098,frontier_ai_models_count,Number of frontier AI models by country/year,"Models, Research, and Funding",models,USA,United States,KOR/USA/CHN,annual,1966,1966-01-01,1966-12-31,1966,1.0,1.0,count,count,1.0,Numeric value parsed; no unit conversion applied.,observed_metric,epoch_ai_models,Data on AI Models,https://epoch.ai/data/frontier_ai_models.csv,,,2026-05-03T04:50:11+00:00,medium_high,Source classification required.,True,Only observation for indicator/country/period/unit.,5,frontier_ai_models_count|USA|1966-01-01|1966-12-31|count,mapped_to_master_schema,Count from Epoch CSV using country column 'Country (of organization)' and date column 'Publication date'.
obs_8656a56e94abeb,frontier_ai_models_count,Number of frontier AI models by country/year,"Models, Research, and Funding",models,USA,United States,KOR/USA/CHN,annual,1983,1983-01-01,1983-12-31,1983,1.0,1.0,count,count,1.0,Numeric value parsed; no unit conversion applied.,observed_metric,epoch_ai_models,Data on AI Models,https://epoch.ai/data/frontier_ai_models.csv,,,2026-05-03T04:50:11+00:00,medium_high,Source classification required.,True,Only observation for indicator/country/period/unit.,5,frontier_ai_models_count|USA|1983-01-01|1983-12-31|count,mapped_to_master_schema,Count from Epoch CSV using country column 'Country (of organization)' and date column 'Publication date'.
obs_1660f1452a87ff,frontier_ai_models_count,Number of frontier AI models by country/year,"Models, Research, and Funding",models,USA,United States,KOR/USA/CHN,annual,1986,1986-01-01,1986-12-31,1986,2.0,2.0,count,count,2.0,Numeric value parsed; no unit conversion applied.,observed_metric,epoch_ai_models,Data on AI Models,https://epoch.ai/data/frontier_ai_models.csv,,,2026-05-03T04:50:11+00:00,medium_high,Source classification required.,True,Only observation for indicator/country/period/unit.,5,frontier_ai_models_count|USA|1986-01-01|1986-12-31|count,mapped_to_master_schema,Count from Epoch CSV using country column 'Country (of organization)' and date column 'Publication date'.
obs_0ce431e13e2b2a,frontier_ai_models_count,Number of frontier AI models by country/year,"Models, Research, and Funding",models,USA,United States,KOR/USA/CHN,annual,1987,1987-01-01,1987-12-31,1987,3.0,3.0,count,count,3.0,Numeric value parsed; no unit conversion applied.,observed_metric,epoch_ai_models,Data on AI Models,https://epoch.ai/data/frontier_ai_models.csv,,,2026-05-03T04:50:11+00:00,medium_high,Source classification required.,True,Only observation for indicator/country/period/unit.,5,frontier_ai_models_count|USA|1987-01-01|1987-12-31|count,mapped_to_master_schema,Count from Epoch CSV using country column 'Country (of organization)' and date column 'Publication date'.
obs_64f728d1dd01e5,frontier_ai_models_count,Number of frontier AI models by country/year,"Models, Research, and Funding",models,USA,United States,KOR/USA/CHN,annual,1989,1989-01-01,1989-12-31,1989,2.0,2.0,count,count,2.0,Numeric value parsed; no unit conversion applied.,observed_metric,epoch_ai_models,Data on AI Models,https://epoch.ai/data/frontier_ai_models.csv,,,2026-05-03T04:50:11+00:00,medium_high,Source classification required.,True,Only observation for indicator/country/period/unit.,5,frontier_ai_models_count|USA|1989-01-01|1989-12-31|count,mapped_to_master_schema,Count from Epoch CSV using country column 'Country (of organization)' and date column 'Publication date'.
obs_d8209a6ab9f34d,frontier_ai_models_count,Number of frontier AI models by country/year,"Models, Research, and Funding",models,USA,United States,KOR/USA/CHN,annual,1990,1990-01-01,1990-12-31,1990,1.0,1.0,count,count,1.0,Numeric value parsed; no unit conversion applied.,observed_metric,epoch_ai_models,Data on AI Models,https://epoch.ai/data/frontier_ai_models.csv,,,2026-05-03T04:50:11+00:00,medium_high,Source classification required.,True,Only observation for indicator/country/period/unit.,5,frontier_ai_models_count|USA|1990-01-01|1990-12-31|count,mapped_to_master_schema,Count from Epoch CSV using country column 'Country (of organization)' and date column 'Publication date'.
obs_39b8882b7ad743,frontier_ai_models_count,Number of frontier AI models by country/year,"Models, Research, and Funding",models,USA,United States,KOR/USA/CHN,annual,1992,1992-01-01,1992-12-31,1992,1.0,1.0,count,count,1.0,Numeric value parsed; no unit conversion applied.,observed_metric,epoch_ai_models,Data on AI Models,https://epoch.ai/data/frontier_ai_models.csv,,,2026-05-03T04:50:11+00:00,medium_high,Source classification required.,True,Only observation for indicator/country/period/unit.,5,frontier_ai_models_count|USA|1992-01-01|1992-12-31|count,mapped_to_master_schema,Count from Epoch CSV using country column 'Country (of organization)' and date column 'Publication date'.
obs_1c37a883e98eec,frontier_ai_models_count,Number of frontier AI models by country/year,"Models, Research, and Funding",models,USA,United States,KOR/USA/CHN,annual,1993,1993-01-01,1993-12-31,1993,1.0,1.0,count,count,1.0,Numeric value parsed; no unit conversion applied.,observed_metric,epoch_ai_models,Data on AI Models,https://epoch.ai/data/frontier_ai_models.csv,,,2026-05-03T04:50:11+00:00,medium_high,Source classification required.,True,Only observation for indicator/country/period/unit.,5,frontier_ai_models_count|USA|1993-01-01|1993-12-31|count,mapped_to_master_schema,Count from Epoch CSV using country column 'Country (of organization)' and date column 'Publication date'.
obs_6be5c38503e4f0,frontier_ai_models_count,Number of frontier AI models by country/year,"Models, Research, and Funding",models,USA,United States,KOR/USA/CHN,annual,1998,1998-01-01,1998-12-31,1998,1.0,1.0,count,count,1.0,Numeric value parsed; no unit conversion applied.,observed_metric,epoch_ai_models,Data on AI Models,https://epoch.ai/data/frontier_ai_models.csv,,,2026-05-03T04:50:11+00:00,medium_high,Source classification required.,True,Only observation for indicator/country/period/unit.,5,frontier_ai_models_count|USA|1998-01-01|1998-12-31|count,mapped_to_master_schema,Count from Epoch CSV using country column 'Country (of organization)' and date column 'Publication date'.
obs_15aebbe73a9354,frontier_ai_models_count,Number of frontier AI models by country/year,"Models, Research, and Funding",models,USA,United States,KOR/USA/CHN,annual,2001,2001-01-01,2001-12-31,2001,1.0,1.0,count,count,1.0,Numeric value parsed; no unit conversion applied.,observed_metric,epoch_ai_models,Data on AI Models,https://epoch.ai/data/frontier_ai_models.csv,,,2026-05-03T04:50:11+00:00,medium_high,Source classification required.,True,Only observation for indicator/country/period/unit.,5,frontier_ai_models_count|USA|2001-01-01|2001-12-31|count,mapped_to_master_schema,Count from Epoch CSV using country column 'Country (of organization)' and date column 'Publication date'.
obs_75f894c63c5b17,frontier_ai_models_count,Number of frontier AI models by country/year,"Models, Research, and Funding",models,USA,United States,KOR/USA/CHN,annual,2006,2006-01-01,2006-12-31,2006,1.0,1.0,count,count,1.0,Numeric value parsed; no unit conversion applied.,observed_metric,epoch_ai_models,Data on AI Models,https://epoch.ai/data/frontier_ai_models.csv,,,2026-05-03T04:50:11+00:00,medium_high,Source classification required.,True,Only observation for indicator/country/period/unit.,5,frontier_ai_models_count|USA|2006-01-01|2006-12-31|count,mapped_to_master_schema,Count from Epoch CSV using country column 'Country (of organization)' and date column 'Publication date'.
obs_c0b034c8a63e5e,frontier_ai_models_count,Number of frontier AI models by country/year,"Models, Research, and Funding",models,USA,United States,KOR/USA/CHN,annual,2007,2007-01-01,2007-12-31,2007,2.0,2.0,count,count,2.0,Numeric value parsed; no unit conversion applied.,observed_metric,epoch_ai_models,Data on AI Models,https://epoch.ai/data/frontier_ai_models.csv,,,2026-05-03T04:50:11+00:00,medium_high,Source classification required.,True,Only observation for indicator/country/period/unit.,5,frontier_ai_models_count|USA|2007-01-01|2007-12-31|count,mapped_to_master_schema,Count from Epoch CSV using country column 'Country (of organization)' and date column 'Publication date'.
obs_5073f2f8baf176,frontier_ai_models_count,Number of frontier AI models by country/year,"Models, Research, and Funding",models,USA,United States,KOR/USA/CHN,annual,2010,2010-01-01,2010-12-31,2010,3.0,3.0,count,count,3.0,Numeric value parsed; no unit conversion applied.,observed_metric,epoch_ai_models,Data on AI Models,https://epoch.ai/data/frontier_ai_models.csv,,,2026-05-03T04:50:11+00:00,medium_high,Source classification required.,True,Only observation for indicator/country/period/unit.,5,frontier_ai_models_count|USA|2010-01-01|2010-12-31|count,mapped_to_master_schema,Count from Epoch CSV using country column 'Country (of organization)' and date column 'Publication date'.
obs_a42a82aaa08dd5,frontier_ai_models_count,Number of frontier AI models by country/year,"Models, Research, and Funding",models,USA,United States,KOR/USA/CHN,annual,2012,2012-01-01,2012-12-31,2012,1.0,1.0,count,count,1.0,Numeric value parsed; no unit conversion applied.,observed_metric,epoch_ai_models,Data on AI Models,https://epoch.ai/data/frontier_ai_models.csv,,,2026-05-03T04:50:11+00:00,medium_high,Source classification required.,True,Only observation for indicator/country/period/unit.,5,frontier_ai_models_count|USA|2012-01-01|2012-12-31|count,mapped_to_master_schema,Count from Epoch CSV using country column 'Country (of organization)' and date column 'Publication date'.
obs_4197d5c7916215,frontier_ai_models_count,Number of frontier AI models by country/year,"Models, Research, and Funding",models,USA,United States,KOR/USA/CHN,annual,2013,2013-01-01,2013-12-31,2013,3.0,3.0,count,count,3.0,Numeric value parsed; no unit conversion applied.,observed_metric,epoch_ai_models,Data on AI Models,https://epoch.ai/data/frontier_ai_models.csv,,,2026-05-03T04:50:11+00:00,medium_high,Source classification required.,True,Only observation for indicator/country/period/unit.,5,frontier_ai_models_count|USA|2013-01-01|2013-12-31|count,mapped_to_master_schema,Count from Epoch CSV using country column 'Country (of organization)' and date column 'Publication date'.
obs_073e64f687d65f,frontier_ai_models_count,Number of frontier AI models by country/year,"Models, Research, and Funding",models,USA,United States,KOR/USA/CHN,annual,2014,2014-01-01,2014-12-31,2014,3.0,3.0,count,count,3.0,Numeric value parsed; no unit conversion applied.,observed_metric,epoch_ai_models,Data on AI Models,https://epoch.ai/data/frontier_ai_models.csv,,,2026-05-03T04:50:11+00:00,medium_high,Source classification required.,True,Only observation for indicator/country/period/unit.,5,frontier_ai_models_count|USA|2014-01-01|2014-12-31|count,mapped_to_master_schema,Count from Epoch CSV using country column 'Country (of organization)' and date column 'Publication date'.
obs_217fb8180db71b,frontier_ai_models_count,Number of frontier AI models by country/year,"Models, Research, and Funding",models,USA,United States,KOR/USA/CHN,annual,2015,2015-01-01,2015-12-31,2015,3.0,3.0,count,count,3.0,Numeric value parsed; no unit conversion applied.,observed_metric,epoch_ai_models,Data on AI Models,https://epoch.ai/data/frontier_ai_models.csv,,,2026-05-03T04:50:11+00:00,medium_high,Source classification required.,True,Only observation for indicator/country/period/unit.,5,frontier_ai_models_count|USA|2015-01-01|2015-12-31|count,mapped_to_master_schema,Count from Epoch CSV using country column 'Country (of organization)' and date column 'Publication date'.
obs_fb2eb5a8b8c801,frontier_ai_models_count,Number of frontier AI models by country/year,"Models, Research, and Funding",models,USA,United States,KOR/USA/CHN,annual,2016,2016-01-01,2016-12-31,2016,4.0,4.0,count,count,4.0,Numeric value parsed; no unit conversion applied.,observed_metric,epoch_ai_models,Data on AI Models,https://epoch.ai/data/frontier_ai_models.csv,,,2026-05-03T04:50:11+00:00,medium_high,Source classification required.,True,Only observation for indicator/country/period/unit.,5,frontier_ai_models_count|USA|2016-01-01|2016-12-31|count,mapped_to_master_schema,Count from Epoch CSV using country column 'Country (of organization)' and date column 'Publication date'.
obs_1315a63a3510d4,frontier_ai_models_count,Number of frontier AI models by country/year,"Models, Research, and Funding",models,USA,United States,KOR/USA/CHN,annual,2017,2017-01-01,2017-12-31,2017,2.0,2.0,count,count,2.0,Numeric value parsed; no unit conversion applied.,observed_metric,epoch_ai_models,Data on AI Models,https://epoch.ai/data/frontier_ai_models.csv,,,2026-05-03T04:50:11+00:00,medium_high,Source classification required.,True,Only observation for indicator/country/period/unit.,5,frontier_ai_models_count|USA|2017-01-01|2017-12-31|count,mapped_to_master_schema,Count from Epoch CSV using country column 'Country (of organization)' and date column 'Publication date'.
obs_8e9e0b58fcf1af,frontier_ai_models_count,Number of frontier AI models by country/year,"Models, Research, and Funding",models,USA,United States,KOR/USA/CHN,annual,2018,2018-01-01,2018-12-31,2018,1.0,1.0,count,count,1.0,Numeric value parsed; no unit conversion applied.,observed_metric,epoch_ai_models,Data on AI Models,https://epoch.ai/data/frontier_ai_models.csv,,,2026-05-03T04:50:11+00:00,medium_high,Source classification required.,True,Only observation for indicator/country/period/unit.,5,frontier_ai_models_count|USA|2018-01-01|2018-12-31|count,mapped_to_master_schema,Count from Epoch CSV using country column 'Country (of organization)' and date column 'Publication date'.
obs_1b2bb48e73e3d6,frontier_ai_models_count,Number of frontier AI models by country/year,"Models, Research, and Funding",models,USA,United States,KOR/USA/CHN,annual,2019,2019-01-01,2019-12-31,2019,12.0,12.0,count,count,12.0,Numeric value parsed; no unit conversion applied.,observed_metric,epoch_ai_models,Data on AI Models,https://epoch.ai/data/frontier_ai_models.csv,,,2026-05-03T04:50:11+00:00,medium_high,Source classification required.,True,Only observation for indicator/country/period/unit.,5,frontier_ai_models_count|USA|2019-01-01|2019-12-31|count,mapped_to_master_schema,Count from Epoch CSV using country column 'Country (of organization)' and date column 'Publication date'.
obs_0d934ca057e02d,frontier_ai_models_count,Number of frontier AI models by country/year,"Models, Research, and Funding",models,USA,United States,KOR/USA/CHN,annual,2020,2020-01-01,2020-12-31,2020,5.0,5.0,count,count,5.0,Numeric value parsed; no unit conversion applied.,observed_metric,epoch_ai_models,Data on AI Models,https://epoch.ai/data/frontier_ai_models.csv,,,2026-05-03T04:50:11+00:00,medium_high,Source classification required.,True,Only observation for indicator/country/period/unit.,5,frontier_ai_models_count|USA|2020-01-01|2020-12-31|count,mapped_to_master_schema,Count from Epoch CSV using country column 'Country (of organization)' and date column 'Publication date'.
obs_b94e24bb9814bb,frontier_ai_models_count,Number of frontier AI models by country/year,"Models, Research, and Funding",models,USA,United States,KOR/USA/CHN,annual,2021,2021-01-01,2021-12-31,2021,3.0,3.0,count,count,3.0,Numeric value parsed; no unit conversion applied.,observed_metric,epoch_ai_models,Data on AI Models,https://epoch.ai/data/frontier_ai_models.csv,,,2026-05-03T04:50:11+00:00,medium_high,Source classification required.,True,Only observation for indicator/country/period/unit.,5,frontier_ai_models_count|USA|2021-01-01|2021-12-31|count,mapped_to_master_schema,Count from Epoch CSV using country column 'Country (of organization)' and date column 'Publication date'.
obs_b301ff7cf993b0,frontier_ai_models_count,Number of frontier AI models by country/year,"Models, Research, and Funding",models,USA,United States,KOR/USA/CHN,annual,2022,2022-01-01,2022-12-31,2022,5.0,5.0,count,count,5.0,Numeric value parsed; no unit conversion applied.,observed_metric,epoch_ai_models,Data on AI Models,https://epoch.ai/data/frontier_ai_models.csv,,,2026-05-03T04:50:11+00:00,medium_high,Source classification required.,True,Only observation for indicator/country/period/unit.,5,frontier_ai_models_count|USA|2022-01-01|2022-12-31|count,mapped_to_master_schema,Count from Epoch CSV using country column 'Country (of organization)' and date column 'Publication date'.
obs_686e446dbea270,frontier_ai_models_count,Number of frontier AI models by country/year,"Models, Research, and Funding",models,USA,United States,KOR/USA/CHN,annual,2023,2023-01-01,2023-12-31,2023,8.0,8.0,count,count,8.0,Numeric value parsed; no unit conversion applied.,observed_metric,epoch_ai_models,Data on AI Models,https://epoch.ai/data/frontier_ai_models.csv,,,2026-05-03T04:50:11+00:00,medium_high,Source classification required.,True,Only observation for indicator/country/period/unit.,5,frontier_ai_models_count|USA|2023-01-01|2023-12-31|count,mapped_to_master_schema,Count from Epoch CSV using country column 'Country (of organization)' and date column 'Publication date'.
obs_876af97a6fa8c8,frontier_ai_models_count,Number of frontier AI models by country/year,"Models, Research, and Funding",models,USA,United States,KOR/USA/CHN,annual,2024,2024-01-01,2024-12-31,2024,10.0,10.0,count,count,10.0,Numeric value parsed; no unit conversion applied.,observed_metric,epoch_ai_models,Data on AI Models,https://epoch.ai/data/frontier_ai_models.csv,,,2026-05-03T04:50:11+00:00,medium_high,Source classification required.,True,Only observation for indicator/country/period/unit.,5,frontier_ai_models_count|USA|2024-01-01|2024-12-31|count,mapped_to_master_schema,Count from Epoch CSV using country column 'Country (of organization)' and date column 'Publication date'.
obs_eab2b2913398fa,frontier_ai_models_count,Number of frontier AI models by country/year,"Models, Research, and Funding",models,USA,United States,KOR/USA/CHN,annual,2025,2025-01-01,2025-12-31,2025,7.0,7.0,count,count,7.0,Numeric value parsed; no unit conversion applied.,observed_metric,epoch_ai_models,Data on AI Models,https://epoch.ai/data/frontier_ai_models.csv,,,2026-05-03T04:50:11+00:00,medium_high,Source classification required.,True,Only observation for indicator/country/period/unit.,5,frontier_ai_models_count|USA|2025-01-01|2025-12-31|count,mapped_to_master_schema,Count from Epoch CSV using country column 'Country (of organization)' and date column 'Publication date'.
obs_9ff96c9386f9f1,genai_productivity_effect_pct,Estimated potential productivity effect,Adoption and Industry,productivity,KOR,South Korea,KOR/USA/CHN,annual,2025,2025-01-01,2025-12-31,2025,1.0,1.0,percent,percent,100.0,Converted decimal share to percent.,estimate,bok_genai,AI's Rapid Spread and Productivity Effects Based on Household Surveys,https://www.bok.or.kr/portal/bbs/P0002353/view.do?depth=201150&menuNo=200433&nttId=10093071&oldMenuNo=201150&pageIndex=1&pageUnit=10&programType=newsData&searchCnd=1&searchKwd=,,,2026-05-03T04:50:04+00:00,medium,Model/survey estimate.,True,Only observation for indicator/country/period/unit.,2,genai_productivity_effect_pct|KOR|2025-01-01|2025-12-31|percent,mapped_to_master_schema,Estimated potential productivity effect.
obs_7c962422384f54,genai_time_saved_pct,Estimated work-time reduction from GenAI use,Adoption and Industry,productivity,KOR,South Korea,KOR/USA/CHN,annual,2025,2025-01-01,2025-12-31,2025,3.8,3.8,percent,percent,3.8,Percent value preserved.,estimate,bok_genai,AI's Rapid Spread and Productivity Effects Based on Household Surveys,https://www.bok.or.kr/portal/bbs/P0002353/view.do?depth=201150&menuNo=200433&nttId=10093071&oldMenuNo=201150&pageIndex=1&pageUnit=10&programType=newsData&searchCnd=1&searchKwd=,,,2026-05-03T04:50:04+00:00,medium,Model/survey estimate.,True,Only observation for indicator/country/period/unit.,2,genai_time_saved_pct|KOR|2025-01-01|2025-12-31|percent,mapped_to_master_schema,Average work-time reduction from GenAI use.
obs_99917fa396a1ed,industrial_robot_installations,Annual industrial robot installations,Adoption and Industry,adoption,CHN,China,KOR/USA/CHN,annual,2024,2024-01-01,2024-12-31,2024,295000.0,295000.0,count,count,295000.0,Numeric value parsed; no unit conversion applied.,observed_metric,ifr_robotics,IFR World Robotics press releases,https://ifr.org/ifr-press-releases/news/global-robot-demand-in-factories-doubles-over-10-years,,,2026-05-03T04:50:04+00:00,medium_high,IFR methodology.,True,Only observation for indicator/country/period/unit.,6,industrial_robot_installations|CHN|2024-01-01|2024-12-31|count,mapped_to_master_schema,IFR press-release annual installation value.
obs_918d22be61160a,industrial_robot_installations,Annual industrial robot installations,Adoption and Industry,adoption,KOR,South Korea,KOR/USA/CHN,annual,2024,2024-01-01,2024-12-31,2024,30600.0,30600.0,count,count,30600.0,Numeric value parsed; no unit conversion applied.,observed_metric,ifr_robotics,IFR World Robotics press releases,https://ifr.org/ifr-press-releases/news/global-robot-demand-in-factories-doubles-over-10-years,,,2026-05-03T04:50:04+00:00,medium_high,IFR methodology.,True,Only observation for indicator/country/period/unit.,6,industrial_robot_installations|KOR|2024-01-01|2024-12-31|count,mapped_to_master_schema,IFR press-release annual installation value.
obs_10a88feaa75da4,industrial_robot_installations,Annual industrial robot installations,Adoption and Industry,adoption,USA,United States,KOR/USA/CHN,annual,2024,2024-01-01,2024-12-31,2024,34200.0,34200.0,count,count,34200.0,Numeric value parsed; no unit conversion applied.,observed_metric,ifr_robotics,IFR World Robotics press releases,https://ifr.org/ifr-press-releases/news/global-robot-demand-in-factories-doubles-over-10-years,,,2026-05-03T04:50:04+00:00,medium_high,IFR methodology.,True,Only observation for indicator/country/period/unit.,6,industrial_robot_installations|USA|2024-01-01|2024-12-31|count,mapped_to_master_schema,IFR press-release annual installation value.
obs_9f685b8101c36c,kisti6_gpu_count,Number of GPUs in KISTI-6 / HANGANG,Compute and Data Centers,compute,KOR,South Korea,KOR/USA/CHN,annual,2026,2026-01-01,2026-12-31,2026,8496.0,8496.0,GPU count,count,8496.0,Numeric value parsed; no unit conversion applied.,official_target,kisti_hangang,KISTI Begins Construction of Korea's 6th National Supercomputer,https://www.kisti.re.kr/eng/news/post/eng_news/6695,,,2026-05-03T04:50:01+00:00,high,Named public system.,True,Only observation for indicator/country/period/unit.,2,kisti6_gpu_count|KOR|2026-01-01|2026-12-31|count,mapped_to_master_schema,KISTI-6/HANGANG stated GPU count.
obs_52f0ed5de7f2fb,kisti6_peak_pflops,KISTI-6 / HANGANG peak performance,Compute and Data Centers,compute,KOR,South Korea,KOR/USA/CHN,annual,2026,2026-01-01,2026-12-31,2026,600.0,600.0,PFLOP/s,PFLOP/s,600.0,Numeric value parsed; no unit conversion applied.,official_target,kisti_hangang,KISTI Begins Construction of Korea's 6th National Supercomputer,https://www.kisti.re.kr/eng/news/post/eng_news/6695,,,2026-05-03T04:50:01+00:00,high,Named public system; confirm exact performance field.,True,Only observation for indicator/country/period/unit.,2,kisti6_peak_pflops|KOR|2026-01-01|2026-12-31|PFLOP/s,mapped_to_master_schema,Approximate stated computing performance.
obs_31c8b836fda2b4,known_ai_gpu_cluster_16bit_ops,Known AI GPU-cluster 16-bit operations by country,Compute and Data Centers,compute,CHN,China,KOR/USA/CHN,annual,2026,2026-01-01,2026-12-31,2026,6.882959999999971e+20,6.882959999999971e+20,OP/s,OP/s,6.882959999999971e+20,Numeric value parsed; no unit conversion applied.,estimate,epoch_gpu_clusters,Data on GPU Clusters,https://epoch.ai/data/gpu_clusters.csv,,,2026-05-03T04:50:13+00:00,medium,Incomplete public coverage.,True,Only observation for indicator/country/period/unit.,5,known_ai_gpu_cluster_16bit_ops|CHN|2026-01-01|2026-12-31|OP/s,mapped_to_master_schema,Aggregate from Epoch GPU clusters CSV column '16-bit OP/s (log)'. Values converted from log scale before aggregation.
obs_a9abdd6d64c583,known_ai_gpu_cluster_16bit_ops,Known AI GPU-cluster 16-bit operations by country,Compute and Data Centers,compute,KOR,South Korea,KOR/USA/CHN,annual,2026,2026-01-01,2026-12-31,2026,5.177220010399982e+21,5.177220010399982e+21,OP/s,OP/s,5.177220010399982e+21,Numeric value parsed; no unit conversion applied.,estimate,epoch_gpu_clusters,Data on GPU Clusters,https://epoch.ai/data/gpu_clusters.csv,,,2026-05-03T04:50:13+00:00,medium,Incomplete public coverage.,True,Only observation for indicator/country/period/unit.,5,known_ai_gpu_cluster_16bit_ops|KOR|2026-01-01|2026-12-31|OP/s,mapped_to_master_schema,Aggregate from Epoch GPU clusters CSV column '16-bit OP/s (log)'. Values converted from log scale before aggregation.
obs_727d15ff42b7a6,known_ai_gpu_cluster_16bit_ops,Known AI GPU-cluster 16-bit operations by country,Compute and Data Centers,compute,USA,United States,KOR/USA/CHN,annual,2026,2026-01-01,2026-12-31,2026,4.087050363791995e+22,4.087050363791995e+22,OP/s,OP/s,4.087050363791995e+22,Numeric value parsed; no unit conversion applied.,estimate,epoch_gpu_clusters,Data on GPU Clusters,https://epoch.ai/data/gpu_clusters.csv,,,2026-05-03T04:50:13+00:00,medium,Incomplete public coverage.,True,Only observation for indicator/country/period/unit.,5,known_ai_gpu_cluster_16bit_ops|USA|2026-01-01|2026-12-31|OP/s,mapped_to_master_schema,Aggregate from Epoch GPU clusters CSV column '16-bit OP/s (log)'. Values converted from log scale before aggregation.
obs_35150ee5422d2d,known_ai_gpu_cluster_count,Number of known AI GPU clusters,Compute and Data Centers,compute,CHN,China,KOR/USA/CHN,annual,2026,2026-01-01,2026-12-31,2026,253.0,253.0,count,count,253.0,Numeric value parsed; no unit conversion applied.,estimate,epoch_gpu_clusters,Data on GPU Clusters,https://epoch.ai/data/gpu_clusters.csv,,,2026-05-03T04:50:13+00:00,medium,Incomplete public coverage.,True,Only observation for indicator/country/period/unit.,5,known_ai_gpu_cluster_count|CHN|2026-01-01|2026-12-31|count,mapped_to_master_schema,Count from Epoch GPU clusters CSV using country column 'Country'.
obs_5893822035d398,known_ai_gpu_cluster_count,Number of known AI GPU clusters,Compute and Data Centers,compute,KOR,South Korea,KOR/USA/CHN,annual,2026,2026-01-01,2026-12-31,2026,18.0,18.0,count,count,18.0,Numeric value parsed; no unit conversion applied.,estimate,epoch_gpu_clusters,Data on GPU Clusters,https://epoch.ai/data/gpu_clusters.csv,,,2026-05-03T04:50:13+00:00,medium,Incomplete public coverage.,True,Only observation for indicator/country/period/unit.,5,known_ai_gpu_cluster_count|KOR|2026-01-01|2026-12-31|count,mapped_to_master_schema,Count from Epoch GPU clusters CSV using country column 'Country'.
obs_8467efb0baa767,known_ai_gpu_cluster_count,Number of known AI GPU clusters,Compute and Data Centers,compute,USA,United States,KOR/USA/CHN,annual,2026,2026-01-01,2026-12-31,2026,213.0,213.0,count,count,213.0,Numeric value parsed; no unit conversion applied.,estimate,epoch_gpu_clusters,Data on GPU Clusters,https://epoch.ai/data/gpu_clusters.csv,,,2026-05-03T04:50:13+00:00,medium,Incomplete public coverage.,True,Only observation for indicator/country/period/unit.,5,known_ai_gpu_cluster_count|USA|2026-01-01|2026-12-31|count,mapped_to_master_schema,Count from Epoch GPU clusters CSV using country column 'Country'.
obs_43166b636056c2,large_scale_models_count,Number of large-scale AI models by country/year,"Models, Research, and Funding",models,CHN,China,KOR/USA/CHN,annual,2021,2021-01-01,2021-12-31,2021,3.0,3.0,count,count,3.0,Numeric value parsed; no unit conversion applied.,observed_metric,epoch_ai_models,Data on AI Models,https://epoch.ai/data/large_scale_ai_models.csv,,,2026-05-03T04:50:11+00:00,medium_high,Definition depends on Epoch.,True,Only observation for indicator/country/period/unit.,5,large_scale_models_count|CHN|2021-01-01|2021-12-31|count,mapped_to_master_schema,Count from Epoch CSV using country column 'Country (of organization)' and date column 'Publication date'.
obs_f46812f7c7ebbe,large_scale_models_count,Number of large-scale AI models by country/year,"Models, Research, and Funding",models,CHN,China,KOR/USA/CHN,annual,2022,2022-01-01,2022-12-31,2022,2.0,2.0,count,count,2.0,Numeric value parsed; no unit conversion applied.,observed_metric,epoch_ai_models,Data on AI Models,https://epoch.ai/data/large_scale_ai_models.csv,,,2026-05-03T04:50:11+00:00,medium_high,Definition depends on Epoch.,True,Only observation for indicator/country/period/unit.,5,large_scale_models_count|CHN|2022-01-01|2022-12-31|count,mapped_to_master_schema,Count from Epoch CSV using country column 'Country (of organization)' and date column 'Publication date'.
obs_c07e3d0cad9046,large_scale_models_count,Number of large-scale AI models by country/year,"Models, Research, and Funding",models,CHN,China,KOR/USA/CHN,annual,2023,2023-01-01,2023-12-31,2023,47.0,47.0,count,count,47.0,Numeric value parsed; no unit conversion applied.,observed_metric,epoch_ai_models,Data on AI Models,https://epoch.ai/data/large_scale_ai_models.csv,,,2026-05-03T04:50:11+00:00,medium_high,Definition depends on Epoch.,True,Only observation for indicator/country/period/unit.,5,large_scale_models_count|CHN|2023-01-01|2023-12-31|count,mapped_to_master_schema,Count from Epoch CSV using country column 'Country (of organization)' and date column 'Publication date'.
obs_8fb9ac721d7e03,large_scale_models_count,Number of large-scale AI models by country/year,"Models, Research, and Funding",models,CHN,China,KOR/USA/CHN,annual,2024,2024-01-01,2024-12-31,2024,60.0,60.0,count,count,60.0,Numeric value parsed; no unit conversion applied.,observed_metric,epoch_ai_models,Data on AI Models,https://epoch.ai/data/large_scale_ai_models.csv,,,2026-05-03T04:50:11+00:00,medium_high,Definition depends on Epoch.,True,Only observation for indicator/country/period/unit.,5,large_scale_models_count|CHN|2024-01-01|2024-12-31|count,mapped_to_master_schema,Count from Epoch CSV using country column 'Country (of organization)' and date column 'Publication date'.
obs_4337e6fd4295f6,large_scale_models_count,Number of large-scale AI models by country/year,"Models, Research, and Funding",models,CHN,China,KOR/USA/CHN,annual,2025,2025-01-01,2025-12-31,2025,80.0,80.0,count,count,80.0,Numeric value parsed; no unit conversion applied.,observed_metric,epoch_ai_models,Data on AI Models,https://epoch.ai/data/large_scale_ai_models.csv,,,2026-05-03T04:50:11+00:00,medium_high,Definition depends on Epoch.,True,Only observation for indicator/country/period/unit.,5,large_scale_models_count|CHN|2025-01-01|2025-12-31|count,mapped_to_master_schema,Count from Epoch CSV using country column 'Country (of organization)' and date column 'Publication date'.
obs_b301cd54854c83,large_scale_models_count,Number of large-scale AI models by country/year,"Models, Research, and Funding",models,CHN,China,KOR/USA/CHN,annual,2026,2026-01-01,2026-12-31,2026,2.0,2.0,count,count,2.0,Numeric value parsed; no unit conversion applied.,observed_metric,epoch_ai_models,Data on AI Models,https://epoch.ai/data/large_scale_ai_models.csv,,,2026-05-03T04:50:11+00:00,medium_high,Definition depends on Epoch.,True,Only observation for indicator/country/period/unit.,5,large_scale_models_count|CHN|2026-01-01|2026-12-31|count,mapped_to_master_schema,Count from Epoch CSV using country column 'Country (of organization)' and date column 'Publication date'.
obs_c38daeabbd6ba7,large_scale_models_count,Number of large-scale AI models by country/year,"Models, Research, and Funding",models,KOR,South Korea,KOR/USA/CHN,annual,2021,2021-01-01,2021-12-31,2021,3.0,3.0,count,count,3.0,Numeric value parsed; no unit conversion applied.,observed_metric,epoch_ai_models,Data on AI Models,https://epoch.ai/data/large_scale_ai_models.csv,,,2026-05-03T04:50:11+00:00,medium_high,Definition depends on Epoch.,True,Only observation for indicator/country/period/unit.,5,large_scale_models_count|KOR|2021-01-01|2021-12-31|count,mapped_to_master_schema,Count from Epoch CSV using country column 'Country (of organization)' and date column 'Publication date'.
obs_8efe9cc6a521ac,large_scale_models_count,Number of large-scale AI models by country/year,"Models, Research, and Funding",models,KOR,South Korea,KOR/USA/CHN,annual,2023,2023-01-01,2023-12-31,2023,8.0,8.0,count,count,8.0,Numeric value parsed; no unit conversion applied.,observed_metric,epoch_ai_models,Data on AI Models,https://epoch.ai/data/large_scale_ai_models.csv,,,2026-05-03T04:50:11+00:00,medium_high,Definition depends on Epoch.,True,Only observation for indicator/country/period/unit.,5,large_scale_models_count|KOR|2023-01-01|2023-12-31|count,mapped_to_master_schema,Count from Epoch CSV using country column 'Country (of organization)' and date column 'Publication date'.
obs_194c9c34f30e4e,large_scale_models_count,Number of large-scale AI models by country/year,"Models, Research, and Funding",models,KOR,South Korea,KOR/USA/CHN,annual,2024,2024-01-01,2024-12-31,2024,3.0,3.0,count,count,3.0,Numeric value parsed; no unit conversion applied.,observed_metric,epoch_ai_models,Data on AI Models,https://epoch.ai/data/large_scale_ai_models.csv,,,2026-05-03T04:50:11+00:00,medium_high,Definition depends on Epoch.,True,Only observation for indicator/country/period/unit.,5,large_scale_models_count|KOR|2024-01-01|2024-12-31|count,mapped_to_master_schema,Count from Epoch CSV using country column 'Country (of organization)' and date column 'Publication date'.
obs_576010d4178e4c,large_scale_models_count,Number of large-scale AI models by country/year,"Models, Research, and Funding",models,KOR,South Korea,KOR/USA/CHN,annual,2025,2025-01-01,2025-12-31,2025,3.0,3.0,count,count,3.0,Numeric value parsed; no unit conversion applied.,observed_metric,epoch_ai_models,Data on AI Models,https://epoch.ai/data/large_scale_ai_models.csv,,,2026-05-03T04:50:11+00:00,medium_high,Definition depends on Epoch.,True,Only observation for indicator/country/period/unit.,5,large_scale_models_count|KOR|2025-01-01|2025-12-31|count,mapped_to_master_schema,Count from Epoch CSV using country column 'Country (of organization)' and date column 'Publication date'.
obs_2ecdbbcb2a50c0,large_scale_models_count,Number of large-scale AI models by country/year,"Models, Research, and Funding",models,USA,United States,KOR/USA/CHN,annual,2020,2020-01-01,2020-12-31,2020,2.0,2.0,count,count,2.0,Numeric value parsed; no unit conversion applied.,observed_metric,epoch_ai_models,Data on AI Models,https://epoch.ai/data/large_scale_ai_models.csv,,,2026-05-03T04:50:11+00:00,medium_high,Definition depends on Epoch.,True,Only observation for indicator/country/period/unit.,5,large_scale_models_count|USA|2020-01-01|2020-12-31|count,mapped_to_master_schema,Count from Epoch CSV using country column 'Country (of organization)' and date column 'Publication date'.
obs_ed6b53371a5d94,large_scale_models_count,Number of large-scale AI models by country/year,"Models, Research, and Funding",models,USA,United States,KOR/USA/CHN,annual,2021,2021-01-01,2021-12-31,2021,2.0,2.0,count,count,2.0,Numeric value parsed; no unit conversion applied.,observed_metric,epoch_ai_models,Data on AI Models,https://epoch.ai/data/large_scale_ai_models.csv,,,2026-05-03T04:50:11+00:00,medium_high,Definition depends on Epoch.,True,Only observation for indicator/country/period/unit.,5,large_scale_models_count|USA|2021-01-01|2021-12-31|count,mapped_to_master_schema,Count from Epoch CSV using country column 'Country (of organization)' and date column 'Publication date'.
obs_ad408016d4738d,large_scale_models_count,Number of large-scale AI models by country/year,"Models, Research, and Funding",models,USA,United States,KOR/USA/CHN,annual,2022,2022-01-01,2022-12-31,2022,22.0,22.0,count,count,22.0,Numeric value parsed; no unit conversion applied.,observed_metric,epoch_ai_models,Data on AI Models,https://epoch.ai/data/large_scale_ai_models.csv,,,2026-05-03T04:50:11+00:00,medium_high,Definition depends on Epoch.,True,Only observation for indicator/country/period/unit.,5,large_scale_models_count|USA|2022-01-01|2022-12-31|count,mapped_to_master_schema,Count from Epoch CSV using country column 'Country (of organization)' and date column 'Publication date'.
obs_9549216415627f,large_scale_models_count,Number of large-scale AI models by country/year,"Models, Research, and Funding",models,USA,United States,KOR/USA/CHN,annual,2023,2023-01-01,2023-12-31,2023,48.0,48.0,count,count,48.0,Numeric value parsed; no unit conversion applied.,observed_metric,epoch_ai_models,Data on AI Models,https://epoch.ai/data/large_scale_ai_models.csv,,,2026-05-03T04:50:11+00:00,medium_high,Definition depends on Epoch.,True,Only observation for indicator/country/period/unit.,5,large_scale_models_count|USA|2023-01-01|2023-12-31|count,mapped_to_master_schema,Count from Epoch CSV using country column 'Country (of organization)' and date column 'Publication date'.
obs_7d97bde0515137,large_scale_models_count,Number of large-scale AI models by country/year,"Models, Research, and Funding",models,USA,United States,KOR/USA/CHN,annual,2024,2024-01-01,2024-12-31,2024,81.0,81.0,count,count,81.0,Numeric value parsed; no unit conversion applied.,observed_metric,epoch_ai_models,Data on AI Models,https://epoch.ai/data/large_scale_ai_models.csv,,,2026-05-03T04:50:11+00:00,medium_high,Definition depends on Epoch.,True,Only observation for indicator/country/period/unit.,5,large_scale_models_count|USA|2024-01-01|2024-12-31|count,mapped_to_master_schema,Count from Epoch CSV using country column 'Country (of organization)' and date column 'Publication date'.
obs_0bb452ec3115df,large_scale_models_count,Number of large-scale AI models by country/year,"Models, Research, and Funding",models,USA,United States,KOR/USA/CHN,annual,2025,2025-01-01,2025-12-31,2025,68.0,68.0,count,count,68.0,Numeric value parsed; no unit conversion applied.,observed_metric,epoch_ai_models,Data on AI Models,https://epoch.ai/data/large_scale_ai_models.csv,,,2026-05-03T04:50:11+00:00,medium_high,Definition depends on Epoch.,True,Only observation for indicator/country/period/unit.,5,large_scale_models_count|USA|2025-01-01|2025-12-31|count,mapped_to_master_schema,Count from Epoch CSV using country column 'Country (of organization)' and date column 'Publication date'.
obs_f23f34e79375ac,large_scale_models_count,Number of large-scale AI models by country/year,"Models, Research, and Funding",models,USA,United States,KOR/USA/CHN,annual,2026,2026-01-01,2026-12-31,2026,12.0,12.0,count,count,12.0,Numeric value parsed; no unit conversion applied.,observed_metric,epoch_ai_models,Data on AI Models,https://epoch.ai/data/large_scale_ai_models.csv,,,2026-05-03T04:50:11+00:00,medium_high,Definition depends on Epoch.,True,Only observation for indicator/country/period/unit.,5,large_scale_models_count|USA|2026-01-01|2026-12-31|count,mapped_to_master_schema,Count from Epoch CSV using country column 'Country (of organization)' and date column 'Publication date'.
obs_09641702fd872a,max_domestic_model_training_compute_flop,Largest known training compute of domestic model,"Models, Research, and Funding",models,CHN,China,KOR/USA/CHN,annual,2024,2024-01-01,2024-12-31,2024,2.505e+25,2.505e+25,FLOP,FLOP,2.505e+25,Numeric value parsed; no unit conversion applied.,estimate,epoch_ai_models,Data on AI Models,https://epoch.ai/data/all_ai_models.csv,,,2026-05-03T04:50:12+00:00,medium,Training compute estimates may be uncertain.,True,Only observation for indicator/country/period/unit.,5,max_domestic_model_training_compute_flop|CHN|2024-01-01|2024-12-31|FLOP,mapped_to_master_schema,Max training compute from Epoch all-models CSV using country column 'Country (of organization)'.
obs_e19e2351e259a1,max_domestic_model_training_compute_flop,Largest known training compute of domestic model,"Models, Research, and Funding",models,KOR,South Korea,KOR/USA/CHN,annual,2025,2025-01-01,2025-12-31,2025,2.69000000000001e+24,2.69000000000001e+24,FLOP,FLOP,2.69000000000001e+24,Numeric value parsed; no unit conversion applied.,estimate,epoch_ai_models,Data on AI Models,https://epoch.ai/data/all_ai_models.csv,,,2026-05-03T04:50:12+00:00,medium,Training compute estimates may be uncertain.,True,Only observation for indicator/country/period/unit.,5,max_domestic_model_training_compute_flop|KOR|2025-01-01|2025-12-31|FLOP,mapped_to_master_schema,Max training compute from Epoch all-models CSV using country column 'Country (of organization)'.
obs_22efab8c7ec700,max_domestic_model_training_compute_flop,Largest known training compute of domestic model,"Models, Research, and Funding",models,USA,United States,KOR/USA/CHN,annual,2025,2025-01-01,2025-12-31,2025,5.0000000000001e+26,5.0000000000001e+26,FLOP,FLOP,5.0000000000001e+26,Numeric value parsed; no unit conversion applied.,estimate,epoch_ai_models,Data on AI Models,https://epoch.ai/data/all_ai_models.csv,,,2026-05-03T04:50:12+00:00,medium,Training compute estimates may be uncertain.,True,Only observation for indicator/country/period/unit.,5,max_domestic_model_training_compute_flop|USA|2025-01-01|2025-12-31|FLOP,mapped_to_master_schema,Max training compute from Epoch all-models CSV using country column 'Country (of organization)'.
obs_7641f4ad2016c6,newly_funded_ai_companies_count,Newly funded AI companies,"Models, Research, and Funding",startups,CHN,China,KOR/USA/CHN,annual,2013,2013-01-01,2013-12-31,2013,27.0,27.0,count,count,27.0,Numeric value parsed; no unit conversion applied.,index_metric,stanford_ai_index,AI Index Report Data,https://hai.stanford.edu/ai-index,,,2026-05-03T04:50:18+00:00,medium_high,Dataset methodology matters.,True,Only observation for indicator/country/period/unit.,5,newly_funded_ai_companies_count|CHN|2013-01-01|2013-12-31|count,mapped_to_master_schema,Stanford AI Index local figure fig_4.2.14.csv.
obs_315a96e2fd4924,newly_funded_ai_companies_count,Newly funded AI companies,"Models, Research, and Funding",startups,CHN,China,KOR/USA/CHN,annual,2014,2014-01-01,2014-12-31,2014,43.0,43.0,count,count,43.0,Numeric value parsed; no unit conversion applied.,index_metric,stanford_ai_index,AI Index Report Data,https://hai.stanford.edu/ai-index,,,2026-05-03T04:50:18+00:00,medium_high,Dataset methodology matters.,True,Only observation for indicator/country/period/unit.,5,newly_funded_ai_companies_count|CHN|2014-01-01|2014-12-31|count,mapped_to_master_schema,Stanford AI Index local figure fig_4.2.14.csv.
obs_346dc7fae958fa,newly_funded_ai_companies_count,Newly funded AI companies,"Models, Research, and Funding",startups,CHN,China,KOR/USA/CHN,annual,2015,2015-01-01,2015-12-31,2015,72.0,72.0,count,count,72.0,Numeric value parsed; no unit conversion applied.,index_metric,stanford_ai_index,AI Index Report Data,https://hai.stanford.edu/ai-index,,,2026-05-03T04:50:18+00:00,medium_high,Dataset methodology matters.,True,Only observation for indicator/country/period/unit.,5,newly_funded_ai_companies_count|CHN|2015-01-01|2015-12-31|count,mapped_to_master_schema,Stanford AI Index local figure fig_4.2.14.csv.
obs_cbb20945cf239e,newly_funded_ai_companies_count,Newly funded AI companies,"Models, Research, and Funding",startups,CHN,China,KOR/USA/CHN,annual,2016,2016-01-01,2016-12-31,2016,69.0,69.0,count,count,69.0,Numeric value parsed; no unit conversion applied.,index_metric,stanford_ai_index,AI Index Report Data,https://hai.stanford.edu/ai-index,,,2026-05-03T04:50:18+00:00,medium_high,Dataset methodology matters.,True,Only observation for indicator/country/period/unit.,5,newly_funded_ai_companies_count|CHN|2016-01-01|2016-12-31|count,mapped_to_master_schema,Stanford AI Index local figure fig_4.2.14.csv.
obs_709e076e3c3c8d,newly_funded_ai_companies_count,Newly funded AI companies,"Models, Research, and Funding",startups,CHN,China,KOR/USA/CHN,annual,2017,2017-01-01,2017-12-31,2017,92.0,92.0,count,count,92.0,Numeric value parsed; no unit conversion applied.,index_metric,stanford_ai_index,AI Index Report Data,https://hai.stanford.edu/ai-index,,,2026-05-03T04:50:18+00:00,medium_high,Dataset methodology matters.,True,Only observation for indicator/country/period/unit.,5,newly_funded_ai_companies_count|CHN|2017-01-01|2017-12-31|count,mapped_to_master_schema,Stanford AI Index local figure fig_4.2.14.csv.
obs_73e0bb2090b79b,newly_funded_ai_companies_count,Newly funded AI companies,"Models, Research, and Funding",startups,CHN,China,KOR/USA/CHN,annual,2018,2018-01-01,2018-12-31,2018,205.0,205.0,count,count,205.0,Numeric value parsed; no unit conversion applied.,index_metric,stanford_ai_index,AI Index Report Data,https://hai.stanford.edu/ai-index,,,2026-05-03T04:50:18+00:00,medium_high,Dataset methodology matters.,True,Only observation for indicator/country/period/unit.,5,newly_funded_ai_companies_count|CHN|2018-01-01|2018-12-31|count,mapped_to_master_schema,Stanford AI Index local figure fig_4.2.14.csv.
obs_5adf1d21955655,newly_funded_ai_companies_count,Newly funded AI companies,"Models, Research, and Funding",startups,CHN,China,KOR/USA/CHN,annual,2019,2019-01-01,2019-12-31,2019,217.0,217.0,count,count,217.0,Numeric value parsed; no unit conversion applied.,index_metric,stanford_ai_index,AI Index Report Data,https://hai.stanford.edu/ai-index,,,2026-05-03T04:50:18+00:00,medium_high,Dataset methodology matters.,True,Only observation for indicator/country/period/unit.,5,newly_funded_ai_companies_count|CHN|2019-01-01|2019-12-31|count,mapped_to_master_schema,Stanford AI Index local figure fig_4.2.14.csv.
obs_37fd8eda771ffc,newly_funded_ai_companies_count,Newly funded AI companies,"Models, Research, and Funding",startups,CHN,China,KOR/USA/CHN,annual,2020,2020-01-01,2020-12-31,2020,205.0,205.0,count,count,205.0,Numeric value parsed; no unit conversion applied.,index_metric,stanford_ai_index,AI Index Report Data,https://hai.stanford.edu/ai-index,,,2026-05-03T04:50:18+00:00,medium_high,Dataset methodology matters.,True,Only observation for indicator/country/period/unit.,5,newly_funded_ai_companies_count|CHN|2020-01-01|2020-12-31|count,mapped_to_master_schema,Stanford AI Index local figure fig_4.2.14.csv.
obs_e78368afb037b9,newly_funded_ai_companies_count,Newly funded AI companies,"Models, Research, and Funding",startups,CHN,China,KOR/USA/CHN,annual,2021,2021-01-01,2021-12-31,2021,281.0,281.0,count,count,281.0,Numeric value parsed; no unit conversion applied.,index_metric,stanford_ai_index,AI Index Report Data,https://hai.stanford.edu/ai-index,,,2026-05-03T04:50:18+00:00,medium_high,Dataset methodology matters.,True,Only observation for indicator/country/period/unit.,5,newly_funded_ai_companies_count|CHN|2021-01-01|2021-12-31|count,mapped_to_master_schema,Stanford AI Index local figure fig_4.2.14.csv.
obs_3f767de767849a,newly_funded_ai_companies_count,Newly funded AI companies,"Models, Research, and Funding",startups,CHN,China,KOR/USA/CHN,annual,2022,2022-01-01,2022-12-31,2022,178.0,178.0,count,count,178.0,Numeric value parsed; no unit conversion applied.,index_metric,stanford_ai_index,AI Index Report Data,https://hai.stanford.edu/ai-index,,,2026-05-03T04:50:18+00:00,medium_high,Dataset methodology matters.,True,Only observation for indicator/country/period/unit.,5,newly_funded_ai_companies_count|CHN|2022-01-01|2022-12-31|count,mapped_to_master_schema,Stanford AI Index local figure fig_4.2.14.csv.
obs_408875b2b740a1,newly_funded_ai_companies_count,Newly funded AI companies,"Models, Research, and Funding",startups,CHN,China,KOR/USA/CHN,annual,2023,2023-01-01,2023-12-31,2023,118.0,118.0,count,count,118.0,Numeric value parsed; no unit conversion applied.,index_metric,stanford_ai_index,AI Index Report Data,https://hai.stanford.edu/ai-index,,,2026-05-03T04:50:18+00:00,medium_high,Dataset methodology matters.,True,Only observation for indicator/country/period/unit.,5,newly_funded_ai_companies_count|CHN|2023-01-01|2023-12-31|count,mapped_to_master_schema,Stanford AI Index local figure fig_4.2.14.csv.
obs_e4b35f79126dff,newly_funded_ai_companies_count,Newly funded AI companies,"Models, Research, and Funding",startups,CHN,China,KOR/USA/CHN,annual,2024,2024-01-01,2024-12-31,2024,98.0,98.0,count,count,98.0,Numeric value parsed; no unit conversion applied.,index_metric,stanford_ai_index,AI Index Report Data,https://hai.stanford.edu/ai-index,,,2026-05-03T04:50:18+00:00,medium_high,Dataset methodology matters.,True,Only observation for indicator/country/period/unit.,5,newly_funded_ai_companies_count|CHN|2024-01-01|2024-12-31|count,mapped_to_master_schema,Stanford AI Index local figure fig_4.2.14.csv.
obs_bd7fe084add236,newly_funded_ai_companies_count,Newly funded AI companies,"Models, Research, and Funding",startups,CHN,China,KOR/USA/CHN,annual,2025,2025-01-01,2025-12-31,2025,161.0,161.0,count,count,161.0,Numeric value parsed; no unit conversion applied.,index_metric,stanford_ai_index,AI Index Report Data,https://hai.stanford.edu/ai-index,,,2026-05-03T04:50:18+00:00,medium_high,Dataset methodology matters.,True,Only observation for indicator/country/period/unit.,5,newly_funded_ai_companies_count|CHN|2025-01-01|2025-12-31|count,mapped_to_master_schema,Stanford AI Index local figure fig_4.2.14.csv.
obs_af68759ea9194e,newly_funded_ai_companies_count,Newly funded AI companies,"Models, Research, and Funding",startups,USA,United States,KOR/USA/CHN,annual,2013,2013-01-01,2013-12-31,2013,337.0,337.0,count,count,337.0,Numeric value parsed; no unit conversion applied.,index_metric,stanford_ai_index,AI Index Report Data,https://hai.stanford.edu/ai-index,,,2026-05-03T04:50:18+00:00,medium_high,Dataset methodology matters.,True,Only observation for indicator/country/period/unit.,5,newly_funded_ai_companies_count|USA|2013-01-01|2013-12-31|count,mapped_to_master_schema,Stanford AI Index local figure fig_4.2.14.csv.
obs_862cd5c01a3960,newly_funded_ai_companies_count,Newly funded AI companies,"Models, Research, and Funding",startups,USA,United States,KOR/USA/CHN,annual,2014,2014-01-01,2014-12-31,2014,352.0,352.0,count,count,352.0,Numeric value parsed; no unit conversion applied.,index_metric,stanford_ai_index,AI Index Report Data,https://hai.stanford.edu/ai-index,,,2026-05-03T04:50:18+00:00,medium_high,Dataset methodology matters.,True,Only observation for indicator/country/period/unit.,5,newly_funded_ai_companies_count|USA|2014-01-01|2014-12-31|count,mapped_to_master_schema,Stanford AI Index local figure fig_4.2.14.csv.
obs_c41efb0b4d96ef,newly_funded_ai_companies_count,Newly funded AI companies,"Models, Research, and Funding",startups,USA,United States,KOR/USA/CHN,annual,2015,2015-01-01,2015-12-31,2015,292.0,292.0,count,count,292.0,Numeric value parsed; no unit conversion applied.,index_metric,stanford_ai_index,AI Index Report Data,https://hai.stanford.edu/ai-index,,,2026-05-03T04:50:18+00:00,medium_high,Dataset methodology matters.,True,Only observation for indicator/country/period/unit.,5,newly_funded_ai_companies_count|USA|2015-01-01|2015-12-31|count,mapped_to_master_schema,Stanford AI Index local figure fig_4.2.14.csv.
obs_830788c00331bf,newly_funded_ai_companies_count,Newly funded AI companies,"Models, Research, and Funding",startups,USA,United States,KOR/USA/CHN,annual,2016,2016-01-01,2016-12-31,2016,402.0,402.0,count,count,402.0,Numeric value parsed; no unit conversion applied.,index_metric,stanford_ai_index,AI Index Report Data,https://hai.stanford.edu/ai-index,,,2026-05-03T04:50:18+00:00,medium_high,Dataset methodology matters.,True,Only observation for indicator/country/period/unit.,5,newly_funded_ai_companies_count|USA|2016-01-01|2016-12-31|count,mapped_to_master_schema,Stanford AI Index local figure fig_4.2.14.csv.
obs_68c16e9e97fb1c,newly_funded_ai_companies_count,Newly funded AI companies,"Models, Research, and Funding",startups,USA,United States,KOR/USA/CHN,annual,2017,2017-01-01,2017-12-31,2017,510.0,510.0,count,count,510.0,Numeric value parsed; no unit conversion applied.,index_metric,stanford_ai_index,AI Index Report Data,https://hai.stanford.edu/ai-index,,,2026-05-03T04:50:18+00:00,medium_high,Dataset methodology matters.,True,Only observation for indicator/country/period/unit.,5,newly_funded_ai_companies_count|USA|2017-01-01|2017-12-31|count,mapped_to_master_schema,Stanford AI Index local figure fig_4.2.14.csv.
obs_79928e6b35b602,newly_funded_ai_companies_count,Newly funded AI companies,"Models, Research, and Funding",startups,USA,United States,KOR/USA/CHN,annual,2018,2018-01-01,2018-12-31,2018,516.0,516.0,count,count,516.0,Numeric value parsed; no unit conversion applied.,index_metric,stanford_ai_index,AI Index Report Data,https://hai.stanford.edu/ai-index,,,2026-05-03T04:50:18+00:00,medium_high,Dataset methodology matters.,True,Only observation for indicator/country/period/unit.,5,newly_funded_ai_companies_count|USA|2018-01-01|2018-12-31|count,mapped_to_master_schema,Stanford AI Index local figure fig_4.2.14.csv.
obs_71306015d5ec2e,newly_funded_ai_companies_count,Newly funded AI companies,"Models, Research, and Funding",startups,USA,United States,KOR/USA/CHN,annual,2019,2019-01-01,2019-12-31,2019,494.0,494.0,count,count,494.0,Numeric value parsed; no unit conversion applied.,index_metric,stanford_ai_index,AI Index Report Data,https://hai.stanford.edu/ai-index,,,2026-05-03T04:50:18+00:00,medium_high,Dataset methodology matters.,True,Only observation for indicator/country/period/unit.,5,newly_funded_ai_companies_count|USA|2019-01-01|2019-12-31|count,mapped_to_master_schema,Stanford AI Index local figure fig_4.2.14.csv.
obs_7e7554cf759a58,newly_funded_ai_companies_count,Newly funded AI companies,"Models, Research, and Funding",startups,USA,United States,KOR/USA/CHN,annual,2020,2020-01-01,2020-12-31,2020,605.0,605.0,count,count,605.0,Numeric value parsed; no unit conversion applied.,index_metric,stanford_ai_index,AI Index Report Data,https://hai.stanford.edu/ai-index,,,2026-05-03T04:50:18+00:00,medium_high,Dataset methodology matters.,True,Only observation for indicator/country/period/unit.,5,newly_funded_ai_companies_count|USA|2020-01-01|2020-12-31|count,mapped_to_master_schema,Stanford AI Index local figure fig_4.2.14.csv.
obs_8d0111220d3a71,newly_funded_ai_companies_count,Newly funded AI companies,"Models, Research, and Funding",startups,USA,United States,KOR/USA/CHN,annual,2021,2021-01-01,2021-12-31,2021,763.0,763.0,count,count,763.0,Numeric value parsed; no unit conversion applied.,index_metric,stanford_ai_index,AI Index Report Data,https://hai.stanford.edu/ai-index,,,2026-05-03T04:50:18+00:00,medium_high,Dataset methodology matters.,True,Only observation for indicator/country/period/unit.,5,newly_funded_ai_companies_count|USA|2021-01-01|2021-12-31|count,mapped_to_master_schema,Stanford AI Index local figure fig_4.2.14.csv.
obs_28ff7af4e4ce80,newly_funded_ai_companies_count,Newly funded AI companies,"Models, Research, and Funding",startups,USA,United States,KOR/USA/CHN,annual,2022,2022-01-01,2022-12-31,2022,666.0,666.0,count,count,666.0,Numeric value parsed; no unit conversion applied.,index_metric,stanford_ai_index,AI Index Report Data,https://hai.stanford.edu/ai-index,,,2026-05-03T04:50:18+00:00,medium_high,Dataset methodology matters.,True,Only observation for indicator/country/period/unit.,5,newly_funded_ai_companies_count|USA|2022-01-01|2022-12-31|count,mapped_to_master_schema,Stanford AI Index local figure fig_4.2.14.csv.
obs_2a78a57ea64c81,newly_funded_ai_companies_count,Newly funded AI companies,"Models, Research, and Funding",startups,USA,United States,KOR/USA/CHN,annual,2023,2023-01-01,2023-12-31,2023,946.0,946.0,count,count,946.0,Numeric value parsed; no unit conversion applied.,index_metric,stanford_ai_index,AI Index Report Data,https://hai.stanford.edu/ai-index,,,2026-05-03T04:50:18+00:00,medium_high,Dataset methodology matters.,True,Only observation for indicator/country/period/unit.,5,newly_funded_ai_companies_count|USA|2023-01-01|2023-12-31|count,mapped_to_master_schema,Stanford AI Index local figure fig_4.2.14.csv.
obs_926472a4bfeefa,newly_funded_ai_companies_count,Newly funded AI companies,"Models, Research, and Funding",startups,USA,United States,KOR/USA/CHN,annual,2024,2024-01-01,2024-12-31,2024,1073.0,1073.0,count,count,1073.0,Numeric value parsed; no unit conversion applied.,index_metric,stanford_ai_index,AI Index Report Data,https://hai.stanford.edu/ai-index,,,2026-05-03T04:50:18+00:00,medium_high,Dataset methodology matters.,True,Only observation for indicator/country/period/unit.,5,newly_funded_ai_companies_count|USA|2024-01-01|2024-12-31|count,mapped_to_master_schema,Stanford AI Index local figure fig_4.2.14.csv.
obs_68bf8428860866,newly_funded_ai_companies_count,Newly funded AI companies,"Models, Research, and Funding",startups,USA,United States,KOR/USA/CHN,annual,2025,2025-01-01,2025-12-31,2025,1953.0,1953.0,count,count,1953.0,Numeric value parsed; no unit conversion applied.,index_metric,stanford_ai_index,AI Index Report Data,https://hai.stanford.edu/ai-index,,,2026-05-03T04:50:18+00:00,medium_high,Dataset methodology matters.,True,Only observation for indicator/country/period/unit.,5,newly_funded_ai_companies_count|USA|2025-01-01|2025-12-31|count,mapped_to_master_schema,Stanford AI Index local figure fig_4.2.14.csv.
obs_65a1a5e9094e09,notable_ai_models_count,Number of notable AI models by country/year,"Models, Research, and Funding",models,CHN,China,KOR/USA/CHN,annual,2014,2014-01-01,2014-12-31,2014,3.0,3.0,count,count,3.0,Numeric value parsed; no unit conversion applied.,observed_metric,epoch_ai_models,Data on AI Models,https://epoch.ai/data/notable_ai_models.csv,,,2026-05-03T04:50:11+00:00,medium_high,Inclusion criteria matter.,True,Only observation for indicator/country/period/unit.,5,notable_ai_models_count|CHN|2014-01-01|2014-12-31|count,mapped_to_master_schema,Count from Epoch CSV using country column 'Country (of organization)' and date column 'Publication date'.
obs_063ed592173078,notable_ai_models_count,Number of notable AI models by country/year,"Models, Research, and Funding",models,CHN,China,KOR/USA/CHN,annual,2015,2015-01-01,2015-12-31,2015,4.0,4.0,count,count,4.0,Numeric value parsed; no unit conversion applied.,observed_metric,epoch_ai_models,Data on AI Models,https://epoch.ai/data/notable_ai_models.csv,,,2026-05-03T04:50:11+00:00,medium_high,Inclusion criteria matter.,True,Only observation for indicator/country/period/unit.,5,notable_ai_models_count|CHN|2015-01-01|2015-12-31|count,mapped_to_master_schema,Count from Epoch CSV using country column 'Country (of organization)' and date column 'Publication date'.
obs_a571ac0158464f,notable_ai_models_count,Number of notable AI models by country/year,"Models, Research, and Funding",models,CHN,China,KOR/USA/CHN,annual,2016,2016-01-01,2016-12-31,2016,6.0,6.0,count,count,6.0,Numeric value parsed; no unit conversion applied.,observed_metric,epoch_ai_models,Data on AI Models,https://epoch.ai/data/notable_ai_models.csv,,,2026-05-03T04:50:11+00:00,medium_high,Inclusion criteria matter.,True,Only observation for indicator/country/period/unit.,5,notable_ai_models_count|CHN|2016-01-01|2016-12-31|count,mapped_to_master_schema,Count from Epoch CSV using country column 'Country (of organization)' and date column 'Publication date'.
obs_e5f1cf0495602a,notable_ai_models_count,Number of notable AI models by country/year,"Models, Research, and Funding",models,CHN,China,KOR/USA/CHN,annual,2017,2017-01-01,2017-12-31,2017,10.0,10.0,count,count,10.0,Numeric value parsed; no unit conversion applied.,observed_metric,epoch_ai_models,Data on AI Models,https://epoch.ai/data/notable_ai_models.csv,,,2026-05-03T04:50:11+00:00,medium_high,Inclusion criteria matter.,True,Only observation for indicator/country/period/unit.,5,notable_ai_models_count|CHN|2017-01-01|2017-12-31|count,mapped_to_master_schema,Count from Epoch CSV using country column 'Country (of organization)' and date column 'Publication date'.
obs_6572f5321e93e5,notable_ai_models_count,Number of notable AI models by country/year,"Models, Research, and Funding",models,CHN,China,KOR/USA/CHN,annual,2018,2018-01-01,2018-12-31,2018,1.0,1.0,count,count,1.0,Numeric value parsed; no unit conversion applied.,observed_metric,epoch_ai_models,Data on AI Models,https://epoch.ai/data/notable_ai_models.csv,,,2026-05-03T04:50:11+00:00,medium_high,Inclusion criteria matter.,True,Only observation for indicator/country/period/unit.,5,notable_ai_models_count|CHN|2018-01-01|2018-12-31|count,mapped_to_master_schema,Count from Epoch CSV using country column 'Country (of organization)' and date column 'Publication date'.
obs_3fc0afbd6a08e7,notable_ai_models_count,Number of notable AI models by country/year,"Models, Research, and Funding",models,CHN,China,KOR/USA/CHN,annual,2019,2019-01-01,2019-12-31,2019,6.0,6.0,count,count,6.0,Numeric value parsed; no unit conversion applied.,observed_metric,epoch_ai_models,Data on AI Models,https://epoch.ai/data/notable_ai_models.csv,,,2026-05-03T04:50:11+00:00,medium_high,Inclusion criteria matter.,True,Only observation for indicator/country/period/unit.,5,notable_ai_models_count|CHN|2019-01-01|2019-12-31|count,mapped_to_master_schema,Count from Epoch CSV using country column 'Country (of organization)' and date column 'Publication date'.
obs_0305341a67cccc,notable_ai_models_count,Number of notable AI models by country/year,"Models, Research, and Funding",models,CHN,China,KOR/USA/CHN,annual,2020,2020-01-01,2020-12-31,2020,8.0,8.0,count,count,8.0,Numeric value parsed; no unit conversion applied.,observed_metric,epoch_ai_models,Data on AI Models,https://epoch.ai/data/notable_ai_models.csv,,,2026-05-03T04:50:11+00:00,medium_high,Inclusion criteria matter.,True,Only observation for indicator/country/period/unit.,5,notable_ai_models_count|CHN|2020-01-01|2020-12-31|count,mapped_to_master_schema,Count from Epoch CSV using country column 'Country (of organization)' and date column 'Publication date'.
obs_fdbfd3249fbbf2,notable_ai_models_count,Number of notable AI models by country/year,"Models, Research, and Funding",models,CHN,China,KOR/USA/CHN,annual,2021,2021-01-01,2021-12-31,2021,20.0,20.0,count,count,20.0,Numeric value parsed; no unit conversion applied.,observed_metric,epoch_ai_models,Data on AI Models,https://epoch.ai/data/notable_ai_models.csv,,,2026-05-03T04:50:11+00:00,medium_high,Inclusion criteria matter.,True,Only observation for indicator/country/period/unit.,5,notable_ai_models_count|CHN|2021-01-01|2021-12-31|count,mapped_to_master_schema,Count from Epoch CSV using country column 'Country (of organization)' and date column 'Publication date'.
obs_095bac5431ede4,notable_ai_models_count,Number of notable AI models by country/year,"Models, Research, and Funding",models,CHN,China,KOR/USA/CHN,annual,2022,2022-01-01,2022-12-31,2022,12.0,12.0,count,count,12.0,Numeric value parsed; no unit conversion applied.,observed_metric,epoch_ai_models,Data on AI Models,https://epoch.ai/data/notable_ai_models.csv,,,2026-05-03T04:50:11+00:00,medium_high,Inclusion criteria matter.,True,Only observation for indicator/country/period/unit.,5,notable_ai_models_count|CHN|2022-01-01|2022-12-31|count,mapped_to_master_schema,Count from Epoch CSV using country column 'Country (of organization)' and date column 'Publication date'.
obs_fc811a1de3f05d,notable_ai_models_count,Number of notable AI models by country/year,"Models, Research, and Funding",models,CHN,China,KOR/USA/CHN,annual,2023,2023-01-01,2023-12-31,2023,23.0,23.0,count,count,23.0,Numeric value parsed; no unit conversion applied.,observed_metric,epoch_ai_models,Data on AI Models,https://epoch.ai/data/notable_ai_models.csv,,,2026-05-03T04:50:11+00:00,medium_high,Inclusion criteria matter.,True,Only observation for indicator/country/period/unit.,5,notable_ai_models_count|CHN|2023-01-01|2023-12-31|count,mapped_to_master_schema,Count from Epoch CSV using country column 'Country (of organization)' and date column 'Publication date'.
obs_2af8f9f55b25bc,notable_ai_models_count,Number of notable AI models by country/year,"Models, Research, and Funding",models,CHN,China,KOR/USA/CHN,annual,2024,2024-01-01,2024-12-31,2024,31.0,31.0,count,count,31.0,Numeric value parsed; no unit conversion applied.,observed_metric,epoch_ai_models,Data on AI Models,https://epoch.ai/data/notable_ai_models.csv,,,2026-05-03T04:50:11+00:00,medium_high,Inclusion criteria matter.,True,Only observation for indicator/country/period/unit.,5,notable_ai_models_count|CHN|2024-01-01|2024-12-31|count,mapped_to_master_schema,Count from Epoch CSV using country column 'Country (of organization)' and date column 'Publication date'.
obs_10f86fc1ec6fc7,notable_ai_models_count,Number of notable AI models by country/year,"Models, Research, and Funding",models,CHN,China,KOR/USA/CHN,annual,2025,2025-01-01,2025-12-31,2025,35.0,35.0,count,count,35.0,Numeric value parsed; no unit conversion applied.,observed_metric,epoch_ai_models,Data on AI Models,https://epoch.ai/data/notable_ai_models.csv,,,2026-05-03T04:50:11+00:00,medium_high,Inclusion criteria matter.,True,Only observation for indicator/country/period/unit.,5,notable_ai_models_count|CHN|2025-01-01|2025-12-31|count,mapped_to_master_schema,Count from Epoch CSV using country column 'Country (of organization)' and date column 'Publication date'.
obs_2a23bd732930ad,notable_ai_models_count,Number of notable AI models by country/year,"Models, Research, and Funding",models,CHN,China,KOR/USA/CHN,annual,2026,2026-01-01,2026-12-31,2026,7.0,7.0,count,count,7.0,Numeric value parsed; no unit conversion applied.,observed_metric,epoch_ai_models,Data on AI Models,https://epoch.ai/data/notable_ai_models.csv,,,2026-05-03T04:50:11+00:00,medium_high,Inclusion criteria matter.,True,Only observation for indicator/country/period/unit.,5,notable_ai_models_count|CHN|2026-01-01|2026-12-31|count,mapped_to_master_schema,Count from Epoch CSV using country column 'Country (of organization)' and date column 'Publication date'.
obs_e8f3d849f575f9,notable_ai_models_count,Number of notable AI models by country/year,"Models, Research, and Funding",models,KOR,South Korea,KOR/USA/CHN,annual,2017,2017-01-01,2017-12-31,2017,3.0,3.0,count,count,3.0,Numeric value parsed; no unit conversion applied.,observed_metric,epoch_ai_models,Data on AI Models,https://epoch.ai/data/notable_ai_models.csv,,,2026-05-03T04:50:11+00:00,medium_high,Inclusion criteria matter.,True,Only observation for indicator/country/period/unit.,5,notable_ai_models_count|KOR|2017-01-01|2017-12-31|count,mapped_to_master_schema,Count from Epoch CSV using country column 'Country (of organization)' and date column 'Publication date'.
obs_50628293f4cd28,notable_ai_models_count,Number of notable AI models by country/year,"Models, Research, and Funding",models,KOR,South Korea,KOR/USA/CHN,annual,2018,2018-01-01,2018-12-31,2018,1.0,1.0,count,count,1.0,Numeric value parsed; no unit conversion applied.,observed_metric,epoch_ai_models,Data on AI Models,https://epoch.ai/data/notable_ai_models.csv,,,2026-05-03T04:50:11+00:00,medium_high,Inclusion criteria matter.,True,Only observation for indicator/country/period/unit.,5,notable_ai_models_count|KOR|2018-01-01|2018-12-31|count,mapped_to_master_schema,Count from Epoch CSV using country column 'Country (of organization)' and date column 'Publication date'.
obs_301d9bb3cd2e4c,notable_ai_models_count,Number of notable AI models by country/year,"Models, Research, and Funding",models,KOR,South Korea,KOR/USA/CHN,annual,2019,2019-01-01,2019-12-31,2019,1.0,1.0,count,count,1.0,Numeric value parsed; no unit conversion applied.,observed_metric,epoch_ai_models,Data on AI Models,https://epoch.ai/data/notable_ai_models.csv,,,2026-05-03T04:50:11+00:00,medium_high,Inclusion criteria matter.,True,Only observation for indicator/country/period/unit.,5,notable_ai_models_count|KOR|2019-01-01|2019-12-31|count,mapped_to_master_schema,Count from Epoch CSV using country column 'Country (of organization)' and date column 'Publication date'.
obs_182eb79f9f7abb,notable_ai_models_count,Number of notable AI models by country/year,"Models, Research, and Funding",models,KOR,South Korea,KOR/USA/CHN,annual,2020,2020-01-01,2020-12-31,2020,1.0,1.0,count,count,1.0,Numeric value parsed; no unit conversion applied.,observed_metric,epoch_ai_models,Data on AI Models,https://epoch.ai/data/notable_ai_models.csv,,,2026-05-03T04:50:11+00:00,medium_high,Inclusion criteria matter.,True,Only observation for indicator/country/period/unit.,5,notable_ai_models_count|KOR|2020-01-01|2020-12-31|count,mapped_to_master_schema,Count from Epoch CSV using country column 'Country (of organization)' and date column 'Publication date'.
obs_c58cbc3fd42cda,notable_ai_models_count,Number of notable AI models by country/year,"Models, Research, and Funding",models,KOR,South Korea,KOR/USA/CHN,annual,2021,2021-01-01,2021-12-31,2021,3.0,3.0,count,count,3.0,Numeric value parsed; no unit conversion applied.,observed_metric,epoch_ai_models,Data on AI Models,https://epoch.ai/data/notable_ai_models.csv,,,2026-05-03T04:50:11+00:00,medium_high,Inclusion criteria matter.,True,Only observation for indicator/country/period/unit.,5,notable_ai_models_count|KOR|2021-01-01|2021-12-31|count,mapped_to_master_schema,Count from Epoch CSV using country column 'Country (of organization)' and date column 'Publication date'.
obs_e7914502c50b1d,notable_ai_models_count,Number of notable AI models by country/year,"Models, Research, and Funding",models,KOR,South Korea,KOR/USA/CHN,annual,2022,2022-01-01,2022-12-31,2022,3.0,3.0,count,count,3.0,Numeric value parsed; no unit conversion applied.,observed_metric,epoch_ai_models,Data on AI Models,https://epoch.ai/data/notable_ai_models.csv,,,2026-05-03T04:50:11+00:00,medium_high,Inclusion criteria matter.,True,Only observation for indicator/country/period/unit.,5,notable_ai_models_count|KOR|2022-01-01|2022-12-31|count,mapped_to_master_schema,Count from Epoch CSV using country column 'Country (of organization)' and date column 'Publication date'.
obs_aaeb31d7381b72,notable_ai_models_count,Number of notable AI models by country/year,"Models, Research, and Funding",models,KOR,South Korea,KOR/USA/CHN,annual,2023,2023-01-01,2023-12-31,2023,2.0,2.0,count,count,2.0,Numeric value parsed; no unit conversion applied.,observed_metric,epoch_ai_models,Data on AI Models,https://epoch.ai/data/notable_ai_models.csv,,,2026-05-03T04:50:11+00:00,medium_high,Inclusion criteria matter.,True,Only observation for indicator/country/period/unit.,5,notable_ai_models_count|KOR|2023-01-01|2023-12-31|count,mapped_to_master_schema,Count from Epoch CSV using country column 'Country (of organization)' and date column 'Publication date'.
obs_97d2697f0f2fa4,notable_ai_models_count,Number of notable AI models by country/year,"Models, Research, and Funding",models,KOR,South Korea,KOR/USA/CHN,annual,2024,2024-01-01,2024-12-31,2024,1.0,1.0,count,count,1.0,Numeric value parsed; no unit conversion applied.,observed_metric,epoch_ai_models,Data on AI Models,https://epoch.ai/data/notable_ai_models.csv,,,2026-05-03T04:50:11+00:00,medium_high,Inclusion criteria matter.,True,Only observation for indicator/country/period/unit.,5,notable_ai_models_count|KOR|2024-01-01|2024-12-31|count,mapped_to_master_schema,Count from Epoch CSV using country column 'Country (of organization)' and date column 'Publication date'.
obs_4962e097b4ffe7,notable_ai_models_count,Number of notable AI models by country/year,"Models, Research, and Funding",models,KOR,South Korea,KOR/USA/CHN,annual,2025,2025-01-01,2025-12-31,2025,8.0,8.0,count,count,8.0,Numeric value parsed; no unit conversion applied.,observed_metric,epoch_ai_models,Data on AI Models,https://epoch.ai/data/notable_ai_models.csv,,,2026-05-03T04:50:11+00:00,medium_high,Inclusion criteria matter.,True,Only observation for indicator/country/period/unit.,5,notable_ai_models_count|KOR|2025-01-01|2025-12-31|count,mapped_to_master_schema,Count from Epoch CSV using country column 'Country (of organization)' and date column 'Publication date'.
obs_28c91aac58c31b,notable_ai_models_count,Number of notable AI models by country/year,"Models, Research, and Funding",models,USA,United States,KOR/USA/CHN,annual,1950,1950-01-01,1950-12-31,1950,1.0,1.0,count,count,1.0,Numeric value parsed; no unit conversion applied.,observed_metric,epoch_ai_models,Data on AI Models,https://epoch.ai/data/notable_ai_models.csv,,,2026-05-03T04:50:11+00:00,medium_high,Inclusion criteria matter.,True,Only observation for indicator/country/period/unit.,5,notable_ai_models_count|USA|1950-01-01|1950-12-31|count,mapped_to_master_schema,Count from Epoch CSV using country column 'Country (of organization)' and date column 'Publication date'.
obs_6054fc1276c499,notable_ai_models_count,Number of notable AI models by country/year,"Models, Research, and Funding",models,USA,United States,KOR/USA/CHN,annual,1952,1952-01-01,1952-12-31,1952,1.0,1.0,count,count,1.0,Numeric value parsed; no unit conversion applied.,observed_metric,epoch_ai_models,Data on AI Models,https://epoch.ai/data/notable_ai_models.csv,,,2026-05-03T04:50:11+00:00,medium_high,Inclusion criteria matter.,True,Only observation for indicator/country/period/unit.,5,notable_ai_models_count|USA|1952-01-01|1952-12-31|count,mapped_to_master_schema,Count from Epoch CSV using country column 'Country (of organization)' and date column 'Publication date'.
obs_c08fa9673c2a5b,notable_ai_models_count,Number of notable AI models by country/year,"Models, Research, and Funding",models,USA,United States,KOR/USA/CHN,annual,1954,1954-01-01,1954-12-31,1954,1.0,1.0,count,count,1.0,Numeric value parsed; no unit conversion applied.,observed_metric,epoch_ai_models,Data on AI Models,https://epoch.ai/data/notable_ai_models.csv,,,2026-05-03T04:50:11+00:00,medium_high,Inclusion criteria matter.,True,Only observation for indicator/country/period/unit.,5,notable_ai_models_count|USA|1954-01-01|1954-12-31|count,mapped_to_master_schema,Count from Epoch CSV using country column 'Country (of organization)' and date column 'Publication date'.
obs_66117461b249ae,notable_ai_models_count,Number of notable AI models by country/year,"Models, Research, and Funding",models,USA,United States,KOR/USA/CHN,annual,1955,1955-01-01,1955-12-31,1955,2.0,2.0,count,count,2.0,Numeric value parsed; no unit conversion applied.,observed_metric,epoch_ai_models,Data on AI Models,https://epoch.ai/data/notable_ai_models.csv,,,2026-05-03T04:50:11+00:00,medium_high,Inclusion criteria matter.,True,Only observation for indicator/country/period/unit.,5,notable_ai_models_count|USA|1955-01-01|1955-12-31|count,mapped_to_master_schema,Count from Epoch CSV using country column 'Country (of organization)' and date column 'Publication date'.
obs_d8ba2d51552757,notable_ai_models_count,Number of notable AI models by country/year,"Models, Research, and Funding",models,USA,United States,KOR/USA/CHN,annual,1957,1957-01-01,1957-12-31,1957,1.0,1.0,count,count,1.0,Numeric value parsed; no unit conversion applied.,observed_metric,epoch_ai_models,Data on AI Models,https://epoch.ai/data/notable_ai_models.csv,,,2026-05-03T04:50:11+00:00,medium_high,Inclusion criteria matter.,True,Only observation for indicator/country/period/unit.,5,notable_ai_models_count|USA|1957-01-01|1957-12-31|count,mapped_to_master_schema,Count from Epoch CSV using country column 'Country (of organization)' and date column 'Publication date'.
obs_a344aec3b4a61d,notable_ai_models_count,Number of notable AI models by country/year,"Models, Research, and Funding",models,USA,United States,KOR/USA/CHN,annual,1959,1959-01-01,1959-12-31,1959,3.0,3.0,count,count,3.0,Numeric value parsed; no unit conversion applied.,observed_metric,epoch_ai_models,Data on AI Models,https://epoch.ai/data/notable_ai_models.csv,,,2026-05-03T04:50:11+00:00,medium_high,Inclusion criteria matter.,True,Only observation for indicator/country/period/unit.,5,notable_ai_models_count|USA|1959-01-01|1959-12-31|count,mapped_to_master_schema,Count from Epoch CSV using country column 'Country (of organization)' and date column 'Publication date'.
obs_fa0667d39ddb7e,notable_ai_models_count,Number of notable AI models by country/year,"Models, Research, and Funding",models,USA,United States,KOR/USA/CHN,annual,1960,1960-01-01,1960-12-31,1960,2.0,2.0,count,count,2.0,Numeric value parsed; no unit conversion applied.,observed_metric,epoch_ai_models,Data on AI Models,https://epoch.ai/data/notable_ai_models.csv,,,2026-05-03T04:50:11+00:00,medium_high,Inclusion criteria matter.,True,Only observation for indicator/country/period/unit.,5,notable_ai_models_count|USA|1960-01-01|1960-12-31|count,mapped_to_master_schema,Count from Epoch CSV using country column 'Country (of organization)' and date column 'Publication date'.
obs_789d7c8a5e3d4b,notable_ai_models_count,Number of notable AI models by country/year,"Models, Research, and Funding",models,USA,United States,KOR/USA/CHN,annual,1962,1962-01-01,1962-12-31,1962,2.0,2.0,count,count,2.0,Numeric value parsed; no unit conversion applied.,observed_metric,epoch_ai_models,Data on AI Models,https://epoch.ai/data/notable_ai_models.csv,,,2026-05-03T04:50:11+00:00,medium_high,Inclusion criteria matter.,True,Only observation for indicator/country/period/unit.,5,notable_ai_models_count|USA|1962-01-01|1962-12-31|count,mapped_to_master_schema,Count from Epoch CSV using country column 'Country (of organization)' and date column 'Publication date'.
obs_112e8b796dd764,notable_ai_models_count,Number of notable AI models by country/year,"Models, Research, and Funding",models,USA,United States,KOR/USA/CHN,annual,1963,1963-01-01,1963-12-31,1963,1.0,1.0,count,count,1.0,Numeric value parsed; no unit conversion applied.,observed_metric,epoch_ai_models,Data on AI Models,https://epoch.ai/data/notable_ai_models.csv,,,2026-05-03T04:50:11+00:00,medium_high,Inclusion criteria matter.,True,Only observation for indicator/country/period/unit.,5,notable_ai_models_count|USA|1963-01-01|1963-12-31|count,mapped_to_master_schema,Count from Epoch CSV using country column 'Country (of organization)' and date column 'Publication date'.
obs_1f35385b5f8fff,notable_ai_models_count,Number of notable AI models by country/year,"Models, Research, and Funding",models,USA,United States,KOR/USA/CHN,annual,1965,1965-01-01,1965-12-31,1965,1.0,1.0,count,count,1.0,Numeric value parsed; no unit conversion applied.,observed_metric,epoch_ai_models,Data on AI Models,https://epoch.ai/data/notable_ai_models.csv,,,2026-05-03T04:50:11+00:00,medium_high,Inclusion criteria matter.,True,Only observation for indicator/country/period/unit.,5,notable_ai_models_count|USA|1965-01-01|1965-12-31|count,mapped_to_master_schema,Count from Epoch CSV using country column 'Country (of organization)' and date column 'Publication date'.
obs_2204c8b0c9a0ff,notable_ai_models_count,Number of notable AI models by country/year,"Models, Research, and Funding",models,USA,United States,KOR/USA/CHN,annual,1966,1966-01-01,1966-12-31,1966,1.0,1.0,count,count,1.0,Numeric value parsed; no unit conversion applied.,observed_metric,epoch_ai_models,Data on AI Models,https://epoch.ai/data/notable_ai_models.csv,,,2026-05-03T04:50:11+00:00,medium_high,Inclusion criteria matter.,True,Only observation for indicator/country/period/unit.,5,notable_ai_models_count|USA|1966-01-01|1966-12-31|count,mapped_to_master_schema,Count from Epoch CSV using country column 'Country (of organization)' and date column 'Publication date'.
obs_9640af02fb51fc,notable_ai_models_count,Number of notable AI models by country/year,"Models, Research, and Funding",models,USA,United States,KOR/USA/CHN,annual,1973,1973-01-01,1973-12-31,1973,1.0,1.0,count,count,1.0,Numeric value parsed; no unit conversion applied.,observed_metric,epoch_ai_models,Data on AI Models,https://epoch.ai/data/notable_ai_models.csv,,,2026-05-03T04:50:11+00:00,medium_high,Inclusion criteria matter.,True,Only observation for indicator/country/period/unit.,5,notable_ai_models_count|USA|1973-01-01|1973-12-31|count,mapped_to_master_schema,Count from Epoch CSV using country column 'Country (of organization)' and date column 'Publication date'.
obs_c78eca3795f517,notable_ai_models_count,Number of notable AI models by country/year,"Models, Research, and Funding",models,USA,United States,KOR/USA/CHN,annual,1982,1982-01-01,1982-12-31,1982,1.0,1.0,count,count,1.0,Numeric value parsed; no unit conversion applied.,observed_metric,epoch_ai_models,Data on AI Models,https://epoch.ai/data/notable_ai_models.csv,,,2026-05-03T04:50:11+00:00,medium_high,Inclusion criteria matter.,True,Only observation for indicator/country/period/unit.,5,notable_ai_models_count|USA|1982-01-01|1982-12-31|count,mapped_to_master_schema,Count from Epoch CSV using country column 'Country (of organization)' and date column 'Publication date'.
obs_3cdb26b1dc431a,notable_ai_models_count,Number of notable AI models by country/year,"Models, Research, and Funding",models,USA,United States,KOR/USA/CHN,annual,1983,1983-01-01,1983-12-31,1983,1.0,1.0,count,count,1.0,Numeric value parsed; no unit conversion applied.,observed_metric,epoch_ai_models,Data on AI Models,https://epoch.ai/data/notable_ai_models.csv,,,2026-05-03T04:50:11+00:00,medium_high,Inclusion criteria matter.,True,Only observation for indicator/country/period/unit.,5,notable_ai_models_count|USA|1983-01-01|1983-12-31|count,mapped_to_master_schema,Count from Epoch CSV using country column 'Country (of organization)' and date column 'Publication date'.
obs_ac18500de4c99c,notable_ai_models_count,Number of notable AI models by country/year,"Models, Research, and Funding",models,USA,United States,KOR/USA/CHN,annual,1986,1986-01-01,1986-12-31,1986,4.0,4.0,count,count,4.0,Numeric value parsed; no unit conversion applied.,observed_metric,epoch_ai_models,Data on AI Models,https://epoch.ai/data/notable_ai_models.csv,,,2026-05-03T04:50:11+00:00,medium_high,Inclusion criteria matter.,True,Only observation for indicator/country/period/unit.,5,notable_ai_models_count|USA|1986-01-01|1986-12-31|count,mapped_to_master_schema,Count from Epoch CSV using country column 'Country (of organization)' and date column 'Publication date'.
obs_71fc5953d9b7f4,notable_ai_models_count,Number of notable AI models by country/year,"Models, Research, and Funding",models,USA,United States,KOR/USA/CHN,annual,1987,1987-01-01,1987-12-31,1987,3.0,3.0,count,count,3.0,Numeric value parsed; no unit conversion applied.,observed_metric,epoch_ai_models,Data on AI Models,https://epoch.ai/data/notable_ai_models.csv,,,2026-05-03T04:50:11+00:00,medium_high,Inclusion criteria matter.,True,Only observation for indicator/country/period/unit.,5,notable_ai_models_count|USA|1987-01-01|1987-12-31|count,mapped_to_master_schema,Count from Epoch CSV using country column 'Country (of organization)' and date column 'Publication date'.
obs_16bce940fdc58b,notable_ai_models_count,Number of notable AI models by country/year,"Models, Research, and Funding",models,USA,United States,KOR/USA/CHN,annual,1988,1988-01-01,1988-12-31,1988,1.0,1.0,count,count,1.0,Numeric value parsed; no unit conversion applied.,observed_metric,epoch_ai_models,Data on AI Models,https://epoch.ai/data/notable_ai_models.csv,,,2026-05-03T04:50:11+00:00,medium_high,Inclusion criteria matter.,True,Only observation for indicator/country/period/unit.,5,notable_ai_models_count|USA|1988-01-01|1988-12-31|count,mapped_to_master_schema,Count from Epoch CSV using country column 'Country (of organization)' and date column 'Publication date'.
obs_b1dd6172b73db8,notable_ai_models_count,Number of notable AI models by country/year,"Models, Research, and Funding",models,USA,United States,KOR/USA/CHN,annual,1989,1989-01-01,1989-12-31,1989,5.0,5.0,count,count,5.0,Numeric value parsed; no unit conversion applied.,observed_metric,epoch_ai_models,Data on AI Models,https://epoch.ai/data/notable_ai_models.csv,,,2026-05-03T04:50:11+00:00,medium_high,Inclusion criteria matter.,True,Only observation for indicator/country/period/unit.,5,notable_ai_models_count|USA|1989-01-01|1989-12-31|count,mapped_to_master_schema,Count from Epoch CSV using country column 'Country (of organization)' and date column 'Publication date'.
obs_dd04e80ad37606,notable_ai_models_count,Number of notable AI models by country/year,"Models, Research, and Funding",models,USA,United States,KOR/USA/CHN,annual,1990,1990-01-01,1990-12-31,1990,2.0,2.0,count,count,2.0,Numeric value parsed; no unit conversion applied.,observed_metric,epoch_ai_models,Data on AI Models,https://epoch.ai/data/notable_ai_models.csv,,,2026-05-03T04:50:11+00:00,medium_high,Inclusion criteria matter.,True,Only observation for indicator/country/period/unit.,5,notable_ai_models_count|USA|1990-01-01|1990-12-31|count,mapped_to_master_schema,Count from Epoch CSV using country column 'Country (of organization)' and date column 'Publication date'.
obs_1a851a6c4c35a7,notable_ai_models_count,Number of notable AI models by country/year,"Models, Research, and Funding",models,USA,United States,KOR/USA/CHN,annual,1992,1992-01-01,1992-12-31,1992,3.0,3.0,count,count,3.0,Numeric value parsed; no unit conversion applied.,observed_metric,epoch_ai_models,Data on AI Models,https://epoch.ai/data/notable_ai_models.csv,,,2026-05-03T04:50:11+00:00,medium_high,Inclusion criteria matter.,True,Only observation for indicator/country/period/unit.,5,notable_ai_models_count|USA|1992-01-01|1992-12-31|count,mapped_to_master_schema,Count from Epoch CSV using country column 'Country (of organization)' and date column 'Publication date'.
obs_694b98a8f8043b,notable_ai_models_count,Number of notable AI models by country/year,"Models, Research, and Funding",models,USA,United States,KOR/USA/CHN,annual,1993,1993-01-01,1993-12-31,1993,2.0,2.0,count,count,2.0,Numeric value parsed; no unit conversion applied.,observed_metric,epoch_ai_models,Data on AI Models,https://epoch.ai/data/notable_ai_models.csv,,,2026-05-03T04:50:11+00:00,medium_high,Inclusion criteria matter.,True,Only observation for indicator/country/period/unit.,5,notable_ai_models_count|USA|1993-01-01|1993-12-31|count,mapped_to_master_schema,Count from Epoch CSV using country column 'Country (of organization)' and date column 'Publication date'.
obs_b690a6ab26a1ef,notable_ai_models_count,Number of notable AI models by country/year,"Models, Research, and Funding",models,USA,United States,KOR/USA/CHN,annual,1994,1994-01-01,1994-12-31,1994,1.0,1.0,count,count,1.0,Numeric value parsed; no unit conversion applied.,observed_metric,epoch_ai_models,Data on AI Models,https://epoch.ai/data/notable_ai_models.csv,,,2026-05-03T04:50:11+00:00,medium_high,Inclusion criteria matter.,True,Only observation for indicator/country/period/unit.,5,notable_ai_models_count|USA|1994-01-01|1994-12-31|count,mapped_to_master_schema,Count from Epoch CSV using country column 'Country (of organization)' and date column 'Publication date'.
obs_0e3f3daa28ac4c,notable_ai_models_count,Number of notable AI models by country/year,"Models, Research, and Funding",models,USA,United States,KOR/USA/CHN,annual,1995,1995-01-01,1995-12-31,1995,2.0,2.0,count,count,2.0,Numeric value parsed; no unit conversion applied.,observed_metric,epoch_ai_models,Data on AI Models,https://epoch.ai/data/notable_ai_models.csv,,,2026-05-03T04:50:11+00:00,medium_high,Inclusion criteria matter.,True,Only observation for indicator/country/period/unit.,5,notable_ai_models_count|USA|1995-01-01|1995-12-31|count,mapped_to_master_schema,Count from Epoch CSV using country column 'Country (of organization)' and date column 'Publication date'.
obs_500150d0134ce0,notable_ai_models_count,Number of notable AI models by country/year,"Models, Research, and Funding",models,USA,United States,KOR/USA/CHN,annual,1996,1996-01-01,1996-12-31,1996,2.0,2.0,count,count,2.0,Numeric value parsed; no unit conversion applied.,observed_metric,epoch_ai_models,Data on AI Models,https://epoch.ai/data/notable_ai_models.csv,,,2026-05-03T04:50:11+00:00,medium_high,Inclusion criteria matter.,True,Only observation for indicator/country/period/unit.,5,notable_ai_models_count|USA|1996-01-01|1996-12-31|count,mapped_to_master_schema,Count from Epoch CSV using country column 'Country (of organization)' and date column 'Publication date'.
obs_8af700aeac36bb,notable_ai_models_count,Number of notable AI models by country/year,"Models, Research, and Funding",models,USA,United States,KOR/USA/CHN,annual,1997,1997-01-01,1997-12-31,1997,1.0,1.0,count,count,1.0,Numeric value parsed; no unit conversion applied.,observed_metric,epoch_ai_models,Data on AI Models,https://epoch.ai/data/notable_ai_models.csv,,,2026-05-03T04:50:11+00:00,medium_high,Inclusion criteria matter.,True,Only observation for indicator/country/period/unit.,5,notable_ai_models_count|USA|1997-01-01|1997-12-31|count,mapped_to_master_schema,Count from Epoch CSV using country column 'Country (of organization)' and date column 'Publication date'.
obs_31ec6d961c5c8b,notable_ai_models_count,Number of notable AI models by country/year,"Models, Research, and Funding",models,USA,United States,KOR/USA/CHN,annual,1998,1998-01-01,1998-12-31,1998,1.0,1.0,count,count,1.0,Numeric value parsed; no unit conversion applied.,observed_metric,epoch_ai_models,Data on AI Models,https://epoch.ai/data/notable_ai_models.csv,,,2026-05-03T04:50:11+00:00,medium_high,Inclusion criteria matter.,True,Only observation for indicator/country/period/unit.,5,notable_ai_models_count|USA|1998-01-01|1998-12-31|count,mapped_to_master_schema,Count from Epoch CSV using country column 'Country (of organization)' and date column 'Publication date'.
obs_c9f40321753e7f,notable_ai_models_count,Number of notable AI models by country/year,"Models, Research, and Funding",models,USA,United States,KOR/USA/CHN,annual,1999,1999-01-01,1999-12-31,1999,1.0,1.0,count,count,1.0,Numeric value parsed; no unit conversion applied.,observed_metric,epoch_ai_models,Data on AI Models,https://epoch.ai/data/notable_ai_models.csv,,,2026-05-03T04:50:11+00:00,medium_high,Inclusion criteria matter.,True,Only observation for indicator/country/period/unit.,5,notable_ai_models_count|USA|1999-01-01|1999-12-31|count,mapped_to_master_schema,Count from Epoch CSV using country column 'Country (of organization)' and date column 'Publication date'.
obs_83f823a5d99644,notable_ai_models_count,Number of notable AI models by country/year,"Models, Research, and Funding",models,USA,United States,KOR/USA/CHN,annual,2001,2001-01-01,2001-12-31,2001,3.0,3.0,count,count,3.0,Numeric value parsed; no unit conversion applied.,observed_metric,epoch_ai_models,Data on AI Models,https://epoch.ai/data/notable_ai_models.csv,,,2026-05-03T04:50:11+00:00,medium_high,Inclusion criteria matter.,True,Only observation for indicator/country/period/unit.,5,notable_ai_models_count|USA|2001-01-01|2001-12-31|count,mapped_to_master_schema,Count from Epoch CSV using country column 'Country (of organization)' and date column 'Publication date'.
obs_0f23ddf33d7b91,notable_ai_models_count,Number of notable AI models by country/year,"Models, Research, and Funding",models,USA,United States,KOR/USA/CHN,annual,2002,2002-01-01,2002-12-31,2002,1.0,1.0,count,count,1.0,Numeric value parsed; no unit conversion applied.,observed_metric,epoch_ai_models,Data on AI Models,https://epoch.ai/data/notable_ai_models.csv,,,2026-05-03T04:50:11+00:00,medium_high,Inclusion criteria matter.,True,Only observation for indicator/country/period/unit.,5,notable_ai_models_count|USA|2002-01-01|2002-12-31|count,mapped_to_master_schema,Count from Epoch CSV using country column 'Country (of organization)' and date column 'Publication date'.
obs_cc1c1e8b1571af,notable_ai_models_count,Number of notable AI models by country/year,"Models, Research, and Funding",models,USA,United States,KOR/USA/CHN,annual,2003,2003-01-01,2003-12-31,2003,2.0,2.0,count,count,2.0,Numeric value parsed; no unit conversion applied.,observed_metric,epoch_ai_models,Data on AI Models,https://epoch.ai/data/notable_ai_models.csv,,,2026-05-03T04:50:11+00:00,medium_high,Inclusion criteria matter.,True,Only observation for indicator/country/period/unit.,5,notable_ai_models_count|USA|2003-01-01|2003-12-31|count,mapped_to_master_schema,Count from Epoch CSV using country column 'Country (of organization)' and date column 'Publication date'.
obs_b2f7b2560bab8c,notable_ai_models_count,Number of notable AI models by country/year,"Models, Research, and Funding",models,USA,United States,KOR/USA/CHN,annual,2004,2004-01-01,2004-12-31,2004,1.0,1.0,count,count,1.0,Numeric value parsed; no unit conversion applied.,observed_metric,epoch_ai_models,Data on AI Models,https://epoch.ai/data/notable_ai_models.csv,,,2026-05-03T04:50:11+00:00,medium_high,Inclusion criteria matter.,True,Only observation for indicator/country/period/unit.,5,notable_ai_models_count|USA|2004-01-01|2004-12-31|count,mapped_to_master_schema,Count from Epoch CSV using country column 'Country (of organization)' and date column 'Publication date'.
obs_77c8b8beaf1942,notable_ai_models_count,Number of notable AI models by country/year,"Models, Research, and Funding",models,USA,United States,KOR/USA/CHN,annual,2005,2005-01-01,2005-12-31,2005,1.0,1.0,count,count,1.0,Numeric value parsed; no unit conversion applied.,observed_metric,epoch_ai_models,Data on AI Models,https://epoch.ai/data/notable_ai_models.csv,,,2026-05-03T04:50:11+00:00,medium_high,Inclusion criteria matter.,True,Only observation for indicator/country/period/unit.,5,notable_ai_models_count|USA|2005-01-01|2005-12-31|count,mapped_to_master_schema,Count from Epoch CSV using country column 'Country (of organization)' and date column 'Publication date'.
obs_7994cd5426799a,notable_ai_models_count,Number of notable AI models by country/year,"Models, Research, and Funding",models,USA,United States,KOR/USA/CHN,annual,2006,2006-01-01,2006-12-31,2006,2.0,2.0,count,count,2.0,Numeric value parsed; no unit conversion applied.,observed_metric,epoch_ai_models,Data on AI Models,https://epoch.ai/data/notable_ai_models.csv,,,2026-05-03T04:50:11+00:00,medium_high,Inclusion criteria matter.,True,Only observation for indicator/country/period/unit.,5,notable_ai_models_count|USA|2006-01-01|2006-12-31|count,mapped_to_master_schema,Count from Epoch CSV using country column 'Country (of organization)' and date column 'Publication date'.
obs_509e18f52d48cd,notable_ai_models_count,Number of notable AI models by country/year,"Models, Research, and Funding",models,USA,United States,KOR/USA/CHN,annual,2007,2007-01-01,2007-12-31,2007,4.0,4.0,count,count,4.0,Numeric value parsed; no unit conversion applied.,observed_metric,epoch_ai_models,Data on AI Models,https://epoch.ai/data/notable_ai_models.csv,,,2026-05-03T04:50:11+00:00,medium_high,Inclusion criteria matter.,True,Only observation for indicator/country/period/unit.,5,notable_ai_models_count|USA|2007-01-01|2007-12-31|count,mapped_to_master_schema,Count from Epoch CSV using country column 'Country (of organization)' and date column 'Publication date'.
obs_d0c398ff0a6a61,notable_ai_models_count,Number of notable AI models by country/year,"Models, Research, and Funding",models,USA,United States,KOR/USA/CHN,annual,2008,2008-01-01,2008-12-31,2008,2.0,2.0,count,count,2.0,Numeric value parsed; no unit conversion applied.,observed_metric,epoch_ai_models,Data on AI Models,https://epoch.ai/data/notable_ai_models.csv,,,2026-05-03T04:50:11+00:00,medium_high,Inclusion criteria matter.,True,Only observation for indicator/country/period/unit.,5,notable_ai_models_count|USA|2008-01-01|2008-12-31|count,mapped_to_master_schema,Count from Epoch CSV using country column 'Country (of organization)' and date column 'Publication date'.
obs_fee2350e7084c9,notable_ai_models_count,Number of notable AI models by country/year,"Models, Research, and Funding",models,USA,United States,KOR/USA/CHN,annual,2009,2009-01-01,2009-12-31,2009,7.0,7.0,count,count,7.0,Numeric value parsed; no unit conversion applied.,observed_metric,epoch_ai_models,Data on AI Models,https://epoch.ai/data/notable_ai_models.csv,,,2026-05-03T04:50:11+00:00,medium_high,Inclusion criteria matter.,True,Only observation for indicator/country/period/unit.,5,notable_ai_models_count|USA|2009-01-01|2009-12-31|count,mapped_to_master_schema,Count from Epoch CSV using country column 'Country (of organization)' and date column 'Publication date'.
obs_5f6fd00d6a07ad,notable_ai_models_count,Number of notable AI models by country/year,"Models, Research, and Funding",models,USA,United States,KOR/USA/CHN,annual,2010,2010-01-01,2010-12-31,2010,4.0,4.0,count,count,4.0,Numeric value parsed; no unit conversion applied.,observed_metric,epoch_ai_models,Data on AI Models,https://epoch.ai/data/notable_ai_models.csv,,,2026-05-03T04:50:11+00:00,medium_high,Inclusion criteria matter.,True,Only observation for indicator/country/period/unit.,5,notable_ai_models_count|USA|2010-01-01|2010-12-31|count,mapped_to_master_schema,Count from Epoch CSV using country column 'Country (of organization)' and date column 'Publication date'.
obs_7900bd307d6998,notable_ai_models_count,Number of notable AI models by country/year,"Models, Research, and Funding",models,USA,United States,KOR/USA/CHN,annual,2011,2011-01-01,2011-12-31,2011,5.0,5.0,count,count,5.0,Numeric value parsed; no unit conversion applied.,observed_metric,epoch_ai_models,Data on AI Models,https://epoch.ai/data/notable_ai_models.csv,,,2026-05-03T04:50:11+00:00,medium_high,Inclusion criteria matter.,True,Only observation for indicator/country/period/unit.,5,notable_ai_models_count|USA|2011-01-01|2011-12-31|count,mapped_to_master_schema,Count from Epoch CSV using country column 'Country (of organization)' and date column 'Publication date'.
obs_3ac41e6b669227,notable_ai_models_count,Number of notable AI models by country/year,"Models, Research, and Funding",models,USA,United States,KOR/USA/CHN,annual,2012,2012-01-01,2012-12-31,2012,6.0,6.0,count,count,6.0,Numeric value parsed; no unit conversion applied.,observed_metric,epoch_ai_models,Data on AI Models,https://epoch.ai/data/notable_ai_models.csv,,,2026-05-03T04:50:11+00:00,medium_high,Inclusion criteria matter.,True,Only observation for indicator/country/period/unit.,5,notable_ai_models_count|USA|2012-01-01|2012-12-31|count,mapped_to_master_schema,Count from Epoch CSV using country column 'Country (of organization)' and date column 'Publication date'.
obs_88695375683d99,notable_ai_models_count,Number of notable AI models by country/year,"Models, Research, and Funding",models,USA,United States,KOR/USA/CHN,annual,2013,2013-01-01,2013-12-31,2013,13.0,13.0,count,count,13.0,Numeric value parsed; no unit conversion applied.,observed_metric,epoch_ai_models,Data on AI Models,https://epoch.ai/data/notable_ai_models.csv,,,2026-05-03T04:50:11+00:00,medium_high,Inclusion criteria matter.,True,Only observation for indicator/country/period/unit.,5,notable_ai_models_count|USA|2013-01-01|2013-12-31|count,mapped_to_master_schema,Count from Epoch CSV using country column 'Country (of organization)' and date column 'Publication date'.
obs_495fab906eae33,notable_ai_models_count,Number of notable AI models by country/year,"Models, Research, and Funding",models,USA,United States,KOR/USA/CHN,annual,2014,2014-01-01,2014-12-31,2014,16.0,16.0,count,count,16.0,Numeric value parsed; no unit conversion applied.,observed_metric,epoch_ai_models,Data on AI Models,https://epoch.ai/data/notable_ai_models.csv,,,2026-05-03T04:50:11+00:00,medium_high,Inclusion criteria matter.,True,Only observation for indicator/country/period/unit.,5,notable_ai_models_count|USA|2014-01-01|2014-12-31|count,mapped_to_master_schema,Count from Epoch CSV using country column 'Country (of organization)' and date column 'Publication date'.
obs_08ed8b36e563b2,notable_ai_models_count,Number of notable AI models by country/year,"Models, Research, and Funding",models,USA,United States,KOR/USA/CHN,annual,2015,2015-01-01,2015-12-31,2015,19.0,19.0,count,count,19.0,Numeric value parsed; no unit conversion applied.,observed_metric,epoch_ai_models,Data on AI Models,https://epoch.ai/data/notable_ai_models.csv,,,2026-05-03T04:50:11+00:00,medium_high,Inclusion criteria matter.,True,Only observation for indicator/country/period/unit.,5,notable_ai_models_count|USA|2015-01-01|2015-12-31|count,mapped_to_master_schema,Count from Epoch CSV using country column 'Country (of organization)' and date column 'Publication date'.
obs_f23a7cda6fefaa,notable_ai_models_count,Number of notable AI models by country/year,"Models, Research, and Funding",models,USA,United States,KOR/USA/CHN,annual,2016,2016-01-01,2016-12-31,2016,36.0,36.0,count,count,36.0,Numeric value parsed; no unit conversion applied.,observed_metric,epoch_ai_models,Data on AI Models,https://epoch.ai/data/notable_ai_models.csv,,,2026-05-03T04:50:11+00:00,medium_high,Inclusion criteria matter.,True,Only observation for indicator/country/period/unit.,5,notable_ai_models_count|USA|2016-01-01|2016-12-31|count,mapped_to_master_schema,Count from Epoch CSV using country column 'Country (of organization)' and date column 'Publication date'.
obs_ece5820247b4b3,notable_ai_models_count,Number of notable AI models by country/year,"Models, Research, and Funding",models,USA,United States,KOR/USA/CHN,annual,2017,2017-01-01,2017-12-31,2017,29.0,29.0,count,count,29.0,Numeric value parsed; no unit conversion applied.,observed_metric,epoch_ai_models,Data on AI Models,https://epoch.ai/data/notable_ai_models.csv,,,2026-05-03T04:50:11+00:00,medium_high,Inclusion criteria matter.,True,Only observation for indicator/country/period/unit.,5,notable_ai_models_count|USA|2017-01-01|2017-12-31|count,mapped_to_master_schema,Count from Epoch CSV using country column 'Country (of organization)' and date column 'Publication date'.
obs_22d2bede4b840a,notable_ai_models_count,Number of notable AI models by country/year,"Models, Research, and Funding",models,USA,United States,KOR/USA/CHN,annual,2018,2018-01-01,2018-12-31,2018,27.0,27.0,count,count,27.0,Numeric value parsed; no unit conversion applied.,observed_metric,epoch_ai_models,Data on AI Models,https://epoch.ai/data/notable_ai_models.csv,,,2026-05-03T04:50:11+00:00,medium_high,Inclusion criteria matter.,True,Only observation for indicator/country/period/unit.,5,notable_ai_models_count|USA|2018-01-01|2018-12-31|count,mapped_to_master_schema,Count from Epoch CSV using country column 'Country (of organization)' and date column 'Publication date'.
obs_09cc5505ca3d38,notable_ai_models_count,Number of notable AI models by country/year,"Models, Research, and Funding",models,USA,United States,KOR/USA/CHN,annual,2019,2019-01-01,2019-12-31,2019,56.0,56.0,count,count,56.0,Numeric value parsed; no unit conversion applied.,observed_metric,epoch_ai_models,Data on AI Models,https://epoch.ai/data/notable_ai_models.csv,,,2026-05-03T04:50:11+00:00,medium_high,Inclusion criteria matter.,True,Only observation for indicator/country/period/unit.,5,notable_ai_models_count|USA|2019-01-01|2019-12-31|count,mapped_to_master_schema,Count from Epoch CSV using country column 'Country (of organization)' and date column 'Publication date'.
obs_8304160d25da8c,notable_ai_models_count,Number of notable AI models by country/year,"Models, Research, and Funding",models,USA,United States,KOR/USA/CHN,annual,2020,2020-01-01,2020-12-31,2020,37.0,37.0,count,count,37.0,Numeric value parsed; no unit conversion applied.,observed_metric,epoch_ai_models,Data on AI Models,https://epoch.ai/data/notable_ai_models.csv,,,2026-05-03T04:50:11+00:00,medium_high,Inclusion criteria matter.,True,Only observation for indicator/country/period/unit.,5,notable_ai_models_count|USA|2020-01-01|2020-12-31|count,mapped_to_master_schema,Count from Epoch CSV using country column 'Country (of organization)' and date column 'Publication date'.
obs_b06c7028a020e7,notable_ai_models_count,Number of notable AI models by country/year,"Models, Research, and Funding",models,USA,United States,KOR/USA/CHN,annual,2021,2021-01-01,2021-12-31,2021,54.0,54.0,count,count,54.0,Numeric value parsed; no unit conversion applied.,observed_metric,epoch_ai_models,Data on AI Models,https://epoch.ai/data/notable_ai_models.csv,,,2026-05-03T04:50:11+00:00,medium_high,Inclusion criteria matter.,True,Only observation for indicator/country/period/unit.,5,notable_ai_models_count|USA|2021-01-01|2021-12-31|count,mapped_to_master_schema,Count from Epoch CSV using country column 'Country (of organization)' and date column 'Publication date'.
obs_1e0dc5faa1ad21,notable_ai_models_count,Number of notable AI models by country/year,"Models, Research, and Funding",models,USA,United States,KOR/USA/CHN,annual,2022,2022-01-01,2022-12-31,2022,68.0,68.0,count,count,68.0,Numeric value parsed; no unit conversion applied.,observed_metric,epoch_ai_models,Data on AI Models,https://epoch.ai/data/notable_ai_models.csv,,,2026-05-03T04:50:11+00:00,medium_high,Inclusion criteria matter.,True,Only observation for indicator/country/period/unit.,5,notable_ai_models_count|USA|2022-01-01|2022-12-31|count,mapped_to_master_schema,Count from Epoch CSV using country column 'Country (of organization)' and date column 'Publication date'.
obs_a340e9b79b9625,notable_ai_models_count,Number of notable AI models by country/year,"Models, Research, and Funding",models,USA,United States,KOR/USA/CHN,annual,2023,2023-01-01,2023-12-31,2023,86.0,86.0,count,count,86.0,Numeric value parsed; no unit conversion applied.,observed_metric,epoch_ai_models,Data on AI Models,https://epoch.ai/data/notable_ai_models.csv,,,2026-05-03T04:50:11+00:00,medium_high,Inclusion criteria matter.,True,Only observation for indicator/country/period/unit.,5,notable_ai_models_count|USA|2023-01-01|2023-12-31|count,mapped_to_master_schema,Count from Epoch CSV using country column 'Country (of organization)' and date column 'Publication date'.
obs_c6e788df73eb2e,notable_ai_models_count,Number of notable AI models by country/year,"Models, Research, and Funding",models,USA,United States,KOR/USA/CHN,annual,2024,2024-01-01,2024-12-31,2024,57.0,57.0,count,count,57.0,Numeric value parsed; no unit conversion applied.,observed_metric,epoch_ai_models,Data on AI Models,https://epoch.ai/data/notable_ai_models.csv,,,2026-05-03T04:50:11+00:00,medium_high,Inclusion criteria matter.,True,Only observation for indicator/country/period/unit.,5,notable_ai_models_count|USA|2024-01-01|2024-12-31|count,mapped_to_master_schema,Count from Epoch CSV using country column 'Country (of organization)' and date column 'Publication date'.
obs_1c1efb6dc0984f,notable_ai_models_count,Number of notable AI models by country/year,"Models, Research, and Funding",models,USA,United States,KOR/USA/CHN,annual,2025,2025-01-01,2025-12-31,2025,60.0,60.0,count,count,60.0,Numeric value parsed; no unit conversion applied.,observed_metric,epoch_ai_models,Data on AI Models,https://epoch.ai/data/notable_ai_models.csv,,,2026-05-03T04:50:11+00:00,medium_high,Inclusion criteria matter.,True,Only observation for indicator/country/period/unit.,5,notable_ai_models_count|USA|2025-01-01|2025-12-31|count,mapped_to_master_schema,Count from Epoch CSV using country column 'Country (of organization)' and date column 'Publication date'.
obs_d4d3dd07c6970d,notable_ai_models_count,Number of notable AI models by country/year,"Models, Research, and Funding",models,USA,United States,KOR/USA/CHN,annual,2026,2026-01-01,2026-12-31,2026,11.0,11.0,count,count,11.0,Numeric value parsed; no unit conversion applied.,observed_metric,epoch_ai_models,Data on AI Models,https://epoch.ai/data/notable_ai_models.csv,,,2026-05-03T04:50:11+00:00,medium_high,Inclusion criteria matter.,True,Only observation for indicator/country/period/unit.,5,notable_ai_models_count|USA|2026-01-01|2026-12-31|count,mapped_to_master_schema,Count from Epoch CSV using country column 'Country (of organization)' and date column 'Publication date'.
obs_46ab57512a70b1,oecd_openalex_ai_research_publications,"OECD.AI OpenAlex AI research publications by country, 2000-2026","Models, Research, and Funding",AI research publications,KOR,South Korea,KOR/USA/CHN,annual,2000,2000-01-01,2000-12-31,2000,1.8364027655551047,1.8364027655551047,source publications measure,source_publications_measure,1.8364027655551047,Numeric value parsed; no unit conversion applied.,observed_metric,oecd_ai_openalex_existing,OpenAlex AI research publications extract,,oecd-ai-data\data.csv,,2026-05-03T06:51:20+00:00,medium_high,South Korea AI research publication time series from the OECD.AI OpenAlex extract; useful for research output trends.,True,Only observation for indicator/country/period/unit.,5,oecd_openalex_ai_research_publications|KOR|2000-01-01|2000-12-31|source_publications_measure,mapped_to_master_schema,"Source figure: oecd_openalex_ai_research_publications; source chapter: OECD.AI OpenAlex data | South Korea AI research publication time series from the OECD.AI OpenAlex extract; useful for research output trends. | {""ai_concept"": ""All AI research"", ""country_code"": ""KOR"", ""impact_level"": ""All works"", ""pub_type"": ""All publication types""} | Original fields: {""Country/territory"": ""KOR"", ""Country/territory_label"": ""Korea"", ""ai_concept"": ""All AI research"", ""impact_level"": ""All works"", ""metadata"": ""Description:\nOpenAlex is a free, open, and comprehensive index of scholarly papers, authors, institutions, and more.\nIt is a successor to Microsoft Academic Graph (MAG) and is designed to be a resource for researchers,\ndevelopers and data scientists."", ""pub_type"": ""All publication types"", ""publications"": ""1.8364027655551047"", ""year"": ""2000""}"
obs_065508106a8139,oecd_openalex_ai_research_publications,"OECD.AI OpenAlex AI research publications by country, 2000-2026","Models, Research, and Funding",AI research publications,KOR,South Korea,KOR/USA/CHN,annual,2001,2001-01-01,2001-12-31,2001,1.7489087833713994,1.7489087833713994,source publications measure,source_publications_measure,1.7489087833713994,Numeric value parsed; no unit conversion applied.,observed_metric,oecd_ai_openalex_existing,OpenAlex AI research publications extract,,oecd-ai-data\data.csv,,2026-05-03T06:51:20+00:00,medium_high,South Korea AI research publication time series from the OECD.AI OpenAlex extract; useful for research output trends.,True,Only observation for indicator/country/period/unit.,5,oecd_openalex_ai_research_publications|KOR|2001-01-01|2001-12-31|source_publications_measure,mapped_to_master_schema,"Source figure: oecd_openalex_ai_research_publications; source chapter: OECD.AI OpenAlex data | South Korea AI research publication time series from the OECD.AI OpenAlex extract; useful for research output trends. | {""ai_concept"": ""All AI research"", ""country_code"": ""KOR"", ""impact_level"": ""All works"", ""pub_type"": ""All publication types""} | Original fields: {""Country/territory"": ""KOR"", ""Country/territory_label"": ""Korea"", ""ai_concept"": ""All AI research"", ""impact_level"": ""All works"", ""metadata"": ""Description:\nOpenAlex is a free, open, and comprehensive index of scholarly papers, authors, institutions, and more.\nIt is a successor to Microsoft Academic Graph (MAG) and is designed to be a resource for researchers,\ndevelopers and data scientists."", ""pub_type"": ""All publication types"", ""publications"": ""1.7489087833713994"", ""year"": ""2001""}"
obs_59384aedc6e4ac,oecd_openalex_ai_research_publications,"OECD.AI OpenAlex AI research publications by country, 2000-2026","Models, Research, and Funding",AI research publications,KOR,South Korea,KOR/USA/CHN,annual,2002,2002-01-01,2002-12-31,2002,2.152236950895924,2.152236950895924,source publications measure,source_publications_measure,2.152236950895924,Numeric value parsed; no unit conversion applied.,observed_metric,oecd_ai_openalex_existing,OpenAlex AI research publications extract,,oecd-ai-data\data.csv,,2026-05-03T06:51:20+00:00,medium_high,South Korea AI research publication time series from the OECD.AI OpenAlex extract; useful for research output trends.,True,Only observation for indicator/country/period/unit.,5,oecd_openalex_ai_research_publications|KOR|2002-01-01|2002-12-31|source_publications_measure,mapped_to_master_schema,"Source figure: oecd_openalex_ai_research_publications; source chapter: OECD.AI OpenAlex data | South Korea AI research publication time series from the OECD.AI OpenAlex extract; useful for research output trends. | {""ai_concept"": ""All AI research"", ""country_code"": ""KOR"", ""impact_level"": ""All works"", ""pub_type"": ""All publication types""} | Original fields: {""Country/territory"": ""KOR"", ""Country/territory_label"": ""Korea"", ""ai_concept"": ""All AI research"", ""impact_level"": ""All works"", ""metadata"": ""Description:\nOpenAlex is a free, open, and comprehensive index of scholarly papers, authors, institutions, and more.\nIt is a successor to Microsoft Academic Graph (MAG) and is designed to be a resource for researchers,\ndevelopers and data scientists."", ""pub_type"": ""All publication types"", ""publications"": ""2.152236950895924"", ""year"": ""2002""}"
obs_2dfff7444cf695,oecd_openalex_ai_research_publications,"OECD.AI OpenAlex AI research publications by country, 2000-2026","Models, Research, and Funding",AI research publications,KOR,South Korea,KOR/USA/CHN,annual,2003,2003-01-01,2003-12-31,2003,2.0647269540779876,2.0647269540779876,source publications measure,source_publications_measure,2.0647269540779876,Numeric value parsed; no unit conversion applied.,observed_metric,oecd_ai_openalex_existing,OpenAlex AI research publications extract,,oecd-ai-data\data.csv,,2026-05-03T06:51:20+00:00,medium_high,South Korea AI research publication time series from the OECD.AI OpenAlex extract; useful for research output trends.,True,Only observation for indicator/country/period/unit.,5,oecd_openalex_ai_research_publications|KOR|2003-01-01|2003-12-31|source_publications_measure,mapped_to_master_schema,"Source figure: oecd_openalex_ai_research_publications; source chapter: OECD.AI OpenAlex data | South Korea AI research publication time series from the OECD.AI OpenAlex extract; useful for research output trends. | {""ai_concept"": ""All AI research"", ""country_code"": ""KOR"", ""impact_level"": ""All works"", ""pub_type"": ""All publication types""} | Original fields: {""Country/territory"": ""KOR"", ""Country/territory_label"": ""Korea"", ""ai_concept"": ""All AI research"", ""impact_level"": ""All works"", ""metadata"": ""Description:\nOpenAlex is a free, open, and comprehensive index of scholarly papers, authors, institutions, and more.\nIt is a successor to Microsoft Academic Graph (MAG) and is designed to be a resource for researchers,\ndevelopers and data scientists."", ""pub_type"": ""All publication types"", ""publications"": ""2.0647269540779876"", ""year"": ""2003""}"
obs_c39b2200fc2cf9,oecd_openalex_ai_research_publications,"OECD.AI OpenAlex AI research publications by country, 2000-2026","Models, Research, and Funding",AI research publications,KOR,South Korea,KOR/USA/CHN,annual,2004,2004-01-01,2004-12-31,2004,2.3000120424184547,2.3000120424184547,source publications measure,source_publications_measure,2.3000120424184547,Numeric value parsed; no unit conversion applied.,observed_metric,oecd_ai_openalex_existing,OpenAlex AI research publications extract,,oecd-ai-data\data.csv,,2026-05-03T06:51:20+00:00,medium_high,South Korea AI research publication time series from the OECD.AI OpenAlex extract; useful for research output trends.,True,Only observation for indicator/country/period/unit.,5,oecd_openalex_ai_research_publications|KOR|2004-01-01|2004-12-31|source_publications_measure,mapped_to_master_schema,"Source figure: oecd_openalex_ai_research_publications; source chapter: OECD.AI OpenAlex data | South Korea AI research publication time series from the OECD.AI OpenAlex extract; useful for research output trends. | {""ai_concept"": ""All AI research"", ""country_code"": ""KOR"", ""impact_level"": ""All works"", ""pub_type"": ""All publication types""} | Original fields: {""Country/territory"": ""KOR"", ""Country/territory_label"": ""Korea"", ""ai_concept"": ""All AI research"", ""impact_level"": ""All works"", ""metadata"": ""Description:\nOpenAlex is a free, open, and comprehensive index of scholarly papers, authors, institutions, and more.\nIt is a successor to Microsoft Academic Graph (MAG) and is designed to be a resource for researchers,\ndevelopers and data scientists."", ""pub_type"": ""All publication types"", ""publications"": ""2.3000120424184547"", ""year"": ""2004""}"
obs_2048b33cf32437,oecd_openalex_ai_research_publications,"OECD.AI OpenAlex AI research publications by country, 2000-2026","Models, Research, and Funding",AI research publications,KOR,South Korea,KOR/USA/CHN,annual,2005,2005-01-01,2005-12-31,2005,2.3538996123595677,2.3538996123595677,source publications measure,source_publications_measure,2.3538996123595677,Numeric value parsed; no unit conversion applied.,observed_metric,oecd_ai_openalex_existing,OpenAlex AI research publications extract,,oecd-ai-data\data.csv,,2026-05-03T06:51:20+00:00,medium_high,South Korea AI research publication time series from the OECD.AI OpenAlex extract; useful for research output trends.,True,Only observation for indicator/country/period/unit.,5,oecd_openalex_ai_research_publications|KOR|2005-01-01|2005-12-31|source_publications_measure,mapped_to_master_schema,"Source figure: oecd_openalex_ai_research_publications; source chapter: OECD.AI OpenAlex data | South Korea AI research publication time series from the OECD.AI OpenAlex extract; useful for research output trends. | {""ai_concept"": ""All AI research"", ""country_code"": ""KOR"", ""impact_level"": ""All works"", ""pub_type"": ""All publication types""} | Original fields: {""Country/territory"": ""KOR"", ""Country/territory_label"": ""Korea"", ""ai_concept"": ""All AI research"", ""impact_level"": ""All works"", ""metadata"": ""Description:\nOpenAlex is a free, open, and comprehensive index of scholarly papers, authors, institutions, and more.\nIt is a successor to Microsoft Academic Graph (MAG) and is designed to be a resource for researchers,\ndevelopers and data scientists."", ""pub_type"": ""All publication types"", ""publications"": ""2.3538996123595677"", ""year"": ""2005""}"
obs_b6b610563c0991,oecd_openalex_ai_research_publications,"OECD.AI OpenAlex AI research publications by country, 2000-2026","Models, Research, and Funding",AI research publications,KOR,South Korea,KOR/USA/CHN,annual,2006,2006-01-01,2006-12-31,2006,2.2879637250952216,2.2879637250952216,source publications measure,source_publications_measure,2.2879637250952216,Numeric value parsed; no unit conversion applied.,observed_metric,oecd_ai_openalex_existing,OpenAlex AI research publications extract,,oecd-ai-data\data.csv,,2026-05-03T06:51:20+00:00,medium_high,South Korea AI research publication time series from the OECD.AI OpenAlex extract; useful for research output trends.,True,Only observation for indicator/country/period/unit.,5,oecd_openalex_ai_research_publications|KOR|2006-01-01|2006-12-31|source_publications_measure,mapped_to_master_schema,"Source figure: oecd_openalex_ai_research_publications; source chapter: OECD.AI OpenAlex data | South Korea AI research publication time series from the OECD.AI OpenAlex extract; useful for research output trends. | {""ai_concept"": ""All AI research"", ""country_code"": ""KOR"", ""impact_level"": ""All works"", ""pub_type"": ""All publication types""} | Original fields: {""Country/territory"": ""KOR"", ""Country/territory_label"": ""Korea"", ""ai_concept"": ""All AI research"", ""impact_level"": ""All works"", ""metadata"": ""Description:\nOpenAlex is a free, open, and comprehensive index of scholarly papers, authors, institutions, and more.\nIt is a successor to Microsoft Academic Graph (MAG) and is designed to be a resource for researchers,\ndevelopers and data scientists."", ""pub_type"": ""All publication types"", ""publications"": ""2.2879637250952216"", ""year"": ""2006""}"
obs_f16755e8770094,oecd_openalex_ai_research_publications,"OECD.AI OpenAlex AI research publications by country, 2000-2026","Models, Research, and Funding",AI research publications,KOR,South Korea,KOR/USA/CHN,annual,2007,2007-01-01,2007-12-31,2007,2.08436871353256,2.08436871353256,source publications measure,source_publications_measure,2.08436871353256,Numeric value parsed; no unit conversion applied.,observed_metric,oecd_ai_openalex_existing,OpenAlex AI research publications extract,,oecd-ai-data\data.csv,,2026-05-03T06:51:20+00:00,medium_high,South Korea AI research publication time series from the OECD.AI OpenAlex extract; useful for research output trends.,True,Only observation for indicator/country/period/unit.,5,oecd_openalex_ai_research_publications|KOR|2007-01-01|2007-12-31|source_publications_measure,mapped_to_master_schema,"Source figure: oecd_openalex_ai_research_publications; source chapter: OECD.AI OpenAlex data | South Korea AI research publication time series from the OECD.AI OpenAlex extract; useful for research output trends. | {""ai_concept"": ""All AI research"", ""country_code"": ""KOR"", ""impact_level"": ""All works"", ""pub_type"": ""All publication types""} | Original fields: {""Country/territory"": ""KOR"", ""Country/territory_label"": ""Korea"", ""ai_concept"": ""All AI research"", ""impact_level"": ""All works"", ""metadata"": ""Description:\nOpenAlex is a free, open, and comprehensive index of scholarly papers, authors, institutions, and more.\nIt is a successor to Microsoft Academic Graph (MAG) and is designed to be a resource for researchers,\ndevelopers and data scientists."", ""pub_type"": ""All publication types"", ""publications"": ""2.08436871353256"", ""year"": ""2007""}"
obs_c00a9463e6d683,oecd_openalex_ai_research_publications,"OECD.AI OpenAlex AI research publications by country, 2000-2026","Models, Research, and Funding",AI research publications,KOR,South Korea,KOR/USA/CHN,annual,2008,2008-01-01,2008-12-31,2008,1.8049694448196736,1.8049694448196736,source publications measure,source_publications_measure,1.8049694448196736,Numeric value parsed; no unit conversion applied.,observed_metric,oecd_ai_openalex_existing,OpenAlex AI research publications extract,,oecd-ai-data\data.csv,,2026-05-03T06:51:20+00:00,medium_high,South Korea AI research publication time series from the OECD.AI OpenAlex extract; useful for research output trends.,True,Only observation for indicator/country/period/unit.,5,oecd_openalex_ai_research_publications|KOR|2008-01-01|2008-12-31|source_publications_measure,mapped_to_master_schema,"Source figure: oecd_openalex_ai_research_publications; source chapter: OECD.AI OpenAlex data | South Korea AI research publication time series from the OECD.AI OpenAlex extract; useful for research output trends. | {""ai_concept"": ""All AI research"", ""country_code"": ""KOR"", ""impact_level"": ""All works"", ""pub_type"": ""All publication types""} | Original fields: {""Country/territory"": ""KOR"", ""Country/territory_label"": ""Korea"", ""ai_concept"": ""All AI research"", ""impact_level"": ""All works"", ""metadata"": ""Description:\nOpenAlex is a free, open, and comprehensive index of scholarly papers, authors, institutions, and more.\nIt is a successor to Microsoft Academic Graph (MAG) and is designed to be a resource for researchers,\ndevelopers and data scientists."", ""pub_type"": ""All publication types"", ""publications"": ""1.8049694448196736"", ""year"": ""2008""}"
obs_afee7a575f9170,oecd_openalex_ai_research_publications,"OECD.AI OpenAlex AI research publications by country, 2000-2026","Models, Research, and Funding",AI research publications,KOR,South Korea,KOR/USA/CHN,annual,2009,2009-01-01,2009-12-31,2009,1.8499260279456244,1.8499260279456244,source publications measure,source_publications_measure,1.8499260279456244,Numeric value parsed; no unit conversion applied.,observed_metric,oecd_ai_openalex_existing,OpenAlex AI research publications extract,,oecd-ai-data\data.csv,,2026-05-03T06:51:20+00:00,medium_high,South Korea AI research publication time series from the OECD.AI OpenAlex extract; useful for research output trends.,True,Only observation for indicator/country/period/unit.,5,oecd_openalex_ai_research_publications|KOR|2009-01-01|2009-12-31|source_publications_measure,mapped_to_master_schema,"Source figure: oecd_openalex_ai_research_publications; source chapter: OECD.AI OpenAlex data | South Korea AI research publication time series from the OECD.AI OpenAlex extract; useful for research output trends. | {""ai_concept"": ""All AI research"", ""country_code"": ""KOR"", ""impact_level"": ""All works"", ""pub_type"": ""All publication types""} | Original fields: {""Country/territory"": ""KOR"", ""Country/territory_label"": ""Korea"", ""ai_concept"": ""All AI research"", ""impact_level"": ""All works"", ""metadata"": ""Description:\nOpenAlex is a free, open, and comprehensive index of scholarly papers, authors, institutions, and more.\nIt is a successor to Microsoft Academic Graph (MAG) and is designed to be a resource for researchers,\ndevelopers and data scientists."", ""pub_type"": ""All publication types"", ""publications"": ""1.8499260279456244"", ""year"": ""2009""}"
obs_bfdc86142897fd,oecd_openalex_ai_research_publications,"OECD.AI OpenAlex AI research publications by country, 2000-2026","Models, Research, and Funding",AI research publications,KOR,South Korea,KOR/USA/CHN,annual,2010,2010-01-01,2010-12-31,2010,1.6405452573996948,1.6405452573996948,source publications measure,source_publications_measure,1.6405452573996948,Numeric value parsed; no unit conversion applied.,observed_metric,oecd_ai_openalex_existing,OpenAlex AI research publications extract,,oecd-ai-data\data.csv,,2026-05-03T06:51:20+00:00,medium_high,South Korea AI research publication time series from the OECD.AI OpenAlex extract; useful for research output trends.,True,Only observation for indicator/country/period/unit.,5,oecd_openalex_ai_research_publications|KOR|2010-01-01|2010-12-31|source_publications_measure,mapped_to_master_schema,"Source figure: oecd_openalex_ai_research_publications; source chapter: OECD.AI OpenAlex data | South Korea AI research publication time series from the OECD.AI OpenAlex extract; useful for research output trends. | {""ai_concept"": ""All AI research"", ""country_code"": ""KOR"", ""impact_level"": ""All works"", ""pub_type"": ""All publication types""} | Original fields: {""Country/territory"": ""KOR"", ""Country/territory_label"": ""Korea"", ""ai_concept"": ""All AI research"", ""impact_level"": ""All works"", ""metadata"": ""Description:\nOpenAlex is a free, open, and comprehensive index of scholarly papers, authors, institutions, and more.\nIt is a successor to Microsoft Academic Graph (MAG) and is designed to be a resource for researchers,\ndevelopers and data scientists."", ""pub_type"": ""All publication types"", ""publications"": ""1.6405452573996948"", ""year"": ""2010""}"
obs_c29f9c3c738b05,oecd_openalex_ai_research_publications,"OECD.AI OpenAlex AI research publications by country, 2000-2026","Models, Research, and Funding",AI research publications,KOR,South Korea,KOR/USA/CHN,annual,2011,2011-01-01,2011-12-31,2011,1.7155859581013873,1.7155859581013873,source publications measure,source_publications_measure,1.7155859581013873,Numeric value parsed; no unit conversion applied.,observed_metric,oecd_ai_openalex_existing,OpenAlex AI research publications extract,,oecd-ai-data\data.csv,,2026-05-03T06:51:20+00:00,medium_high,South Korea AI research publication time series from the OECD.AI OpenAlex extract; useful for research output trends.,True,Only observation for indicator/country/period/unit.,5,oecd_openalex_ai_research_publications|KOR|2011-01-01|2011-12-31|source_publications_measure,mapped_to_master_schema,"Source figure: oecd_openalex_ai_research_publications; source chapter: OECD.AI OpenAlex data | South Korea AI research publication time series from the OECD.AI OpenAlex extract; useful for research output trends. | {""ai_concept"": ""All AI research"", ""country_code"": ""KOR"", ""impact_level"": ""All works"", ""pub_type"": ""All publication types""} | Original fields: {""Country/territory"": ""KOR"", ""Country/territory_label"": ""Korea"", ""ai_concept"": ""All AI research"", ""impact_level"": ""All works"", ""metadata"": ""Description:\nOpenAlex is a free, open, and comprehensive index of scholarly papers, authors, institutions, and more.\nIt is a successor to Microsoft Academic Graph (MAG) and is designed to be a resource for researchers,\ndevelopers and data scientists."", ""pub_type"": ""All publication types"", ""publications"": ""1.7155859581013873"", ""year"": ""2011""}"
obs_67b59bcc3f70a1,oecd_openalex_ai_research_publications,"OECD.AI OpenAlex AI research publications by country, 2000-2026","Models, Research, and Funding",AI research publications,KOR,South Korea,KOR/USA/CHN,annual,2012,2012-01-01,2012-12-31,2012,1.7683356345390462,1.7683356345390462,source publications measure,source_publications_measure,1.7683356345390462,Numeric value parsed; no unit conversion applied.,observed_metric,oecd_ai_openalex_existing,OpenAlex AI research publications extract,,oecd-ai-data\data.csv,,2026-05-03T06:51:20+00:00,medium_high,South Korea AI research publication time series from the OECD.AI OpenAlex extract; useful for research output trends.,True,Only observation for indicator/country/period/unit.,5,oecd_openalex_ai_research_publications|KOR|2012-01-01|2012-12-31|source_publications_measure,mapped_to_master_schema,"Source figure: oecd_openalex_ai_research_publications; source chapter: OECD.AI OpenAlex data | South Korea AI research publication time series from the OECD.AI OpenAlex extract; useful for research output trends. | {""ai_concept"": ""All AI research"", ""country_code"": ""KOR"", ""impact_level"": ""All works"", ""pub_type"": ""All publication types""} | Original fields: {""Country/territory"": ""KOR"", ""Country/territory_label"": ""Korea"", ""ai_concept"": ""All AI research"", ""impact_level"": ""All works"", ""metadata"": ""Description:\nOpenAlex is a free, open, and comprehensive index of scholarly papers, authors, institutions, and more.\nIt is a successor to Microsoft Academic Graph (MAG) and is designed to be a resource for researchers,\ndevelopers and data scientists."", ""pub_type"": ""All publication types"", ""publications"": ""1.7683356345390462"", ""year"": ""2012""}"
obs_452d6cd9d38b3a,oecd_openalex_ai_research_publications,"OECD.AI OpenAlex AI research publications by country, 2000-2026","Models, Research, and Funding",AI research publications,KOR,South Korea,KOR/USA/CHN,annual,2013,2013-01-01,2013-12-31,2013,1.9415510226288626,1.9415510226288626,source publications measure,source_publications_measure,1.9415510226288626,Numeric value parsed; no unit conversion applied.,observed_metric,oecd_ai_openalex_existing,OpenAlex AI research publications extract,,oecd-ai-data\data.csv,,2026-05-03T06:51:20+00:00,medium_high,South Korea AI research publication time series from the OECD.AI OpenAlex extract; useful for research output trends.,True,Only observation for indicator/country/period/unit.,5,oecd_openalex_ai_research_publications|KOR|2013-01-01|2013-12-31|source_publications_measure,mapped_to_master_schema,"Source figure: oecd_openalex_ai_research_publications; source chapter: OECD.AI OpenAlex data | South Korea AI research publication time series from the OECD.AI OpenAlex extract; useful for research output trends. | {""ai_concept"": ""All AI research"", ""country_code"": ""KOR"", ""impact_level"": ""All works"", ""pub_type"": ""All publication types""} | Original fields: {""Country/territory"": ""KOR"", ""Country/territory_label"": ""Korea"", ""ai_concept"": ""All AI research"", ""impact_level"": ""All works"", ""metadata"": ""Description:\nOpenAlex is a free, open, and comprehensive index of scholarly papers, authors, institutions, and more.\nIt is a successor to Microsoft Academic Graph (MAG) and is designed to be a resource for researchers,\ndevelopers and data scientists."", ""pub_type"": ""All publication types"", ""publications"": ""1.9415510226288626"", ""year"": ""2013""}"
obs_de9b07318e442a,oecd_openalex_ai_research_publications,"OECD.AI OpenAlex AI research publications by country, 2000-2026","Models, Research, and Funding",AI research publications,KOR,South Korea,KOR/USA/CHN,annual,2014,2014-01-01,2014-12-31,2014,1.8900780578354488,1.8900780578354488,source publications measure,source_publications_measure,1.8900780578354488,Numeric value parsed; no unit conversion applied.,observed_metric,oecd_ai_openalex_existing,OpenAlex AI research publications extract,,oecd-ai-data\data.csv,,2026-05-03T06:51:20+00:00,medium_high,South Korea AI research publication time series from the OECD.AI OpenAlex extract; useful for research output trends.,True,Only observation for indicator/country/period/unit.,5,oecd_openalex_ai_research_publications|KOR|2014-01-01|2014-12-31|source_publications_measure,mapped_to_master_schema,"Source figure: oecd_openalex_ai_research_publications; source chapter: OECD.AI OpenAlex data | South Korea AI research publication time series from the OECD.AI OpenAlex extract; useful for research output trends. | {""ai_concept"": ""All AI research"", ""country_code"": ""KOR"", ""impact_level"": ""All works"", ""pub_type"": ""All publication types""} | Original fields: {""Country/territory"": ""KOR"", ""Country/territory_label"": ""Korea"", ""ai_concept"": ""All AI research"", ""impact_level"": ""All works"", ""metadata"": ""Description:\nOpenAlex is a free, open, and comprehensive index of scholarly papers, authors, institutions, and more.\nIt is a successor to Microsoft Academic Graph (MAG) and is designed to be a resource for researchers,\ndevelopers and data scientists."", ""pub_type"": ""All publication types"", ""publications"": ""1.8900780578354488"", ""year"": ""2014""}"
obs_0172a4cc925dfe,oecd_openalex_ai_research_publications,"OECD.AI OpenAlex AI research publications by country, 2000-2026","Models, Research, and Funding",AI research publications,KOR,South Korea,KOR/USA/CHN,annual,2015,2015-01-01,2015-12-31,2015,1.7542163113469764,1.7542163113469764,source publications measure,source_publications_measure,1.7542163113469764,Numeric value parsed; no unit conversion applied.,observed_metric,oecd_ai_openalex_existing,OpenAlex AI research publications extract,,oecd-ai-data\data.csv,,2026-05-03T06:51:20+00:00,medium_high,South Korea AI research publication time series from the OECD.AI OpenAlex extract; useful for research output trends.,True,Only observation for indicator/country/period/unit.,5,oecd_openalex_ai_research_publications|KOR|2015-01-01|2015-12-31|source_publications_measure,mapped_to_master_schema,"Source figure: oecd_openalex_ai_research_publications; source chapter: OECD.AI OpenAlex data | South Korea AI research publication time series from the OECD.AI OpenAlex extract; useful for research output trends. | {""ai_concept"": ""All AI research"", ""country_code"": ""KOR"", ""impact_level"": ""All works"", ""pub_type"": ""All publication types""} | Original fields: {""Country/territory"": ""KOR"", ""Country/territory_label"": ""Korea"", ""ai_concept"": ""All AI research"", ""impact_level"": ""All works"", ""metadata"": ""Description:\nOpenAlex is a free, open, and comprehensive index of scholarly papers, authors, institutions, and more.\nIt is a successor to Microsoft Academic Graph (MAG) and is designed to be a resource for researchers,\ndevelopers and data scientists."", ""pub_type"": ""All publication types"", ""publications"": ""1.7542163113469764"", ""year"": ""2015""}"
obs_07b7287414e146,oecd_openalex_ai_research_publications,"OECD.AI OpenAlex AI research publications by country, 2000-2026","Models, Research, and Funding",AI research publications,KOR,South Korea,KOR/USA/CHN,annual,2016,2016-01-01,2016-12-31,2016,1.7313769299643953,1.7313769299643953,source publications measure,source_publications_measure,1.7313769299643953,Numeric value parsed; no unit conversion applied.,observed_metric,oecd_ai_openalex_existing,OpenAlex AI research publications extract,,oecd-ai-data\data.csv,,2026-05-03T06:51:20+00:00,medium_high,South Korea AI research publication time series from the OECD.AI OpenAlex extract; useful for research output trends.,True,Only observation for indicator/country/period/unit.,5,oecd_openalex_ai_research_publications|KOR|2016-01-01|2016-12-31|source_publications_measure,mapped_to_master_schema,"Source figure: oecd_openalex_ai_research_publications; source chapter: OECD.AI OpenAlex data | South Korea AI research publication time series from the OECD.AI OpenAlex extract; useful for research output trends. | {""ai_concept"": ""All AI research"", ""country_code"": ""KOR"", ""impact_level"": ""All works"", ""pub_type"": ""All publication types""} | Original fields: {""Country/territory"": ""KOR"", ""Country/territory_label"": ""Korea"", ""ai_concept"": ""All AI research"", ""impact_level"": ""All works"", ""metadata"": ""Description:\nOpenAlex is a free, open, and comprehensive index of scholarly papers, authors, institutions, and more.\nIt is a successor to Microsoft Academic Graph (MAG) and is designed to be a resource for researchers,\ndevelopers and data scientists."", ""pub_type"": ""All publication types"", ""publications"": ""1.7313769299643953"", ""year"": ""2016""}"
obs_98257bdff484a2,oecd_openalex_ai_research_publications,"OECD.AI OpenAlex AI research publications by country, 2000-2026","Models, Research, and Funding",AI research publications,KOR,South Korea,KOR/USA/CHN,annual,2017,2017-01-01,2017-12-31,2017,1.8059127432521176,1.8059127432521176,source publications measure,source_publications_measure,1.8059127432521176,Numeric value parsed; no unit conversion applied.,observed_metric,oecd_ai_openalex_existing,OpenAlex AI research publications extract,,oecd-ai-data\data.csv,,2026-05-03T06:51:20+00:00,medium_high,South Korea AI research publication time series from the OECD.AI OpenAlex extract; useful for research output trends.,True,Only observation for indicator/country/period/unit.,5,oecd_openalex_ai_research_publications|KOR|2017-01-01|2017-12-31|source_publications_measure,mapped_to_master_schema,"Source figure: oecd_openalex_ai_research_publications; source chapter: OECD.AI OpenAlex data | South Korea AI research publication time series from the OECD.AI OpenAlex extract; useful for research output trends. | {""ai_concept"": ""All AI research"", ""country_code"": ""KOR"", ""impact_level"": ""All works"", ""pub_type"": ""All publication types""} | Original fields: {""Country/territory"": ""KOR"", ""Country/territory_label"": ""Korea"", ""ai_concept"": ""All AI research"", ""impact_level"": ""All works"", ""metadata"": ""Description:\nOpenAlex is a free, open, and comprehensive index of scholarly papers, authors, institutions, and more.\nIt is a successor to Microsoft Academic Graph (MAG) and is designed to be a resource for researchers,\ndevelopers and data scientists."", ""pub_type"": ""All publication types"", ""publications"": ""1.8059127432521176"", ""year"": ""2017""}"
obs_360e97160260a6,oecd_openalex_ai_research_publications,"OECD.AI OpenAlex AI research publications by country, 2000-2026","Models, Research, and Funding",AI research publications,KOR,South Korea,KOR/USA/CHN,annual,2018,2018-01-01,2018-12-31,2018,1.9063144748065268,1.9063144748065268,source publications measure,source_publications_measure,1.9063144748065268,Numeric value parsed; no unit conversion applied.,observed_metric,oecd_ai_openalex_existing,OpenAlex AI research publications extract,,oecd-ai-data\data.csv,,2026-05-03T06:51:20+00:00,medium_high,South Korea AI research publication time series from the OECD.AI OpenAlex extract; useful for research output trends.,True,Only observation for indicator/country/period/unit.,5,oecd_openalex_ai_research_publications|KOR|2018-01-01|2018-12-31|source_publications_measure,mapped_to_master_schema,"Source figure: oecd_openalex_ai_research_publications; source chapter: OECD.AI OpenAlex data | South Korea AI research publication time series from the OECD.AI OpenAlex extract; useful for research output trends. | {""ai_concept"": ""All AI research"", ""country_code"": ""KOR"", ""impact_level"": ""All works"", ""pub_type"": ""All publication types""} | Original fields: {""Country/territory"": ""KOR"", ""Country/territory_label"": ""Korea"", ""ai_concept"": ""All AI research"", ""impact_level"": ""All works"", ""metadata"": ""Description:\nOpenAlex is a free, open, and comprehensive index of scholarly papers, authors, institutions, and more.\nIt is a successor to Microsoft Academic Graph (MAG) and is designed to be a resource for researchers,\ndevelopers and data scientists."", ""pub_type"": ""All publication types"", ""publications"": ""1.9063144748065268"", ""year"": ""2018""}"
obs_981e0cfb8ae0ed,oecd_openalex_ai_research_publications,"OECD.AI OpenAlex AI research publications by country, 2000-2026","Models, Research, and Funding",AI research publications,KOR,South Korea,KOR/USA/CHN,annual,2019,2019-01-01,2019-12-31,2019,2.0205173636534175,2.0205173636534175,source publications measure,source_publications_measure,2.0205173636534175,Numeric value parsed; no unit conversion applied.,observed_metric,oecd_ai_openalex_existing,OpenAlex AI research publications extract,,oecd-ai-data\data.csv,,2026-05-03T06:51:20+00:00,medium_high,South Korea AI research publication time series from the OECD.AI OpenAlex extract; useful for research output trends.,True,Only observation for indicator/country/period/unit.,5,oecd_openalex_ai_research_publications|KOR|2019-01-01|2019-12-31|source_publications_measure,mapped_to_master_schema,"Source figure: oecd_openalex_ai_research_publications; source chapter: OECD.AI OpenAlex data | South Korea AI research publication time series from the OECD.AI OpenAlex extract; useful for research output trends. | {""ai_concept"": ""All AI research"", ""country_code"": ""KOR"", ""impact_level"": ""All works"", ""pub_type"": ""All publication types""} | Original fields: {""Country/territory"": ""KOR"", ""Country/territory_label"": ""Korea"", ""ai_concept"": ""All AI research"", ""impact_level"": ""All works"", ""metadata"": ""Description:\nOpenAlex is a free, open, and comprehensive index of scholarly papers, authors, institutions, and more.\nIt is a successor to Microsoft Academic Graph (MAG) and is designed to be a resource for researchers,\ndevelopers and data scientists."", ""pub_type"": ""All publication types"", ""publications"": ""2.0205173636534175"", ""year"": ""2019""}"
obs_fc8f04aec664de,oecd_openalex_ai_research_publications,"OECD.AI OpenAlex AI research publications by country, 2000-2026","Models, Research, and Funding",AI research publications,KOR,South Korea,KOR/USA/CHN,annual,2020,2020-01-01,2020-12-31,2020,2.2156517276127667,2.2156517276127667,source publications measure,source_publications_measure,2.2156517276127667,Numeric value parsed; no unit conversion applied.,observed_metric,oecd_ai_openalex_existing,OpenAlex AI research publications extract,,oecd-ai-data\data.csv,,2026-05-03T06:51:20+00:00,medium_high,South Korea AI research publication time series from the OECD.AI OpenAlex extract; useful for research output trends.,True,Only observation for indicator/country/period/unit.,5,oecd_openalex_ai_research_publications|KOR|2020-01-01|2020-12-31|source_publications_measure,mapped_to_master_schema,"Source figure: oecd_openalex_ai_research_publications; source chapter: OECD.AI OpenAlex data | South Korea AI research publication time series from the OECD.AI OpenAlex extract; useful for research output trends. | {""ai_concept"": ""All AI research"", ""country_code"": ""KOR"", ""impact_level"": ""All works"", ""pub_type"": ""All publication types""} | Original fields: {""Country/territory"": ""KOR"", ""Country/territory_label"": ""Korea"", ""ai_concept"": ""All AI research"", ""impact_level"": ""All works"", ""metadata"": ""Description:\nOpenAlex is a free, open, and comprehensive index of scholarly papers, authors, institutions, and more.\nIt is a successor to Microsoft Academic Graph (MAG) and is designed to be a resource for researchers,\ndevelopers and data scientists."", ""pub_type"": ""All publication types"", ""publications"": ""2.2156517276127667"", ""year"": ""2020""}"
obs_f6c17768e15210,oecd_openalex_ai_research_publications,"OECD.AI OpenAlex AI research publications by country, 2000-2026","Models, Research, and Funding",AI research publications,KOR,South Korea,KOR/USA/CHN,annual,2021,2021-01-01,2021-12-31,2021,2.211554581370995,2.211554581370995,source publications measure,source_publications_measure,2.211554581370995,Numeric value parsed; no unit conversion applied.,observed_metric,oecd_ai_openalex_existing,OpenAlex AI research publications extract,,oecd-ai-data\data.csv,,2026-05-03T06:51:20+00:00,medium_high,South Korea AI research publication time series from the OECD.AI OpenAlex extract; useful for research output trends.,True,Only observation for indicator/country/period/unit.,5,oecd_openalex_ai_research_publications|KOR|2021-01-01|2021-12-31|source_publications_measure,mapped_to_master_schema,"Source figure: oecd_openalex_ai_research_publications; source chapter: OECD.AI OpenAlex data | South Korea AI research publication time series from the OECD.AI OpenAlex extract; useful for research output trends. | {""ai_concept"": ""All AI research"", ""country_code"": ""KOR"", ""impact_level"": ""All works"", ""pub_type"": ""All publication types""} | Original fields: {""Country/territory"": ""KOR"", ""Country/territory_label"": ""Korea"", ""ai_concept"": ""All AI research"", ""impact_level"": ""All works"", ""metadata"": ""Description:\nOpenAlex is a free, open, and comprehensive index of scholarly papers, authors, institutions, and more.\nIt is a successor to Microsoft Academic Graph (MAG) and is designed to be a resource for researchers,\ndevelopers and data scientists."", ""pub_type"": ""All publication types"", ""publications"": ""2.211554581370995"", ""year"": ""2021""}"
obs_7acea289c6389f,oecd_openalex_ai_research_publications,"OECD.AI OpenAlex AI research publications by country, 2000-2026","Models, Research, and Funding",AI research publications,KOR,South Korea,KOR/USA/CHN,annual,2022,2022-01-01,2022-12-31,2022,2.1413834893756425,2.1413834893756425,source publications measure,source_publications_measure,2.1413834893756425,Numeric value parsed; no unit conversion applied.,observed_metric,oecd_ai_openalex_existing,OpenAlex AI research publications extract,,oecd-ai-data\data.csv,,2026-05-03T06:51:20+00:00,medium_high,South Korea AI research publication time series from the OECD.AI OpenAlex extract; useful for research output trends.,True,Only observation for indicator/country/period/unit.,5,oecd_openalex_ai_research_publications|KOR|2022-01-01|2022-12-31|source_publications_measure,mapped_to_master_schema,"Source figure: oecd_openalex_ai_research_publications; source chapter: OECD.AI OpenAlex data | South Korea AI research publication time series from the OECD.AI OpenAlex extract; useful for research output trends. | {""ai_concept"": ""All AI research"", ""country_code"": ""KOR"", ""impact_level"": ""All works"", ""pub_type"": ""All publication types""} | Original fields: {""Country/territory"": ""KOR"", ""Country/territory_label"": ""Korea"", ""ai_concept"": ""All AI research"", ""impact_level"": ""All works"", ""metadata"": ""Description:\nOpenAlex is a free, open, and comprehensive index of scholarly papers, authors, institutions, and more.\nIt is a successor to Microsoft Academic Graph (MAG) and is designed to be a resource for researchers,\ndevelopers and data scientists."", ""pub_type"": ""All publication types"", ""publications"": ""2.1413834893756425"", ""year"": ""2022""}"
obs_6be821fa336967,oecd_openalex_ai_research_publications,"OECD.AI OpenAlex AI research publications by country, 2000-2026","Models, Research, and Funding",AI research publications,KOR,South Korea,KOR/USA/CHN,annual,2023,2023-01-01,2023-12-31,2023,2.2204099595874407,2.2204099595874407,source publications measure,source_publications_measure,2.2204099595874407,Numeric value parsed; no unit conversion applied.,observed_metric,oecd_ai_openalex_existing,OpenAlex AI research publications extract,,oecd-ai-data\data.csv,,2026-05-03T06:51:20+00:00,medium_high,South Korea AI research publication time series from the OECD.AI OpenAlex extract; useful for research output trends.,True,Only observation for indicator/country/period/unit.,5,oecd_openalex_ai_research_publications|KOR|2023-01-01|2023-12-31|source_publications_measure,mapped_to_master_schema,"Source figure: oecd_openalex_ai_research_publications; source chapter: OECD.AI OpenAlex data | South Korea AI research publication time series from the OECD.AI OpenAlex extract; useful for research output trends. | {""ai_concept"": ""All AI research"", ""country_code"": ""KOR"", ""impact_level"": ""All works"", ""pub_type"": ""All publication types""} | Original fields: {""Country/territory"": ""KOR"", ""Country/territory_label"": ""Korea"", ""ai_concept"": ""All AI research"", ""impact_level"": ""All works"", ""metadata"": ""Description:\nOpenAlex is a free, open, and comprehensive index of scholarly papers, authors, institutions, and more.\nIt is a successor to Microsoft Academic Graph (MAG) and is designed to be a resource for researchers,\ndevelopers and data scientists."", ""pub_type"": ""All publication types"", ""publications"": ""2.2204099595874407"", ""year"": ""2023""}"
obs_75318aed00125b,oecd_openalex_ai_research_publications,"OECD.AI OpenAlex AI research publications by country, 2000-2026","Models, Research, and Funding",AI research publications,KOR,South Korea,KOR/USA/CHN,annual,2024,2024-01-01,2024-12-31,2024,2.1367371023140516,2.1367371023140516,source publications measure,source_publications_measure,2.1367371023140516,Numeric value parsed; no unit conversion applied.,observed_metric,oecd_ai_openalex_existing,OpenAlex AI research publications extract,,oecd-ai-data\data.csv,,2026-05-03T06:51:20+00:00,medium_high,South Korea AI research publication time series from the OECD.AI OpenAlex extract; useful for research output trends.,True,Only observation for indicator/country/period/unit.,5,oecd_openalex_ai_research_publications|KOR|2024-01-01|2024-12-31|source_publications_measure,mapped_to_master_schema,"Source figure: oecd_openalex_ai_research_publications; source chapter: OECD.AI OpenAlex data | South Korea AI research publication time series from the OECD.AI OpenAlex extract; useful for research output trends. | {""ai_concept"": ""All AI research"", ""country_code"": ""KOR"", ""impact_level"": ""All works"", ""pub_type"": ""All publication types""} | Original fields: {""Country/territory"": ""KOR"", ""Country/territory_label"": ""Korea"", ""ai_concept"": ""All AI research"", ""impact_level"": ""All works"", ""metadata"": ""Description:\nOpenAlex is a free, open, and comprehensive index of scholarly papers, authors, institutions, and more.\nIt is a successor to Microsoft Academic Graph (MAG) and is designed to be a resource for researchers,\ndevelopers and data scientists."", ""pub_type"": ""All publication types"", ""publications"": ""2.1367371023140516"", ""year"": ""2024""}"
obs_cd7f448264b5df,oecd_openalex_ai_research_publications,"OECD.AI OpenAlex AI research publications by country, 2000-2026","Models, Research, and Funding",AI research publications,KOR,South Korea,KOR/USA/CHN,annual,2025,2025-01-01,2025-12-31,2025,1.3602780163476407,1.3602780163476407,source publications measure,source_publications_measure,1.3602780163476407,Numeric value parsed; no unit conversion applied.,observed_metric,oecd_ai_openalex_existing,OpenAlex AI research publications extract,,oecd-ai-data\data.csv,,2026-05-03T06:51:20+00:00,medium_high,South Korea AI research publication time series from the OECD.AI OpenAlex extract; useful for research output trends.,True,Only observation for indicator/country/period/unit.,5,oecd_openalex_ai_research_publications|KOR|2025-01-01|2025-12-31|source_publications_measure,mapped_to_master_schema,"Source figure: oecd_openalex_ai_research_publications; source chapter: OECD.AI OpenAlex data | South Korea AI research publication time series from the OECD.AI OpenAlex extract; useful for research output trends. | {""ai_concept"": ""All AI research"", ""country_code"": ""KOR"", ""impact_level"": ""All works"", ""pub_type"": ""All publication types""} | Original fields: {""Country/territory"": ""KOR"", ""Country/territory_label"": ""Korea"", ""ai_concept"": ""All AI research"", ""impact_level"": ""All works"", ""metadata"": ""Description:\nOpenAlex is a free, open, and comprehensive index of scholarly papers, authors, institutions, and more.\nIt is a successor to Microsoft Academic Graph (MAG) and is designed to be a resource for researchers,\ndevelopers and data scientists."", ""pub_type"": ""All publication types"", ""publications"": ""1.3602780163476407"", ""year"": ""2025""}"
obs_a9e7c52da6f13c,oecd_openalex_ai_research_publications,"OECD.AI OpenAlex AI research publications by country, 2000-2026","Models, Research, and Funding",AI research publications,KOR,South Korea,KOR/USA/CHN,annual,2026,2026-01-01,2026-12-31,2026,1.8205341676921392,1.8205341676921392,source publications measure,source_publications_measure,1.8205341676921392,Numeric value parsed; no unit conversion applied.,observed_metric,oecd_ai_openalex_existing,OpenAlex AI research publications extract,,oecd-ai-data\data.csv,,2026-05-03T06:51:20+00:00,medium_high,South Korea AI research publication time series from the OECD.AI OpenAlex extract; useful for research output trends.,True,Only observation for indicator/country/period/unit.,5,oecd_openalex_ai_research_publications|KOR|2026-01-01|2026-12-31|source_publications_measure,mapped_to_master_schema,"Source figure: oecd_openalex_ai_research_publications; source chapter: OECD.AI OpenAlex data | South Korea AI research publication time series from the OECD.AI OpenAlex extract; useful for research output trends. | {""ai_concept"": ""All AI research"", ""country_code"": ""KOR"", ""impact_level"": ""All works"", ""pub_type"": ""All publication types""} | Original fields: {""Country/territory"": ""KOR"", ""Country/territory_label"": ""Korea"", ""ai_concept"": ""All AI research"", ""impact_level"": ""All works"", ""metadata"": ""Description:\nOpenAlex is a free, open, and comprehensive index of scholarly papers, authors, institutions, and more.\nIt is a successor to Microsoft Academic Graph (MAG) and is designed to be a resource for researchers,\ndevelopers and data scientists."", ""pub_type"": ""All publication types"", ""publications"": ""1.8205341676921392"", ""year"": ""2026""}"
obs_73055ae9209598,physical_ai_exposure_pct,Workers exposed to physical AI/autonomous robots,Adoption and Industry,worker_adoption,KOR,South Korea,KOR/USA/CHN,annual,2025,2025-01-01,2025-12-31,2025,11.0,11.0,percent,percent,11.0,Percent value preserved.,survey_metric,bok_genai,AI's Rapid Spread and Productivity Effects Based on Household Surveys,https://www.bok.or.kr/portal/bbs/P0002353/view.do?depth=201150&menuNo=200433&nttId=10093071&oldMenuNo=201150&pageIndex=1&pageUnit=10&programType=newsData&searchCnd=1&searchKwd=,,,2026-05-03T04:50:04+00:00,medium_high,Survey estimate.,True,Only observation for indicator/country/period/unit.,2,physical_ai_exposure_pct|KOR|2025-01-01|2025-12-31|percent,mapped_to_master_schema,Current share exposed to physical AI/autonomous robots.
obs_3a41ff68347a88,private_ai_investment_usd,Private AI investment by country,"Models, Research, and Funding",funding,CHN,China,KOR/USA/CHN,annual,2013,2013-01-01,2013-12-31,2013,616584390.0,616584390.0,USD,USD,616584390.0,Numeric value parsed; no unit conversion applied.,index_metric,stanford_ai_index,AI Index Report Data,https://hai.stanford.edu/ai-index,,,2026-05-03T04:50:18+00:00,medium_high,Dataset methodology matters.,True,Only observation for indicator/country/period/unit.,5,private_ai_investment_usd|CHN|2013-01-01|2013-12-31|USD,mapped_to_master_schema,Stanford AI Index local figure fig_4.2.11.csv; billions converted to USD.
obs_ef714fe396947f,private_ai_investment_usd,Private AI investment by country,"Models, Research, and Funding",funding,CHN,China,KOR/USA/CHN,annual,2014,2014-01-01,2014-12-31,2014,673935556.0,673935556.0,USD,USD,673935556.0,Numeric value parsed; no unit conversion applied.,index_metric,stanford_ai_index,AI Index Report Data,https://hai.stanford.edu/ai-index,,,2026-05-03T04:50:18+00:00,medium_high,Dataset methodology matters.,True,Only observation for indicator/country/period/unit.,5,private_ai_investment_usd|CHN|2014-01-01|2014-12-31|USD,mapped_to_master_schema,Stanford AI Index local figure fig_4.2.11.csv; billions converted to USD.
obs_af6932b7248d7e,private_ai_investment_usd,Private AI investment by country,"Models, Research, and Funding",funding,CHN,China,KOR/USA/CHN,annual,2015,2015-01-01,2015-12-31,2015,2086373778.0,2086373778.0,USD,USD,2086373778.0,Numeric value parsed; no unit conversion applied.,index_metric,stanford_ai_index,AI Index Report Data,https://hai.stanford.edu/ai-index,,,2026-05-03T04:50:18+00:00,medium_high,Dataset methodology matters.,True,Only observation for indicator/country/period/unit.,5,private_ai_investment_usd|CHN|2015-01-01|2015-12-31|USD,mapped_to_master_schema,Stanford AI Index local figure fig_4.2.11.csv; billions converted to USD.
obs_cf5c8e9dd77d5c,private_ai_investment_usd,Private AI investment by country,"Models, Research, and Funding",funding,CHN,China,KOR/USA/CHN,annual,2016,2016-01-01,2016-12-31,2016,4519861251.0,4519861251.0,USD,USD,4519861251.0,Numeric value parsed; no unit conversion applied.,index_metric,stanford_ai_index,AI Index Report Data,https://hai.stanford.edu/ai-index,,,2026-05-03T04:50:18+00:00,medium_high,Dataset methodology matters.,True,Only observation for indicator/country/period/unit.,5,private_ai_investment_usd|CHN|2016-01-01|2016-12-31|USD,mapped_to_master_schema,Stanford AI Index local figure fig_4.2.11.csv; billions converted to USD.
obs_800b27d963bb97,private_ai_investment_usd,Private AI investment by country,"Models, Research, and Funding",funding,CHN,China,KOR/USA/CHN,annual,2017,2017-01-01,2017-12-31,2017,6616391256.0,6616391256.0,USD,USD,6616391256.0,Numeric value parsed; no unit conversion applied.,index_metric,stanford_ai_index,AI Index Report Data,https://hai.stanford.edu/ai-index,,,2026-05-03T04:50:18+00:00,medium_high,Dataset methodology matters.,True,Only observation for indicator/country/period/unit.,5,private_ai_investment_usd|CHN|2017-01-01|2017-12-31|USD,mapped_to_master_schema,Stanford AI Index local figure fig_4.2.11.csv; billions converted to USD.
obs_810109c583584a,private_ai_investment_usd,Private AI investment by country,"Models, Research, and Funding",funding,CHN,China,KOR/USA/CHN,annual,2018,2018-01-01,2018-12-31,2018,13965049606.0,13965049606.0,USD,USD,13965049606.0,Numeric value parsed; no unit conversion applied.,index_metric,stanford_ai_index,AI Index Report Data,https://hai.stanford.edu/ai-index,,,2026-05-03T04:50:18+00:00,medium_high,Dataset methodology matters.,True,Only observation for indicator/country/period/unit.,5,private_ai_investment_usd|CHN|2018-01-01|2018-12-31|USD,mapped_to_master_schema,Stanford AI Index local figure fig_4.2.11.csv; billions converted to USD.
obs_1589fb4d5db95c,private_ai_investment_usd,Private AI investment by country,"Models, Research, and Funding",funding,CHN,China,KOR/USA/CHN,annual,2019,2019-01-01,2019-12-31,2019,14054024816.0,14054024816.0,USD,USD,14054024816.0,Numeric value parsed; no unit conversion applied.,index_metric,stanford_ai_index,AI Index Report Data,https://hai.stanford.edu/ai-index,,,2026-05-03T04:50:18+00:00,medium_high,Dataset methodology matters.,True,Only observation for indicator/country/period/unit.,5,private_ai_investment_usd|CHN|2019-01-01|2019-12-31|USD,mapped_to_master_schema,Stanford AI Index local figure fig_4.2.11.csv; billions converted to USD.
obs_dd46c329d39739,private_ai_investment_usd,Private AI investment by country,"Models, Research, and Funding",funding,CHN,China,KOR/USA/CHN,annual,2020,2020-01-01,2020-12-31,2020,17069635911.999998,17069635911.999998,USD,USD,17069635911.999998,Numeric value parsed; no unit conversion applied.,index_metric,stanford_ai_index,AI Index Report Data,https://hai.stanford.edu/ai-index,,,2026-05-03T04:50:18+00:00,medium_high,Dataset methodology matters.,True,Only observation for indicator/country/period/unit.,5,private_ai_investment_usd|CHN|2020-01-01|2020-12-31|USD,mapped_to_master_schema,Stanford AI Index local figure fig_4.2.11.csv; billions converted to USD.
obs_9765da1c567e8d,private_ai_investment_usd,Private AI investment by country,"Models, Research, and Funding",funding,CHN,China,KOR/USA/CHN,annual,2021,2021-01-01,2021-12-31,2021,25891135000.0,25891135000.0,USD,USD,25891135000.0,Numeric value parsed; no unit conversion applied.,index_metric,stanford_ai_index,AI Index Report Data,https://hai.stanford.edu/ai-index,,,2026-05-03T04:50:18+00:00,medium_high,Dataset methodology matters.,True,Only observation for indicator/country/period/unit.,5,private_ai_investment_usd|CHN|2021-01-01|2021-12-31|USD,mapped_to_master_schema,Stanford AI Index local figure fig_4.2.11.csv; billions converted to USD.
obs_b057436482b1c3,private_ai_investment_usd,Private AI investment by country,"Models, Research, and Funding",funding,CHN,China,KOR/USA/CHN,annual,2022,2022-01-01,2022-12-31,2022,15068451929.0,15068451929.0,USD,USD,15068451929.0,Numeric value parsed; no unit conversion applied.,index_metric,stanford_ai_index,AI Index Report Data,https://hai.stanford.edu/ai-index,,,2026-05-03T04:50:18+00:00,medium_high,Dataset methodology matters.,True,Only observation for indicator/country/period/unit.,5,private_ai_investment_usd|CHN|2022-01-01|2022-12-31|USD,mapped_to_master_schema,Stanford AI Index local figure fig_4.2.11.csv; billions converted to USD.
obs_ad647bd60aad34,private_ai_investment_usd,Private AI investment by country,"Models, Research, and Funding",funding,CHN,China,KOR/USA/CHN,annual,2023,2023-01-01,2023-12-31,2023,9468041482.0,9468041482.0,USD,USD,9468041482.0,Numeric value parsed; no unit conversion applied.,index_metric,stanford_ai_index,AI Index Report Data,https://hai.stanford.edu/ai-index,,,2026-05-03T04:50:18+00:00,medium_high,Dataset methodology matters.,True,Only observation for indicator/country/period/unit.,5,private_ai_investment_usd|CHN|2023-01-01|2023-12-31|USD,mapped_to_master_schema,Stanford AI Index local figure fig_4.2.11.csv; billions converted to USD.
obs_2f41a3646835b4,private_ai_investment_usd,Private AI investment by country,"Models, Research, and Funding",funding,CHN,China,KOR/USA/CHN,annual,2024,2024-01-01,2024-12-31,2024,9387937350.0,9387937350.0,USD,USD,9387937350.0,Numeric value parsed; no unit conversion applied.,index_metric,stanford_ai_index,AI Index Report Data,https://hai.stanford.edu/ai-index,,,2026-05-03T04:50:18+00:00,medium_high,Dataset methodology matters.,True,Only observation for indicator/country/period/unit.,5,private_ai_investment_usd|CHN|2024-01-01|2024-12-31|USD,mapped_to_master_schema,Stanford AI Index local figure fig_4.2.11.csv; billions converted to USD.
obs_4b19e93780e0e4,private_ai_investment_usd,Private AI investment by country,"Models, Research, and Funding",funding,CHN,China,KOR/USA/CHN,annual,2025,2025-01-01,2025-12-31,2025,12412093488.0,12412093488.0,USD,USD,12412093488.0,Numeric value parsed; no unit conversion applied.,index_metric,stanford_ai_index,AI Index Report Data,https://hai.stanford.edu/ai-index,,,2026-05-03T04:50:18+00:00,medium_high,Dataset methodology matters.,True,Only observation for indicator/country/period/unit.,5,private_ai_investment_usd|CHN|2025-01-01|2025-12-31|USD,mapped_to_master_schema,Stanford AI Index local figure fig_4.2.11.csv; billions converted to USD.
obs_b4ef460ce6269d,private_ai_investment_usd,Private AI investment by country,"Models, Research, and Funding",funding,USA,United States,KOR/USA/CHN,annual,2013,2013-01-01,2013-12-31,2013,3620671948.0,3620671948.0,USD,USD,3620671948.0,Numeric value parsed; no unit conversion applied.,index_metric,stanford_ai_index,AI Index Report Data,https://hai.stanford.edu/ai-index,,,2026-05-03T04:50:18+00:00,medium_high,Dataset methodology matters.,True,Only observation for indicator/country/period/unit.,5,private_ai_investment_usd|USA|2013-01-01|2013-12-31|USD,mapped_to_master_schema,Stanford AI Index local figure fig_4.2.11.csv; billions converted to USD.
obs_ddfcc5d742be42,private_ai_investment_usd,Private AI investment by country,"Models, Research, and Funding",funding,USA,United States,KOR/USA/CHN,annual,2014,2014-01-01,2014-12-31,2014,6957072547.0,6957072547.0,USD,USD,6957072547.0,Numeric value parsed; no unit conversion applied.,index_metric,stanford_ai_index,AI Index Report Data,https://hai.stanford.edu/ai-index,,,2026-05-03T04:50:18+00:00,medium_high,Dataset methodology matters.,True,Only observation for indicator/country/period/unit.,5,private_ai_investment_usd|USA|2014-01-01|2014-12-31|USD,mapped_to_master_schema,Stanford AI Index local figure fig_4.2.11.csv; billions converted to USD.
obs_0ffdfb1087833c,private_ai_investment_usd,Private AI investment by country,"Models, Research, and Funding",funding,USA,United States,KOR/USA/CHN,annual,2015,2015-01-01,2015-12-31,2015,9300375238.0,9300375238.0,USD,USD,9300375238.0,Numeric value parsed; no unit conversion applied.,index_metric,stanford_ai_index,AI Index Report Data,https://hai.stanford.edu/ai-index,,,2026-05-03T04:50:18+00:00,medium_high,Dataset methodology matters.,True,Only observation for indicator/country/period/unit.,5,private_ai_investment_usd|USA|2015-01-01|2015-12-31|USD,mapped_to_master_schema,Stanford AI Index local figure fig_4.2.11.csv; billions converted to USD.
obs_2ad2df84b17567,private_ai_investment_usd,Private AI investment by country,"Models, Research, and Funding",funding,USA,United States,KOR/USA/CHN,annual,2016,2016-01-01,2016-12-31,2016,10154275927.0,10154275927.0,USD,USD,10154275927.0,Numeric value parsed; no unit conversion applied.,index_metric,stanford_ai_index,AI Index Report Data,https://hai.stanford.edu/ai-index,,,2026-05-03T04:50:18+00:00,medium_high,Dataset methodology matters.,True,Only observation for indicator/country/period/unit.,5,private_ai_investment_usd|USA|2016-01-01|2016-12-31|USD,mapped_to_master_schema,Stanford AI Index local figure fig_4.2.11.csv; billions converted to USD.
obs_9d4c1909609cdd,private_ai_investment_usd,Private AI investment by country,"Models, Research, and Funding",funding,USA,United States,KOR/USA/CHN,annual,2017,2017-01-01,2017-12-31,2017,14065456072.0,14065456072.0,USD,USD,14065456072.0,Numeric value parsed; no unit conversion applied.,index_metric,stanford_ai_index,AI Index Report Data,https://hai.stanford.edu/ai-index,,,2026-05-03T04:50:18+00:00,medium_high,Dataset methodology matters.,True,Only observation for indicator/country/period/unit.,5,private_ai_investment_usd|USA|2017-01-01|2017-12-31|USD,mapped_to_master_schema,Stanford AI Index local figure fig_4.2.11.csv; billions converted to USD.
obs_3d6079fef16787,private_ai_investment_usd,Private AI investment by country,"Models, Research, and Funding",funding,USA,United States,KOR/USA/CHN,annual,2018,2018-01-01,2018-12-31,2018,21051400722.0,21051400722.0,USD,USD,21051400722.0,Numeric value parsed; no unit conversion applied.,index_metric,stanford_ai_index,AI Index Report Data,https://hai.stanford.edu/ai-index,,,2026-05-03T04:50:18+00:00,medium_high,Dataset methodology matters.,True,Only observation for indicator/country/period/unit.,5,private_ai_investment_usd|USA|2018-01-01|2018-12-31|USD,mapped_to_master_schema,Stanford AI Index local figure fig_4.2.11.csv; billions converted to USD.
obs_88668c5548282e,private_ai_investment_usd,Private AI investment by country,"Models, Research, and Funding",funding,USA,United States,KOR/USA/CHN,annual,2019,2019-01-01,2019-12-31,2019,32073515772.0,32073515772.0,USD,USD,32073515772.0,Numeric value parsed; no unit conversion applied.,index_metric,stanford_ai_index,AI Index Report Data,https://hai.stanford.edu/ai-index,,,2026-05-03T04:50:18+00:00,medium_high,Dataset methodology matters.,True,Only observation for indicator/country/period/unit.,5,private_ai_investment_usd|USA|2019-01-01|2019-12-31|USD,mapped_to_master_schema,Stanford AI Index local figure fig_4.2.11.csv; billions converted to USD.
obs_059c21796c4569,private_ai_investment_usd,Private AI investment by country,"Models, Research, and Funding",funding,USA,United States,KOR/USA/CHN,annual,2020,2020-01-01,2020-12-31,2020,44216815156.0,44216815156.0,USD,USD,44216815156.0,Numeric value parsed; no unit conversion applied.,index_metric,stanford_ai_index,AI Index Report Data,https://hai.stanford.edu/ai-index,,,2026-05-03T04:50:18+00:00,medium_high,Dataset methodology matters.,True,Only observation for indicator/country/period/unit.,5,private_ai_investment_usd|USA|2020-01-01|2020-12-31|USD,mapped_to_master_schema,Stanford AI Index local figure fig_4.2.11.csv; billions converted to USD.
obs_882c00d6cb3657,private_ai_investment_usd,Private AI investment by country,"Models, Research, and Funding",funding,USA,United States,KOR/USA/CHN,annual,2021,2021-01-01,2021-12-31,2021,86855559397.0,86855559397.0,USD,USD,86855559397.0,Numeric value parsed; no unit conversion applied.,index_metric,stanford_ai_index,AI Index Report Data,https://hai.stanford.edu/ai-index,,,2026-05-03T04:50:18+00:00,medium_high,Dataset methodology matters.,True,Only observation for indicator/country/period/unit.,5,private_ai_investment_usd|USA|2021-01-01|2021-12-31|USD,mapped_to_master_schema,Stanford AI Index local figure fig_4.2.11.csv; billions converted to USD.
obs_37e70e06c64a31,private_ai_investment_usd,Private AI investment by country,"Models, Research, and Funding",funding,USA,United States,KOR/USA/CHN,annual,2022,2022-01-01,2022-12-31,2022,61185077969.0,61185077969.0,USD,USD,61185077969.0,Numeric value parsed; no unit conversion applied.,index_metric,stanford_ai_index,AI Index Report Data,https://hai.stanford.edu/ai-index,,,2026-05-03T04:50:18+00:00,medium_high,Dataset methodology matters.,True,Only observation for indicator/country/period/unit.,5,private_ai_investment_usd|USA|2022-01-01|2022-12-31|USD,mapped_to_master_schema,Stanford AI Index local figure fig_4.2.11.csv; billions converted to USD.
obs_db48c720f8a9c5,private_ai_investment_usd,Private AI investment by country,"Models, Research, and Funding",funding,USA,United States,KOR/USA/CHN,annual,2023,2023-01-01,2023-12-31,2023,72364764946.0,72364764946.0,USD,USD,72364764946.0,Numeric value parsed; no unit conversion applied.,index_metric,stanford_ai_index,AI Index Report Data,https://hai.stanford.edu/ai-index,,,2026-05-03T04:50:18+00:00,medium_high,Dataset methodology matters.,True,Only observation for indicator/country/period/unit.,5,private_ai_investment_usd|USA|2023-01-01|2023-12-31|USD,mapped_to_master_schema,Stanford AI Index local figure fig_4.2.11.csv; billions converted to USD.
obs_0c2e22c7ffeaf8,private_ai_investment_usd,Private AI investment by country,"Models, Research, and Funding",funding,USA,United States,KOR/USA/CHN,annual,2024,2024-01-01,2024-12-31,2024,109547864789.0,109547864789.0,USD,USD,109547864789.0,Numeric value parsed; no unit conversion applied.,index_metric,stanford_ai_index,AI Index Report Data,https://hai.stanford.edu/ai-index,,,2026-05-03T04:50:18+00:00,medium_high,Dataset methodology matters.,True,Only observation for indicator/country/period/unit.,5,private_ai_investment_usd|USA|2024-01-01|2024-12-31|USD,mapped_to_master_schema,Stanford AI Index local figure fig_4.2.11.csv; billions converted to USD.
obs_9bc97647ce0c88,private_ai_investment_usd,Private AI investment by country,"Models, Research, and Funding",funding,USA,United States,KOR/USA/CHN,annual,2025,2025-01-01,2025-12-31,2025,285875311074.0,285875311074.0,USD,USD,285875311074.0,Numeric value parsed; no unit conversion applied.,index_metric,stanford_ai_index,AI Index Report Data,https://hai.stanford.edu/ai-index,,,2026-05-03T04:50:18+00:00,medium_high,Dataset methodology matters.,True,Only observation for indicator/country/period/unit.,5,private_ai_investment_usd|USA|2025-01-01|2025-12-31|USD,mapped_to_master_schema,Stanford AI Index local figure fig_4.2.11.csv; billions converted to USD.
obs_b2a6d78ec96d46,public_gpu_procurement_budget_krw,Public GPU procurement budget,Compute and Data Centers,compute,KOR,South Korea,KOR/USA/CHN,annual,2025,2025-01-01,2025-12-31,2025,1460000000000.0,1460000000000.0,KRW,KRW,1460000000000.0,Numeric value parsed; no unit conversion applied.,official_target,msit_gpu_procurement,GPU Procurement Project Selects Participants,https://www.msit.go.kr/eng/bbs/view.do?bbsSeqNo=42&mId=4&mPid=2&nttSeqNo=1155&pageIndex=&sCode=eng&searchOpt=ALL&searchTxt=,,,2026-05-03T04:49:59+00:00,high,Budget/target.,True,Only observation for indicator/country/period/unit.,2,public_gpu_procurement_budget_krw|KOR|2025-01-01|2025-12-31|KRW,mapped_to_master_schema,First supplementary budget amount for GPU procurement.
obs_217e84d6c21d49,public_gpu_procurement_count,Public GPU procurement count,Compute and Data Centers,compute,KOR,South Korea,KOR/USA/CHN,annual,2025,2025-01-01,2025-12-31,2025,13000.0,13000.0,GPU count,count,13000.0,Numeric value parsed; no unit conversion applied.,official_target,msit_gpu_procurement,GPU Procurement Project Selects Participants,https://www.msit.go.kr/eng/bbs/view.do?bbsSeqNo=42&mId=4&mPid=2&nttSeqNo=1155&pageIndex=&sCode=eng&searchOpt=ALL&searchTxt=,,,2026-05-03T04:49:59+00:00,high,Procurement/target; verify achieved deployment separately.,True,Only observation for indicator/country/period/unit.,2,public_gpu_procurement_count|KOR|2025-01-01|2025-12-31|count,mapped_to_master_schema,Total GPUs to be secured under public-private GPU procurement.
obs_96bd364678452a,robot_density_manufacturing,"Industrial robots per 10,000 manufacturing workers",Adoption and Industry,adoption,CHN,China,KOR/USA/CHN,annual,2024,2024-01-01,2024-12-31,2024,166.0,166.0,robots per 10k workers,robots per 10k workers,166.0,Numeric value parsed; no unit conversion applied.,observed_metric,ifr_robotics,IFR World Robotics press releases,https://ifr.org/ifr-press-releases/news/robot-density-surges-in-europe-asia-and-americas,,,2026-05-03T04:50:03+00:00,medium_high,IFR methodology.,True,Only observation for indicator/country/period/unit.,6,robot_density_manufacturing|CHN|2024-01-01|2024-12-31|robots per 10k workers,mapped_to_master_schema,IFR press-release value for robot density in manufacturing.
obs_5adee1140e519c,robot_density_manufacturing,"Industrial robots per 10,000 manufacturing workers",Adoption and Industry,adoption,KOR,South Korea,KOR/USA/CHN,annual,2024,2024-01-01,2024-12-31,2024,1220.0,1220.0,robots per 10k workers,robots per 10k workers,1220.0,Numeric value parsed; no unit conversion applied.,observed_metric,ifr_robotics,IFR World Robotics press releases,https://ifr.org/ifr-press-releases/news/robot-density-surges-in-europe-asia-and-americas,,,2026-05-03T04:50:03+00:00,medium_high,IFR methodology.,True,Only observation for indicator/country/period/unit.,6,robot_density_manufacturing|KOR|2024-01-01|2024-12-31|robots per 10k workers,mapped_to_master_schema,IFR press-release value for robot density in manufacturing.
obs_aaf6f54d3f7d7d,robot_density_manufacturing,"Industrial robots per 10,000 manufacturing workers",Adoption and Industry,adoption,USA,United States,KOR/USA/CHN,annual,2024,2024-01-01,2024-12-31,2024,307.0,307.0,robots per 10k workers,robots per 10k workers,307.0,Numeric value parsed; no unit conversion applied.,observed_metric,ifr_robotics,IFR World Robotics press releases,https://ifr.org/ifr-press-releases/news/robot-density-surges-in-europe-asia-and-americas,,,2026-05-03T04:50:03+00:00,medium_high,IFR methodology.,True,Only observation for indicator/country/period/unit.,6,robot_density_manufacturing|USA|2024-01-01|2024-12-31|robots per 10k workers,mapped_to_master_schema,IFR press-release value for robot density in manufacturing.
obs_c0b0f7a2544c1c,smart_manufacturing_ai_projects_2026,AI/autonomous/smart factory support projects,Adoption and Industry,adoption,KOR,South Korea,KOR/USA/CHN,annual,2026,2026-01-01,2026-12-31,2026,450.0,450.0,count,count,450.0,Numeric value parsed; no unit conversion applied.,official_target,mss_smart_manufacturing,2026 Smart Manufacturing Innovation Support Program,https://www.mss.go.kr/site/eng/ex/bbs/View.do?bcIdx=1062921&cbIdx=244,,,2026-05-03T04:50:07+00:00,high,Program target/support count.,True,Only observation for indicator/country/period/unit.,2,smart_manufacturing_ai_projects_2026|KOR|2026-01-01|2026-12-31|count,mapped_to_master_schema,"Approximate total support projects: autonomous factories, AI-specialized smart factories, and AI tracks."
obs_cc49e358542dd8,top500_system_count,Number of TOP500 systems by country,Compute and Data Centers,compute,CHN,China,KOR/USA/CHN,annual,2025,2025-01-01,2025-12-31,2025,40.0,40.0,count,count,40.0,Numeric value parsed; no unit conversion applied.,observed_metric,top500,TOP500 list statistics and current list,https://top500.org/lists/top500/2025/11/download/TOP500_202511.xlsx,,,2026-05-03T04:50:17+00:00,medium_high,Public ranked systems only.,True,Only observation for indicator/country/period/unit.,5,top500_system_count|CHN|2025-01-01|2025-12-31|count,mapped_to_master_schema,Count from TOP500 downloadable current list.
obs_cbb69903f0cb17,top500_system_count,Number of TOP500 systems by country,Compute and Data Centers,compute,KOR,South Korea,KOR/USA/CHN,annual,2025,2025-01-01,2025-12-31,2025,15.0,15.0,count,count,15.0,Numeric value parsed; no unit conversion applied.,observed_metric,top500,TOP500 list statistics and current list,https://top500.org/lists/top500/2025/11/download/TOP500_202511.xlsx,,,2026-05-03T04:50:17+00:00,medium_high,Public ranked systems only.,True,Only observation for indicator/country/period/unit.,5,top500_system_count|KOR|2025-01-01|2025-12-31|count,mapped_to_master_schema,Count from TOP500 downloadable current list.
obs_65184b2c7a4699,top500_system_count,Number of TOP500 systems by country,Compute and Data Centers,compute,USA,United States,KOR/USA/CHN,annual,2025,2025-01-01,2025-12-31,2025,171.0,171.0,count,count,171.0,Numeric value parsed; no unit conversion applied.,observed_metric,top500,TOP500 list statistics and current list,https://top500.org/lists/top500/2025/11/download/TOP500_202511.xlsx,,,2026-05-03T04:50:17+00:00,medium_high,Public ranked systems only.,True,Only observation for indicator/country/period/unit.,5,top500_system_count|USA|2025-01-01|2025-12-31|count,mapped_to_master_schema,Count from TOP500 downloadable current list.
obs_125e1b61c40d8c,top500_total_rmax_pflops,Total TOP500 Rmax performance by country,Compute and Data Centers,compute,CHN,China,KOR/USA/CHN,annual,2025,2025-01-01,2025-12-31,2025,204.93361388,204.93361388,PFLOP/s,PFLOP/s,204.93361388,Numeric value parsed; no unit conversion applied.,observed_metric,top500,TOP500 list statistics and current list,https://top500.org/lists/top500/2025/11/download/TOP500_202511.xlsx,,,2026-05-03T04:50:17+00:00,medium_high,Benchmarked HPC only; not all private AI clusters submit.,True,Only observation for indicator/country/period/unit.,5,top500_total_rmax_pflops|CHN|2025-01-01|2025-12-31|PFLOP/s,mapped_to_master_schema,"Rmax column parsed from TOP500 downloadable list; if source column is TFlop/s, value converted to PFLOP/s."
obs_148d6d6f08c792,top500_total_rmax_pflops,Total TOP500 Rmax performance by country,Compute and Data Centers,compute,KOR,South Korea,KOR/USA/CHN,annual,2025,2025-01-01,2025-12-31,2025,323.1149,323.1149,PFLOP/s,PFLOP/s,323.1149,Numeric value parsed; no unit conversion applied.,observed_metric,top500,TOP500 list statistics and current list,https://top500.org/lists/top500/2025/11/download/TOP500_202511.xlsx,,,2026-05-03T04:50:17+00:00,medium_high,Benchmarked HPC only; not all private AI clusters submit.,True,Only observation for indicator/country/period/unit.,5,top500_total_rmax_pflops|KOR|2025-01-01|2025-12-31|PFLOP/s,mapped_to_master_schema,"Rmax column parsed from TOP500 downloadable list; if source column is TFlop/s, value converted to PFLOP/s."
obs_08ba86c6436d2b,top500_total_rmax_pflops,Total TOP500 Rmax performance by country,Compute and Data Centers,compute,USA,United States,KOR/USA/CHN,annual,2025,2025-01-01,2025-12-31,2025,6961.33049,6961.33049,PFLOP/s,PFLOP/s,6961.33049,Numeric value parsed; no unit conversion applied.,observed_metric,top500,TOP500 list statistics and current list,https://top500.org/lists/top500/2025/11/download/TOP500_202511.xlsx,,,2026-05-03T04:50:17+00:00,medium_high,Benchmarked HPC only; not all private AI clusters submit.,True,Only observation for indicator/country/period/unit.,5,top500_total_rmax_pflops|USA|2025-01-01|2025-12-31|PFLOP/s,mapped_to_master_schema,"Rmax column parsed from TOP500 downloadable list; if source column is TFlop/s, value converted to PFLOP/s."
obs_01357718c32848,worker_genai_any_use_pct,Workers who have used GenAI in any capacity,Adoption and Industry,worker_adoption,KOR,South Korea,KOR/USA/CHN,annual,2025,2025-01-01,2025-12-31,2025,63.5,63.5,percent,percent,63.5,Percent value preserved.,survey_metric,bok_genai,AI's Rapid Spread and Productivity Effects Based on Household Surveys,https://www.bok.or.kr/portal/bbs/P0002353/view.do?depth=201150&menuNo=200433&nttId=10093071&oldMenuNo=201150&pageIndex=1&pageUnit=10&programType=newsData&searchCnd=1&searchKwd=,,,2026-05-03T04:50:04+00:00,medium_high,Survey; check methodology.,True,Only observation for indicator/country/period/unit.,2,worker_genai_any_use_pct|KOR|2025-01-01|2025-12-31|percent,mapped_to_master_schema,Share of workers using GenAI in any capacity.
obs_97cba56e7a2dba,worker_genai_work_use_pct,Workers using GenAI for work,Adoption and Industry,worker_adoption,KOR,South Korea,KOR/USA/CHN,annual,2025,2025-01-01,2025-12-31,2025,51.8,51.8,percent,percent,51.8,Percent value preserved.,survey_metric,bok_genai,AI's Rapid Spread and Productivity Effects Based on Household Surveys,https://www.bok.or.kr/portal/bbs/P0002353/view.do?depth=201150&menuNo=200433&nttId=10093071&oldMenuNo=201150&pageIndex=1&pageUnit=10&programType=newsData&searchCnd=1&searchKwd=,,,2026-05-03T04:50:04+00:00,medium_high,Survey; check methodology.,True,Only observation for indicator/country/period/unit.,2,worker_genai_work_use_pct|KOR|2025-01-01|2025-12-31|percent,mapped_to_master_schema,Share using GenAI for work.
obs_f01b87e9ec07c8,worker_positive_ai_society_pct,Workers expecting positive AI societal impact,Social Readiness,social_readiness,KOR,South Korea,KOR/USA/CHN,annual,2025,2025-01-01,2025-12-31,2025,48.1,48.1,percent,percent,48.1,Percent value preserved.,survey_metric,bok_genai,AI's Rapid Spread and Productivity Effects Based on Household Surveys,https://www.bok.or.kr/portal/bbs/P0002353/view.do?depth=201150&menuNo=200433&nttId=10093071&oldMenuNo=201150&pageIndex=1&pageUnit=10&programType=newsData&searchCnd=1&searchKwd=,,,2026-05-03T04:50:04+00:00,medium_high,Survey.,True,Only observation for indicator/country/period/unit.,2,worker_positive_ai_society_pct|KOR|2025-01-01|2025-12-31|percent,mapped_to_master_schema,Workers expecting positive societal impact.
obs_a1a46f0775d35d,worker_retraining_intention_pct,Workers reporting retraining/upskilling response to AI,"Talent, Public Sector, and Defense",talent,KOR,South Korea,KOR/USA/CHN,annual,2025,2025-01-01,2025-12-31,2025,33.4,33.4,percent,percent,33.4,Percent value preserved.,survey_metric,bok_genai,AI's Rapid Spread and Productivity Effects Based on Household Surveys,https://www.bok.or.kr/portal/bbs/P0002353/view.do?depth=201150&menuNo=200433&nttId=10093071&oldMenuNo=201150&pageIndex=1&pageUnit=10&programType=newsData&searchCnd=1&searchKwd=,,,2026-05-03T04:50:04+00:00,medium_high,Survey.,True,Only observation for indicator/country/period/unit.,2,worker_retraining_intention_pct|KOR|2025-01-01|2025-12-31|percent,mapped_to_master_schema,Workers preparing through education/training.
